year,city,hotel_name,total_rooms,rooms_used,occupancy_rate,avg_price,room_revenue,food_revenue,total_revenue,employees,individual_guests,group_guests,total_guests,domestic_guests,japan_guests,korea_guests,hk_mo_guests,usa_guests,domestic_ratio,international_ratio,individual_ratio,revpar,star_rank,star_rating,has_star
2023,新北市,福容大飯店    淡水漁人碼頭,2376,44736.0,61.90120381901204,5143.554698676681,230102063,228957167,495627235,151,57192,54656,111848,106662,439,277,656,2182,0.9536335026106859,0.04636649738931409,0.5113368142479079,3183.9222775702233,4.0,四星級,1
2023,新北市,大板根渡假酒店,1140,27717.0,79.93366979091564,6651.534834217267,184360591,183186184,562267733,228,41214,41937,83151,81870,24,51,591,171,0.9845942923115777,0.01540570768842231,0.4956524876429628,5316.81589041096,4.0,四星級,1
2023,新北市,板橋凱撒大飯店,4800,125879.0,86.21849315068492,3835.398819501267,482796168,124096145,608632301,137,237433,24851,262284,144834,10706,42629,21315,5061,0.5522029555748731,0.4477970444251269,0.9052515593783838,3306.82306849315,5.0,五星級,1
2023,新北市,瓏山林台北中和飯店,1512,21275.0,46.26005653402914,2490.01518213866,52975073,31033116,94599838,82,30789,11601,42390,23919,773,1472,2125,1599,0.5642604387827318,0.4357395612172682,0.7263269639065817,1151.8824309632528,3.0,三星級,1
2023,新北市,碧特弗大飯店,660,3454.0,17.20547945205479,2728.832368268674,9425387,2625504,12050894,18,2630,2609,5239,4434,23,19,30,49,0.8463447222752434,0.15365527772475662,0.5020041992746708,469.5086924034868,,無星等/未評鑑,0
2023,新北市,美麗春天大飯店,408,0.0,0.0,,0,0,0,3,0,0,0,0,0,0,0,0,,,,,,無星等/未評鑑,0
2023,新北市,福容大飯店 福隆,2088,29607.0,46.61785545583373,5335.549903738981,157969626,89807411,274577767,114,48959,23109,72068,71229,65,48,167,165,0.988358217239274,0.011641782760726027,0.6793445079647,2487.3189418989136,3.0,三星級,1
2023,新北市,八里福朋喜來登酒店,2097,25136.0,39.22841625569636,4348.250954805856,109297636,120236077,230046876,155,37693,20651,58344,52288,402,267,524,2957,0.8962018373783079,0.10379816262169206,0.6460475798711093,1705.7499843935325,3.0,三星級,1
2023,台北市,圓山大飯店,5676,126262.0,73.13388745692026,3737.45104623719,471898044,878710670,1539462781,535,131510,125557,257067,164502,44083,8562,6338,11748,0.6399187760389314,0.36008122396106856,0.5115786934923581,2733.3432419125957,5.0,五星級,1
2023,台北市,雀客藏居台北陽明山,591,8881.0,49.41025926338044,4921.788875126675,43710407,26023184,80442759,32,16859,1599,18458,16030,129,137,789,271,0.8684581211398852,0.1315418788601148,0.9133708960884169,2431.8686435963054,3.0,三星級,1
2023,台北市,豪景大酒店,2234,30564.0,45.02452749583843,2312.584085852637,70681820,459780,82557292,36,30180,33215,63395,13028,8704,5303,6799,960,0.20550516602255697,0.794494833977443,0.4760627809764177,1041.2300575991044,3.0,三星級,1
2023,台北市,國王大飯店,1164,23477.0,66.30984324247987,1625.709076968948,38166772,8279399,46658193,47,7750,15727,23477,3041,19338,147,163,240,0.1295310303701495,0.8704689696298504,0.3301103207394471,1078.0051405168758,3.0,三星級,1
2023,台北市,台北凱撒大飯店,5736,149911.0,85.92365449647504,3157.359186450627,473322873,202716892,707682230,136,254844,38175,293019,80478,77130,35069,33602,10394,0.27465113183786716,0.7253488681621328,0.8697183459093096,2712.9183985785517,4.0,四星級,1
2023,台北市,兄弟大飯店,3000,54989.0,60.26191780821918,3578.218898325119,196762679,574587743,836811979,450,51606,31337,82943,38678,14374,2704,2809,5673,0.46632024402300376,0.5336797559769962,0.6221863207262819,2156.3033315068487,4.0,四星級,1
2023,台北市,三德大飯店,3444,40950.0,39.091212829936524,2043.856971916972,83695943,23074904,158839605,77,57182,4512,61694,15045,10606,4186,6506,4227,0.24386488151197847,0.7561351184880215,0.9268648490939151,798.9684788315594,3.0,三星級,1
2023,台北市,亞都麗緻大飯店,2628,40337.0,50.46225057859511,4598.497880357984,185489609,175554497,434720361,168,45235,7086,52321,17322,12652,1506,2783,4255,0.33107165382924636,0.6689283461707536,0.8645668087383651,2320.5055232376308,4.0,四星級,1
2023,台北市,國聯大飯店,2916,30535.0,34.42696882575117,2833.729130505977,86527919,3042628,99165193,76,21901,23013,44914,23901,2791,3769,2935,2511,0.5321503317451128,0.46784966825488716,0.4876207863917709,975.5670443655223,4.0,四星級,1
2023,台北市,台北寒舍喜來登大飯店,8256,176104.0,70.12742911755336,4524.117152364512,796715127,1458718958,2509653960,787,232716,63286,296002,102749,44161,15109,16041,53771,0.34712265457665825,0.6528773454233417,0.786197390558172,3172.6470492194967,5.0,五星級,1
2023,台北市,老爺大酒店,2424,63773.0,86.4953207649532,4718.830398444483,300933971,321408745,700483102,220,87829,4221,92050,21458,47670,1449,3348,5260,0.23311243889190658,0.7668875611080934,0.9541444866920152,4081.5674894886747,5.0,五星級,1
2023,台北市,福華大飯店,7272,142379.0,64.36954654369546,4214.013302523546,599987000,531899000,1325268000,505,235351,18128,253479,94690,25016,22949,8515,34162,0.3735615179166716,0.6264384820833284,0.9284832274073986,2712.5412541254127,5.0,五星級,1
2023,台北市,台北君悅酒店,10216,197221.0,63.466947281702744,6642.49385714503,1310039281,1271334393,2885768835,541,270908,69685,340593,126966,10971,15145,10547,103071,0.3727792409121738,0.6272207590878263,0.7954009624390401,4215.7880745045795,5.0,五星級,1
2023,台北市,晶華酒店,6456,152998.0,77.91312318582268,5611.993437822716,858623772,2021355215,3177185566,966,243108,35423,278531,125547,56255,21668,11229,24691,0.4507469545580205,0.5492530454419795,0.8728220557137266,4372.479360391098,5.0,五星級,1
2023,台北市,台北遠東香格里拉,5040,103458.0,67.48727984344423,6400.310164511203,662163289,784048648,1649594886,473,158199,25462,183661,43108,12498,6908,17707,47153,0.2347150456547661,0.7652849543452339,0.8613641437213126,4319.395231572081,5.0,五星級,1
2023,台北市,美麗信花園酒店,2436,54882.0,74.069775288481,2554.805783316935,140212851,36037131,237674711,121,84887,21774,106661,29312,27479,11128,10564,7211,0.2748145995255998,0.7251854004744003,0.7958579049512006,1892.3389027599706,,無星等/未評鑑,0
2023,台北市,台北寒舍艾美酒店,1920,46091.0,78.92294520547945,9611.058102449502,442983279,823025873,1390113884,333,61147,4703,65850,29249,1946,734,5937,13684,0.44417615793470006,0.5558238420652999,0.928580106302202,7585.330119863014,5.0,五星級,1
2023,台北市,台北W飯店,4814,109791.0,74.98360879661249,9296.047809018954,1020622385,477072795,1685702027,393,162109,19977,182086,42371,9738,4386,19718,52728,0.23269773623452655,0.7673022637654734,0.8902881056204212,6970.512122660838,5.0,五星級,1
2023,台北市,台北萬豪酒店,3816,104425.0,89.96726113552167,5907.252171414891,616864808,969169437,1979570365,502,120211,25192,145403,46906,4427,15342,5680,54175,0.3225930689187981,0.6774069310812019,0.8267436022640523,5314.5929869906095,5.0,五星級,1
2023,台北市,台北美福大飯店,1752,33585.0,63.023081253518484,6286.719547417001,211139476,896647962,1198910785,339,60136,6114,66250,38270,3107,8113,2940,7497,0.5776603773584905,0.4223396226415095,0.9077132075471698,3962.084368549446,6.0,卓越五星,1
2023,台北市,JR東日本大飯店台北,3456,83098.0,79.05060882800609,5504.207104864136,457388602,245815064,755053843,249,150827,7759,158586,48326,32932,8004,25456,13721,0.3047305562912237,0.6952694437087763,0.9510738652844514,4351.1092275494675,4.0,四星級,1
2023,台北市,天成大飯店,2700,69683.0,84.84992389649923,3525.768752780449,245686144,342351511,627576934,299,131715,7734,139449,24735,31089,21284,16026,9168,0.17737667534367405,0.8226233246563259,0.9445388636705893,2991.6121035007614,4.0,四星級,1
2023,台北市,第一大飯店,2112,31970.0,49.76650062266501,1794.033656553019,57355256,106697525,413780397,32,7477,50144,57621,13011,17635,629,930,1957,0.22580309262248138,0.7741969073775186,0.12976171881779214,892.8277708592781,4.0,四星級,1
2023,台北市,歐華酒店,1344,17573.0,42.98679060665362,3351.383656746145,58893865,71979672,144632173,98,24747,6992,31739,8936,9009,1456,1751,2239,0.28154636251929804,0.718453637480702,0.7797032042597435,1440.6522749510766,4.0,四星級,1
2023,台北市,福容大飯店  台北一館,1440,26981.0,61.60045662100456,2999.214373077351,80921803,94551175,184491173,81,35574,5607,41181,20293,2066,1537,1937,2084,0.49277579466258714,0.5072242053374129,0.8638449770525243,1847.5297488584474,4.0,四星級,1
2023,台北市,漢普頓酒店,1532,33692.0,72.30508401828443,2312.175828089754,77901828,23327727,121267791,55,48914,14894,63808,25692,17905,4884,3805,2657,0.4026454363089268,0.5973545636910732,0.7665809929789368,1671.8206751507603,,無星等/未評鑑,0
2023,台北市,台北君品大酒店,3432,68067.0,65.20452150589136,4992.039196673865,339793132,560049159,946010245,321,103277,19355,122632,38148,23468,6458,14698,10513,0.311077043512297,0.6889229564877031,0.8421700698023354,3255.0352715777367,5.0,五星級,1
2023,台北市,台北花園大酒店,2892,72280.0,82.16904450633776,2572.004122855561,185904458,258210989,535227843,155,135103,10304,145407,22894,5317,45178,13915,5122,0.15744771572207666,0.8425522842779234,0.9291368366034648,2113.391212414028,4.0,四星級,1
2023,台北市,日勝生加賀屋國際溫泉飯店,1076,12700.0,38.8011365372277,13691.60606299213,173883397,100385019,347643589,128,25708,2642,28350,20710,830,185,3715,1025,0.7305114638447971,0.26948853615520285,0.9068077601410934,5312.498762640923,,無星等/未評鑑,0
2023,台北市,北投麗禧溫泉酒店,792,16242.0,67.42216687422167,15975.48079054304,259473759,122743988,464909649,156,27551,1411,28962,15734,609,1385,5606,1732,0.5432635867688695,0.45673641323113046,0.9512809888819833,10771.015317559157,4.0,四星級,1
2023,台北市,台北艾麗酒店,2820,67382.0,78.55668901194987,6051.94186874833,407791947,263830032,746154372,184,92599,8258,100857,34968,2168,4785,16132,7326,0.34670870638626966,0.6532912936137303,0.9181216970562281,4754.205153016614,5.0,五星級,1
2023,台北市,北投老爺酒店,600,13554.0,74.26849315068493,6403.093477940091,86787529,41277329,147754878,62,28439,1113,29552,20862,438,631,4615,813,0.7059420682187331,0.29405793178126693,0.962337574445046,4755.48104109589,4.0,四星級,1
2023,台北市,雀客旅館台北南京,674,16238.0,79.2020290703346,2718.588742455967,44144444,0,44144444,9,25910,2455,28365,23525,344,414,1182,686,0.8293671778600388,0.17063282213996123,0.9134496738938833,2153.177446102819,,無星等/未評鑑,0
2023,台北市,合尊酒店 S Hotel,1212,14372.0,38.98548758985488,3528.646534929029,50713708,6498165,63426578,58,24788,1305,26093,12065,545,587,2195,1353,0.4623845475798107,0.5376154524201893,0.9499865864408079,1375.6600569646005,,無星等/未評鑑,0
2023,台北市,台北中山雅樂軒酒店,1056,27787.0,86.50996264009963,4446.406377082809,123552294,5009443,143703253,39,41718,0,41718,7108,4949,993,3854,11796,0.17038208926602424,0.8296179107339757,1.0,3846.5844956413453,,無星等/未評鑑,0
2023,台北市,義華酒店,1788,30735.0,56.513744598694494,3330.390954937368,102359566,2097299,116960633,16,40029,4471,44500,16610,1483,2289,2109,12997,0.37325842696629213,0.6267415730337078,0.8995280898876404,1882.1286384113266,,無星等/未評鑑,0
2023,台北市,台北漢來大飯店,848,7295.0,28.20522734302505,6303.812063056888,45986309,98698358,163434988,407,11831,1161,12992,11242,147,516,236,176,0.865301724137931,0.13469827586206895,0.9106373152709359,1778.004523662233,5.0,五星級,1
2023,桃園市,尊爵天際大飯店,3000,53281.0,58.390136986301364,2462.284585499521,131192985,36814188,170562778,81,35417,46175,81592,11652,2171,8252,77,1556,0.1428081184429846,0.8571918815570154,0.4340744190606922,1437.7313424657532,3.0,三星級,1
2023,桃園市,南方莊園渡假飯店,1332,18053.0,44.558805380723186,6107.170774940453,110252754,153651593,301947473,118,33873,13372,47245,46383,44,24,476,41,0.9817546830352418,0.018245316964758174,0.7169647581754683,2721.2823398741207,4.0,四星級,1
2023,桃園市,台北諾富特華航桃園機場飯店,5952,108922.0,60.14467145223633,3529.163529865408,384403550,264774012,674615417,260,135571,8436,144007,67506,9128,2744,1949,14947,0.46876887929059,0.53123112070941,0.9414195143291646,2122.6038100496958,4.0,四星級,1
2023,桃園市,桃園喜來登酒店,2268,27167.0,39.38102486047692,3287.584385467663,89313805,113934578,220242804,147,31733,9126,40859,22273,1164,713,621,7665,0.5451185785261509,0.45488142147384913,0.7766465160674515,1294.6844241501778,4.0,四星級,1
2023,桃園市,名人堂花園大飯店,1536,30294.0,64.8416095890411,5588.424473493101,169295731,267289988,557277724,345,86681,6001,92682,90146,127,43,506,587,0.9726376211130532,0.027362378886946814,0.935251720938262,3623.624379280822,,無星等/未評鑑,0
2023,桃園市,和逸飯店桃園青埔館,2616,60760.0,76.36043735076034,4741.342396313364,288083964,3014024,332033184,113,130359,0,130359,106715,1493,1561,4413,815,0.8186239538505204,0.18137604614947955,1.0,3620.5097901219046,4.0,四星級,1
2023,桃園市,尊爵大飯店,2616,41376.0,51.999497297976625,2691.4375725058,111360921,89015395,207831863,96,26616,31308,57924,13705,2739,12529,875,2000,0.23660313514260065,0.7633968648573993,0.4594986534079138,1399.534007791881,3.0,三星級,1
2023,桃園市,古華花園飯店,3060,76694.0,82.40021488047273,2842.091532584035,217971368,95525729,336480706,170,123921,8053,131974,77776,5529,3690,5620,8081,0.5893282010092897,0.41067179899071027,0.9389804052313334,2341.8895299489654,3.0,三星級,1
2023,桃園市,福容大飯店   桃園,2184,52327.0,78.77013397561343,2384.287518871711,124762613,136398471,263089149,60,48771,11489,60260,24966,2566,4680,3731,1052,0.4143046797212081,0.5856953202787919,0.8093428476601394,1878.1064729790762,3.0,三星級,1
2023,桃園市,福容徠旅 林口,447,5221.0,38.08724832214765,2902.919938709059,15156145,6429,15162574,24,6036,3799,9835,3239,152,1384,375,155,0.329334011184545,0.670665988815455,0.6137264870360956,1105.6423256492556,,無星等/未評鑑,0
2023,台中市,全國大飯店,2136,33912.0,52.19639833769432,2257.109135409295,76543085,58665050,151154369,73,54482,7963,62445,47909,4908,973,1172,1980,0.7672191528545119,0.23278084714548808,0.8724797822083433,1178.129675234724,5.0,五星級,1
2023,台中市,長榮桂冠酒店(台中),4248,91418.0,70.75148982276913,2694.700649762629,246344144,326128427,650124937,246,67073,24345,91418,68267,6193,747,788,2959,0.7467566562383776,0.2532433437616224,0.7336957710735303,1906.5408559709,5.0,五星級,1
2023,台中市,台中福華大飯店,1860,50641.0,89.51126822801591,2971.151320076618,150462074,182028561,370611067,178,88150,7292,95442,66764,3902,1876,1182,2302,0.6995243184342324,0.30047568156576765,0.9235975775863875,2659.515227574017,5.0,五星級,1
2023,台中市,台中金典酒店,2664,63020.0,77.77366407503393,3025.193208505236,190647676,281445887,642106211,268,79284,44984,124268,98399,8223,1809,2095,3293,0.7918289503331509,0.20817104966684907,0.6380081758779412,2352.803603603603,5.0,五星級,1
2023,台中市,通豪大飯店,2712,508.0,0.6158322220875257,2556.885826771654,1298898,177356,1821736,30,660,0,660,648,4,0,3,2,0.9818181818181818,0.018181818181818188,1.0,15.746126803248883,3.0,三星級,1
2023,台中市,龍谷大飯店,2268,18100.0,26.2375878814235,1961.610276243094,35505146,13435224,52796782,40,20316,21668,41984,41682,28,7,160,15,0.9928067835365854,0.007193216463414642,0.4838986280487805,514.6792201203161,,無星等/未評鑑,0
2023,台中市,裕元花園酒店,1788,44963.0,82.67537004688793,3861.00273558259,173602266,336592408,560168287,275,69619,8919,78538,61035,2282,1004,1161,3426,0.7771397285390511,0.2228602714609489,0.8864371387099239,3192.0982991633723,5.0,五星級,1
2023,台中市,台中港酒店,2400,51725.0,70.85616438356165,3175.198337361044,164237134,31004753,210754127,104,76546,5449,81995,46662,8693,2592,617,1090,0.5690834807000427,0.43091651929995733,0.9335447283370937,2249.8237534246578,3.0,三星級,1
2023,台南市,台南大飯店,1824,32771.0,59.06813266041817,2264.091330749748,74196537,114329589,197676018,121,53793,5450,59243,40749,7670,945,1722,1448,0.6878280978343433,0.3121719021656567,0.9080060091487602,1337.3564708002884,3.0,三星級,1
2023,台南市,趣淘漫旅,2376,40677.0,56.28476546284765,3795.945054945055,154407657,32665708,207686741,105,80035,38929,118964,118538,11,2,49,14,0.9964190847651391,0.0035809152348609263,0.6727665512255808,2136.5387712743877,3.0,三星級,1
2023,台南市,台糖長榮酒店(台南),2310,51918.0,73.86782385999858,3030.539928348549,157339572,245292337,416989639,165,87067,20089,107156,97044,2971,814,350,1650,0.9056329090298256,0.09436709097017437,0.8125256635186083,2238.5938962794335,5.0,五星級,1
2023,台南市,台南遠東香格里拉,3960,93784.0,77.86135325861353,4423.095026870255,414815544,281790463,800061570,497,126672,10526,137198,69930,6434,6757,2852,21064,0.5097013075992362,0.49029869240076385,0.9232787649965742,3443.881643835617,5.0,五星級,1
2023,台南市,台南大員皇冠假日酒店,2762,54421.0,64.77996405147067,4303.083295051542,234178096,217077519,497917433,223,78960,21122,100082,86240,308,674,845,3066,0.8616934114026499,0.13830658859735012,0.7889530584920366,2787.5358116392285,5.0,五星級,1
2023,台南市,遠百企業觀光旅館,480,921.0,6.308219178082192,919.8697068403909,847200,0,847200,23,961,0,961,961,0,0,0,0,1.0,0.0,1.0,58.02739726027397,,無星等/未評鑑,0
2023,高雄市,承攜行旅 高雄六合館,3228,27388.0,27.894281203849868,2174.355155542573,59551239,0,59551239,36,59359,9772,69131,60261,2445,618,760,424,0.8716928729513532,0.12830712704864677,0.8586451808884581,606.5207414574525,,無星等/未評鑑,0
2023,高雄市,高雄圓山大飯店,1260,25258.0,65.9047619047619,2826.025378098028,71379749,148076622,240164989,130,43055,17328,60383,55824,1274,543,499,540,0.9244986171604591,0.07550138283954089,0.7130318135899177,1862.4852968036525,5.0,五星級,1
2023,高雄市,高雄國賓大飯店,453,6433.0,45.80930000712098,3370.426239701539,21681952,33473148,56787432,0,12302,2064,14366,12846,448,233,37,164,0.8941946262007517,0.10580537379924826,0.8563274397883892,1543.9686676636047,5.0,五星級,1
2023,高雄市,漢來大飯店,6420,112973.0,57.85328383049545,3801.600948899295,429478264,908440520,1601811658,907,156011,38788,194799,133448,13306,7925,2523,10231,0.6850548514109416,0.3149451485890584,0.8008819347121905,2199.3509870695175,5.0,五星級,1
2023,高雄市,高雄福華大飯店,3252,71361.0,72.14375979376231,2605.202645702835,185909866,274625134,503012589,292,103865,36483,140348,91558,19014,4478,5076,1582,0.652364123464531,0.347635876535469,0.7400532960925699,1879.491138856594,5.0,五星級,1
2023,高雄市,寒軒國際大飯店,4492,85033.0,62.23551024291706,2224.702033328237,189173088,162114195,359838983,202,83594,47656,131250,102906,10924,3227,2493,1266,0.7840457142857142,0.21595428571428577,0.6369066666666666,1384.554661826379,5.0,五星級,1
2023,高雄市,麗尊大酒店,2256,38910.0,56.703584960652876,2626.745052685685,102206650,177025344,289731394,177,61702,10809,72511,57378,6368,1408,1852,1498,0.7913006302492036,0.2086993697507964,0.8509329618954365,1489.4586126493734,3.0,三星級,1
2023,高雄市,義大皇家酒店,7872,120482.0,50.318242565987305,3199.808701714779,385519352,243787103,690087290,392,158711,140592,299303,284937,278,6582,3604,427,0.952001817556122,0.04799818244387799,0.5302686575142915,1610.0875041764116,4.0,四星級,1
2023,高雄市,高雄萬豪酒店,8400,146122.0,57.19060665362036,4943.741777418869,722389436,905152360,1804483848,712,227921,51276,279197,201487,3827,4671,7552,35628,0.7216660637471033,0.2783339362528967,0.8163447314978313,2827.355913894325,5.0,五星級,1
2023,高雄市,福容大飯店 高雄,3000,54007.0,59.18575342465754,2584.717962486344,139592863,53121309,192939597,82,60815,50628,111443,93401,2448,2227,1436,1008,0.8381055786366124,0.1618944213633876,0.5457049792270489,1529.7848,3.0,三星級,1
2023,高雄市,晶英國際行館,1764,18348.0,34.19625384400335,8348.303248310443,153174668,166382837,365598140,229,31812,2756,34568,28434,582,683,1505,1120,0.8225526498495719,0.17744735015042812,0.920273084934043,2854.806970459417,4.0,四星級,1
2023,宜蘭縣,礁溪老爺酒店,2364,52418.0,72.89896391071554,8681.363596474494,455059717,280038111,869200744,321,119440,20094,139534,132696,417,211,2781,1381,0.9509940229621454,0.04900597703785459,0.8559920879498903,6328.624115151938,5.0,五星級,1
2023,宜蘭縣,蘭城晶英酒店,2316,61610.0,87.45830080204415,10315.21368284369,635520315,581855169,1353331546,368,227479,10066,237545,227329,186,4,3653,1249,0.9569934117746112,0.04300658822538883,0.9576248710770591,9021.51061111505,5.0,五星級,1
2023,宜蘭縣,長榮鳳凰酒店(礁溪),2772,41172.0,48.83116883116883,6762.703099193627,278434012,224982340,560778698,257,86149,25024,111173,109237,112,238,751,343,0.9825856997652308,0.017414300234769198,0.7749093754778589,3302.306967917927,5.0,五星級,1
2023,宜蘭縣,綠舞國際觀光飯店,1356,17160.0,41.605043035519465,6898.949883449884,118385980,64555877,236275818,260,31416,20946,52362,52270,0,0,53,2,0.9982430006493258,0.0017569993506741932,0.5999770826171651,2870.311068008244,4.0,四星級,1
2023,宜蘭縣,幼獅大飯店,635,3015.0,15.61043802423113,1405.791044776119,4238460,0,4482600,9,1030,1522,2552,2549,3,0,0,0,0.9988244514106583,0.0011755485893416573,0.4036050156739812,219.45013979496733,3.0,三星級,1
2023,宜蘭縣,山泉大飯店,1752,35647.0,66.89247513604803,1887.678935113754,67290091,19205724,91048226,39,29950,47791,77741,66152,6,3364,5111,6,0.8509280817072072,0.14907191829279276,0.3852535984872847,1262.7151623193843,3.0,三星級,1
2023,宜蘭縣,悅川酒店,1236,27086.0,72.04681473600213,4357.618548327549,118030456,78814483,196844939,98,43976,31866,75842,74635,12,8,600,56,0.9840853353023391,0.015914664697660896,0.5798370296141979,3139.5253624152156,4.0,四星級,1
2023,宜蘭縣,凱渡廣場酒店,3420,25310.0,24.33068973804374,5605.070920584749,141864345,110155909,283877488,151,35585,22967,58552,58298,16,0,50,57,0.9956619756797377,0.0043380243202623125,0.60775037573439,1363.7524152847875,,無星等/未評鑑,0
2023,宜蘭縣,礁溪麒麟酒店,835,9351.0,36.597393448397334,4522.255587637685,42287612,0,42377991,38,21659,1635,23294,21725,60,94,244,39,0.932643599210097,0.06735640078990301,0.9298102515669271,1655.0276701498963,,無星等/未評鑑,0
2023,新竹縣,新竹喜來登大飯店,4629,96279.0,68.37948594115099,3850.164895771663,370690026,472383237,966772012,299,108295,23174,131469,68676,2805,6421,579,27755,0.5223740957944458,0.4776259042055542,0.823730309046239,2632.7229636153147,4.0,四星級,1
2023,新竹縣,豐邑喜來登大飯店,4611,60303.0,42.99709801852419,3840.767524003781,231609804,43265756,300727058,111,66772,14320,81092,41077,1794,4063,374,17627,0.5065481181867508,0.49345188181324917,0.8234104473930844,1651.4185769595504,4.0,四星級,1
2023,苗栗縣,馥藝金鬱金香酒店,2292,44806.0,64.27024313275479,2379.432285854573,106612843,64488359,175659496,96,77790,25117,102907,99219,560,310,468,218,0.9641618160086292,0.03583818399137084,0.755925252898248,1529.2669152979988,3.0,三星級,1
2023,南投縣,涵碧樓大飯店,1152,28483.0,81.287100456621,16808.59256398553,478759142,124895066,678574017,289,48555,9693,58248,50460,1012,151,346,3001,0.8662958384837247,0.1337041615162753,0.8335908529048207,13663.217522831046,5.0,五星級,1
2023,南投縣,雲品溫泉酒店日月潭,2532,46946.0,60.95695643705772,13300.50835001917,624405665,249759216,931340501,304,85774,38303,124077,112168,656,63,1077,5834,0.9040192783513463,0.09598072164865368,0.6912965336041329,8107.58508082841,5.0,五星級,1
2023,南投縣,日月潭力麗溫德姆溫泉酒店,985,4837.0,16.04790816495803,7524.952656605334,36398196,19102710,59873670,171,5676,5645,11321,9440,32,14,51,837,0.8338485999470011,0.1661514000529989,0.5013691370020317,1207.5974917885935,5.0,五星級,1
2023,嘉義縣,阿里山賓館(歷史館),245,2013.0,27.12938005390836,9913.989071038251,19956860,0,19956860,11,3748,1607,5355,5171,14,5,14,53,0.965639589169001,0.034360410830999055,0.699906629318394,2689.603773584906,4.0,四星級,1
2023,嘉義縣,名都觀光渡假大飯店,1164,11094.0,31.33455726592289,1953.821344871101,21675694,19675618,42581734,40,9973,17895,27868,27592,0,276,0,0,0.990096167647481,0.009903832352519015,0.35786565236113105,612.2212681824599,3.0,三星級,1
2023,嘉義縣,阿里山賓館(現代館),1248,22329.0,58.82244467860907,10056.21895293117,224545313,88398882,320313523,98,41954,17980,59934,57191,141,58,293,837,0.9542329896219175,0.04576701037808251,0.7000033370040378,5915.313830347737,4.0,四星級,1
2023,屏東縣,凱撒大飯店,3372,70745.0,68.9757714619997,7562.085080217683,534979709,90748386,658910965,216,143176,41827,185003,173672,890,3057,1855,1725,0.9387523445565747,0.06124765544342525,0.7739117744036583,5216.0065226929255,5.0,五星級,1
2023,屏東縣,墾丁福華渡假飯店,5496,84695.0,50.66399473589759,4309.786173918177,365017340,112032743,494732100,251,137062,77680,214742,207695,702,874,702,1198,0.9671838764657124,0.032816123534287645,0.6382635907274776,2183.5098402823473,5.0,五星級,1
2023,屏東縣,墾丁怡灣渡假酒店,2808,44823.0,52.479803301721105,3704.385003234946,166041649,10129394,186203855,73,68027,37458,105485,54029,12,33,694,212,0.512196046831303,0.48780395316869696,0.6448973787742333,1944.0539632361545,3.0,三星級,1
2023,台東縣,知本老爺大酒店,2184,49048.0,73.83411109438507,5722.946460610015,280699078,133614906,467185117,201,90315,20757,111072,106927,331,36,497,935,0.9626818640161336,0.03731813598386635,0.8131212186689715,4225.486647598977,5.0,五星級,1
2023,台東縣,娜路彎大酒店,3504,50649.0,47.52204916494652,6015.924223577958,304700546,152108118,532267087,182,115138,15611,130749,125931,43,23,276,187,0.9631507697955625,0.03684923020443753,0.8806032933330274,2858.8904672546446,5.0,五星級,1
2023,台東縣,樂樂日暉溫泉酒店,576,7460.0,42.57990867579909,2504.530563002681,18683798,0,18683798,9,14955,0,14955,14955,0,0,0,0,1.0,0.0,1.0,1066.4268264840184,,無星等/未評鑑,0
2023,台東縣,台東桂田喜來登酒店,3480,46046.0,43.50118091639112,4246.827607175434,195549424,180975164,389903771,170,62323,46548,108871,105256,158,51,207,1915,0.9667955653939065,0.03320443460609346,0.5724481266820365,1847.4201606046297,5.0,五星級,1
2023,花蓮縣,東旭觀海酒店,504,1522.0,10.06613756613757,3774.505913272011,5744798,673085,6417883,24,2376,1556,3932,3930,0,2,0,0,0.9994913530010173,0.0005086469989826758,0.6042726347914548,379.9469576719579,,無星等/未評鑑,0
2023,花蓮縣,花蓮翰品酒店,1872,30022.0,52.72567615033369,3210.750816068217,96393161,62217579,162619877,92,76987,8312,85299,80533,714,312,852,547,0.9441259569279827,0.055874043072017265,0.902554543429583,1692.890077274324,,無星等/未評鑑,0
2023,花蓮縣,美侖大飯店,3588,53915.0,49.40211664452284,4697.969971251044,253291051,78320856,351450246,205,103378,38110,141488,133585,351,387,370,2347,0.9441436729616646,0.05585632703833543,0.7306485355648535,2320.896605122097,5.0,五星級,1
2023,花蓮縣,太魯閣晶英酒店,1920,41744.0,71.47945205479452,11401.66294557302,475951018,138916352,683669145,210,77762,36132,113894,104907,155,102,265,3173,0.9210932972764149,0.07890670272358513,0.6827576518517218,8149.84619863014,5.0,五星級,1
2023,花蓮縣,遠雄悅來大飯店,4572,59186.0,42.55995397835545,6153.62862839185,364208664,207828330,655888536,352,115642,43126,158768,156831,121,64,288,430,0.9877998085256475,0.012200191474352473,0.7283709563640028,2618.981512242477,5.0,五星級,1
2023,花蓮縣,瑞穗天合國際觀光酒店,2376,41137.0,56.92126746921268,12726.07433697158,523512520,69846416,613599658,215,74653,39708,114361,112745,84,11,329,481,0.9858693085929644,0.0141306914070356,0.6527837287187066,7243.842811678427,5.0,五星級,1
2023,澎湖縣,澎湖福朋喜來登酒店,3972,63185.0,52.29896949882051,3497.074843712906,220962674,220022880,484805010,208,97793,61277,159070,155561,146,46,104,965,0.9779405293267115,0.022059470673288506,0.6147796567548878,1828.9341058643377,5.0,五星級,1
2023,澎湖縣,寶華大飯店,888,6784.0,25.116623472787857,2231.568838443396,15138963,120870,15283833,15,7242,5740,12982,12703,73,3,64,26,0.9785087043598829,0.021491295640117092,0.5578493298413187,560.4947426878933,,無星等/未評鑑,0
2023,基隆市,長榮桂冠酒店(基隆),1680,40953.0,80.14285714285714,3268.29372695529,133846433,85000694,260303923,88,66452,26328,92780,89015,568,233,496,573,0.9594201336494934,0.04057986635050659,0.7162319465402026,2619.303972602739,5.0,五星級,1
2023,新竹市,新竹老爺大酒店,2496,53358.0,70.28187565858799,3137.594100228644,167415746,177859656,359826256,164,66836,23327,90163,65069,7903,1547,402,6730,0.7216818428845535,0.2783181571154465,0.7412796823530716,2205.1599841938882,4.0,四星級,1
2023,新竹市,新竹國賓大飯店,3084,57600.0,61.403976333884124,3345.844670138889,192720653,386776281,658681148,274,79060,15718,94778,61758,5015,3585,803,7934,0.651606912996687,0.34839308700331295,0.8341598261199856,2054.4816694206065,4.0,四星級,1
2023,嘉義市,耐斯王子大飯店,2940,46715.0,52.239306681576736,2639.584309108423,123308181,129459239,277611269,118,54352,66280,120632,115413,1172,468,103,971,0.9567361894024803,0.043263810597519714,0.4505603819881955,1378.9005423539274,5.0,五星級,1
2023,嘉義市,鈺通大飯店,1440,20642.0,47.12785388127854,1982.703613990892,40926968,56181996,97482222,61,19073,18288,37361,36518,217,63,94,172,0.9774363641230159,0.022563635876984067,0.5105056074516207,934.4056621004565,3.0,三星級,1
2023,金門縣,陸島酒店,564,6342.0,36.96881375692218,1477.152317880795,9368100,1027520,10432176,11,1831,11013,12844,12782,0,0,0,0,0.995172843350981,0.004827156649019004,0.14255683587667392,546.0856893034102,,無星等/未評鑑,0
2024,新北市,福容大飯店    淡水漁人碼頭,2376,43253.0,59.685654357786,5984.8788523339,258863965,190670405,474763292,149,49727,67105,116832,113567,127,187,571,794,0.9720538893453848,0.027946110654615164,0.42562825253355246,3572.114105536241,4.0,四星級,1
2024,新北市,大板根渡假酒店,1140,27096.0,77.92924935289,6229.4777826986,168793930,172000416,519561199,225,38672,42616,81288,79071,75,201,642,399,0.9727266017124299,0.02727339828757014,0.4757405767148903,4854.585274662075,4.0,四星級,1
2024,新北市,板橋凱撒大飯店,4800,128339.0,87.66325136612,4119.1876748299,528652427,125891523,656575163,157,228565,31762,260327,136758,13863,43136,22820,6219,0.5253316021772617,0.4746683978227383,0.8779919101745113,3611.013845628369,5.0,五星級,1
2024,新北市,八里福朋喜來登酒店,2892,39306.0,44.561594449357,3742.9150765786,147119020,454692141,602584284,145,55999,40844,96843,86889,901,474,715,4222,0.8972150800780645,0.1027849199219355,0.5782452009954255,1667.9026370087959,3.0,三星級,1
2024,新北市,瓏山林台北中和飯店,1512,22572.0,48.946135831382,2604.2903597377,58784042,36010485,102133003,80,39901,5263,45164,29896,892,1430,1668,1647,0.6619431405544238,0.3380568594455762,0.8834691347090603,1274.6994969208017,3.0,三星級,1
2024,新北市,碧特弗大飯店,660,2520.0,12.518628912072,2723.1936507937,6862448,2223016,9085464,16,2204,1722,3926,3598,24,24,63,25,0.9164544065206317,0.0835455934793683,0.5613856342333163,340.90650769996915,,無星等/未評鑑,0
2024,新北市,美麗春天大飯店,408,196.0,1.5750562520090001,2516.9183673469,493316,0,493316,5,387,0,387,387,0,0,0,0,1.0,0.0,1.0,39.642880102860204,,無星等/未評鑑,0
2024,新北市,福容大飯店 福隆,2088,30041.0,47.171974122229,4821.0847175527,144830206,78236169,245347808,115,43003,23458,66461,65467,99,47,122,152,0.9850438603090534,0.014956139690946557,0.647041121860941,2274.200835374697,3.0,三星級,1
2024,台北市,圓山大飯店,5676,121341.0,70.091498284407,4265.5328124871,517584017,845437247,1585979163,576,117475,122373,239848,124320,55633,7390,4493,17298,0.5183282745738969,0.48167172542610315,0.4897893665988459,2989.7758580852133,5.0,五星級,1
2024,台北市,雀客藏居台北陽明山,600,8951.0,48.912568306011,3960.7572338286,35452738,23029185,70264128,26,15381,2714,18095,14894,406,241,692,611,0.8231003039513678,0.1768996960486322,0.8500138159712628,1937.308087431686,3.0,三星級,1
2024,台北市,豪景大酒店,2441,48437.0,65.037932192011,2174.0094142907,105302494,430866,109294890,37,64591,44982,109573,21250,19018,17799,9457,1937,0.19393463718251758,0.8060653628174824,0.5894791600120468,1413.930768714321,3.0,三星級,1
2024,台北市,國王大飯店,1164,24380.0,68.672187482395,1622.4038966366,39554207,9662181,49427087,47,7313,17067,24380,2004,21553,115,77,172,0.08219852337981952,0.9178014766201805,0.29995898277276456,1114.1402456199678,3.0,三星級,1
2024,台北市,台北凱撒大飯店,5736,151821.0,86.780643391179,3628.135264555,550827124,219549156,802052971,154,222835,65431,288266,55785,119220,28370,24454,11138,0.19351918020161935,0.8064808197983806,0.7730186702559442,3148.5191256830835,4.0,四星級,1
2024,台北市,兄弟大飯店,3000,57940.0,63.322404371584994,3760.6772695892,217893641,604457877,886567356,450,49817,29361,79178,34742,15656,2087,2902,6176,0.4387835004673015,0.5612164995326985,0.6291772967238374,2381.351267759555,4.0,四星級,1
2024,台北市,三德大飯店,3444,45267.0,43.094190895071,2069.8052444386,93693874,25935130,157846684,81,69406,11863,81269,20656,19836,4461,11256,3836,0.2541682560385879,0.7458317439614122,0.8540279811490236,891.9658231945613,3.0,三星級,1
2024,台北市,亞都麗緻大飯店,2628,40849.0,50.963145944058,4321.9970378712,176549257,176342196,394747216,206,67775,0,67775,21941,19297,1891,3232,4920,0.323732939874585,0.676267060125415,1.0,2202.625658108163,4.0,四星級,1
2024,台北市,國聯大飯店,2910,28911.0,32.573939496366,3031.7640690395,87651331,21553855,130978099,115,30072,18411,48483,27730,2695,1544,773,1278,0.5719530557102489,0.4280469442897511,0.6202586473609306,987.5649935214907,4.0,四星級,1
2024,台北市,台北寒舍喜來登大飯店,8256,190978.0,75.842705553438,5050.864282797,964603959,1539729324,2780258695,788,249073,61803,310876,67011,68965,14895,16560,64864,0.2155553982938535,0.7844446017061465,0.801197261930802,3830.712125905496,5.0,五星級,1
2024,台北市,老爺大酒店,2424,60943.0,82.431152951361,5029.2908455442,306500072,384354593,768860377,225,92867,3218,96085,20489,54718,1284,3357,5128,0.21323827860748296,0.7867617213925171,0.9665088203153458,4145.702429259337,5.0,五星級,1
2024,台北市,福華大飯店,7272,146644.0,66.116611661166,4417.1875494395,647754051,509778916,1354410357,458,243162,23596,266758,87528,31372,28179,8317,37817,0.32811761971524755,0.6718823802847524,0.9115452957362103,2920.4947384082893,5.0,五星級,1
2024,台北市,台北君悅酒店,10200,235486.0,75.694631951141,6018.4377712475,1417257837,1301015763,3302159323,554,291944,100078,392022,125832,18422,27262,13665,138603,0.3209819857048839,0.6790180142951161,0.744713306906245,4555.634320154249,5.0,五星級,1
2024,台北市,晶華酒店,6453,152805.0,77.63811052907,5966.1360361245,911655417,2135057101,3366762102,989,250640,30736,281376,101672,69646,27063,10472,30692,0.36133856476742865,0.6386614352325714,0.8907653815535085,4631.995290041015,5.0,五星級,1
2024,台北市,台北遠東香格里拉,5040,110725.0,72.030314858184,6433.2757281553,712324455,772099885,1694211247,474,157141,26642,183783,34615,12748,6110,13643,57144,0.18834712677451124,0.8116528732254887,0.8550355582398808,4633.9087626853925,5.0,五星級,1
2024,台北市,美麗信花園酒店,2436,69470.0,93.501843925812,2405.6344465237,167119425,59327105,331936188,121,125225,18296,143521,26107,45788,18742,14409,9840,0.18190369353613756,0.8180963064638624,0.8725203977118331,2249.312565614161,,無星等/未評鑑,0
2024,台北市,台北寒舍艾美酒店,1920,47387.0,80.920423497268,9803.4775571359,464557391,826874515,1421389086,348,62172,5036,67208,23311,2072,976,7539,15474,0.34684858945363645,0.6531514105463636,0.9250684442328294,7933.015556693995,5.0,五星級,1
2024,台北市,台北W飯店,4860,92935.0,62.696485191931,9916.8162586754,921619319,563725553,1670230226,412,133479,8436,141915,26069,8506,2745,14918,45107,0.18369446499665293,0.816305535003347,0.9405559665997252,6217.495237131428,5.0,五星級,1
2024,台北市,台北萬豪酒店,3816,97738.0,83.97601127264001,6328.6854242976,618553056,980876612,2027790098,533,114780,21186,135966,31295,6940,16145,5910,44465,0.23016783607666622,0.7698321639233338,0.844181633643705,5314.577585318077,5.0,五星級,1
2024,台北市,台北美福大飯店,1752,36820.0,68.90485814806499,6744.9414720261,248348745,862690837,1202439500,347,63387,4298,67685,31522,4227,8056,2374,11724,0.46571618527000075,0.5342838147299993,0.9364999630641945,4647.592353469591,6.0,卓越五星,1
2024,台北市,JR東日本大飯店台北,3456,85998.0,81.585837887067,5723.1705039652,492181217,318226085,869798922,274,148988,10744,159732,38781,47625,9233,19086,13989,0.2427879197656074,0.7572120802343926,0.9327373350361856,4669.296609365483,4.0,四星級,1
2024,台北市,天成大飯店,2703,72702.0,88.185633536304,3748.9895326126,272559037,377439121,693818759,272,143756,7457,151213,21198,46117,21989,12917,11350,0.14018635963839088,0.8598136403616091,0.9506854569382263,3306.070170544144,4.0,四星級,1
2024,台北市,第一大飯店,2112,26783.0,41.578179334327,1844.0347235186,49388782,40653419,361619876,38,6366,37791,44157,8945,19420,287,993,2295,0.20257263853975588,0.7974273614602441,0.14416740267681227,766.7160643318244,4.0,四星級,1
2024,台北市,歐華酒店,1344,16719.0,40.786007025761,3649.4951253065,61015909,58581342,132476201,102,20350,8523,28873,5320,9991,1101,1134,3106,0.1842551865064247,0.8157448134935753,0.7048107228206283,1488.4833382123145,4.0,四星級,1
2024,台北市,福容大飯店  台北一館,1440,26515.0,60.371129326047004,3180.8031303036,84338995,96971174,191552119,73,35730,5770,41500,22306,2558,1399,2160,3284,0.5374939759036145,0.4625060240963855,0.8609638554216867,1920.2867714025376,4.0,四星級,1
2024,台北市,漢普頓酒店,1452,32072.0,72.42017793433601,2676.0105699676,85825011,48443382,162349934,66,43548,17771,61319,22612,15348,7961,3983,2855,0.3687600906733639,0.6312399093266361,0.710187706909767,1937.9716163121752,,無星等/未評鑑,0
2024,台北市,台北君品大酒店,3405,76537.0,73.70098605654401,4866.5316644237,372469734,505962806,935472547,338,137471,11348,148819,25993,38804,11586,18197,15061,0.17466183753418582,0.8253381624658142,0.9237462958358812,3586.6818234342104,5.0,五星級,1
2024,台北市,台北花園大酒店,2892,74745.0,84.739133392286,2611.5785002341,195202435,275959503,579105308,153,148113,13167,161280,15876,9850,66007,22163,7044,0.0984375,0.9015625,0.918359375,2213.028988957636,4.0,四星級,1
2024,台北市,日勝生加賀屋國際溫泉飯店,1068,12433.0,38.168477927181,11555.773586423,143672933,91612644,311914678,127,24518,3287,27805,19828,1130,167,3541,1115,0.7131091530300305,0.28689084696996947,0.8817838518252112,4410.662890648875,,無星等/未評鑑,0
2024,台北市,北投麗禧溫泉酒店,792,14618.0,60.51498592482199,15938.186482419,232984410,105075379,422347303,162,25159,1170,26329,13994,623,1492,4504,2113,0.5315051843974324,0.46849481560256756,0.9555623077215238,9644.991306507738,4.0,四星級,1
2024,台北市,台北艾麗酒店,2820,68577.0,79.731426578305,6408.2222027794,439456654,261491438,777035425,182,90490,8922,99412,23542,2739,4869,12593,15209,0.2368124572486219,0.7631875427513781,0.9102522834265481,5109.366980583697,5.0,五星級,1
2024,台北市,北投老爺酒店,600,12989.0,70.978142076503,6127.4698591116,79589706,43941225,143526648,65,26754,1146,27900,19785,422,607,4215,958,0.7091397849462365,0.29086021505376347,0.9589247311827958,4349.16426229513,4.0,四星級,1
2024,台北市,雀客旅館台北南京,672,16572.0,80.854800936768,2414.486664253,40012873,0,40092123,19,26119,4909,31028,23672,859,863,1352,190,0.7629238107515792,0.23707618924842078,0.8417880623952559,1952.2283860265732,,無星等/未評鑑,0
2024,台北市,台北敦化美憬閣酒店,707,7636.0,35.494817087343,3976.1771870089,30362089,2340170,36351222,48,13010,65,13075,4719,211,180,1155,628,0.36091778202676866,0.6390822179732314,0.9950286806883365,1411.3368195974692,,無星等/未評鑑,0
2024,台北市,台北中山雅樂軒酒店,1056,26655.0,82.758941877794,4579.5971487526,122069162,5803427,141948926,41,40864,0,40864,5949,6079,971,3277,12184,0.1455804620203602,0.8544195379796398,1.0,3790.0261425732756,,無星等/未評鑑,0
2024,台北市,義華酒店,1788,31445.0,57.661275534529,3518.503164255,110639332,2165751,127943516,18,41430,3423,44853,14500,1679,3511,1831,12428,0.32327826455309566,0.6767217354469044,0.9236840345127416,2028.8138042321966,,無星等/未評鑑,0
2024,台北市,台北漢來大飯店,5088,60093.0,38.723708629756,6082.1557086516,365494983,869472349,1474516606,455,86624,15641,102265,74195,3747,3060,2698,4444,0.7255170390651738,0.27448296093482616,0.8470542218745416,2355.236255026317,5.0,五星級,1
2024,桃園市,尊爵天際大飯店,3000,66871.0,73.08306010929,2552.3086240672,170675430,35854891,208824489,81,40445,51523,91968,11932,3309,2549,0,1610,0.12974077940153098,0.870259220598469,0.4397725295755045,1865.3052459016244,3.0,三星級,1
2024,桃園市,南方莊園渡假飯店,1332,18195.0,44.786589868556995,5512.6871668041,100303343,172091734,309585000,126,31446,13662,45108,44737,26,9,192,16,0.9917752948479206,0.008224705152079403,0.6971268954509178,2468.9445921331267,4.0,四星級,1
2024,桃園市,桃園國際機場凱悅酒店,6192,124424.0,65.883000804846,3215.829309458,400126346,261275983,745031455,261,135161,15610,150771,51840,13204,3520,2509,14011,0.34383269992239884,0.6561673000776012,0.8964655006599412,2118.6848498326876,,無星等/未評鑑,0
2024,桃園市,桃園喜來登酒店,2268,32838.0,47.471593373233,3136.6811316158,103002335,139590715,264876818,142,37495,16569,54064,30625,2143,627,850,10047,0.5664582716780112,0.4335417283219888,0.693529890500148,1489.032512215576,4.0,四星級,1
2024,桃園市,名人堂花園大飯店,1536,23565.0,50.300973360656,5739.1107574793,135242145,198842225,402878555,197,61526,7795,69321,66193,135,98,514,860,0.9548765886239379,0.04512341137606213,0.8875521126354208,2886.8285732582062,,無星等/未評鑑,0
2024,桃園市,和逸飯店桃園青埔館,2616,59336.0,74.367072742768,5085.6682621006,301763212,0,345699641,116,119081,17605,136686,104613,2538,3355,4873,4473,0.7653527062025371,0.23464729379746285,0.8712011471547927,3782.0626159322187,4.0,四星級,1
2024,桃園市,尊爵大飯店,2616,43518.0,54.542036396450996,2750.0187738407,119675317,116776473,245480471,115,30089,36509,66598,13595,4272,6016,1109,1862,0.2041352593170966,0.7958647406829034,0.45180035436499594,1499.91624053743,3.0,三星級,1
2024,桃園市,古華花園飯店,3060,77977.0,83.54976963463,2747.7032971261,214257660,116471909,350834185,172,123565,8720,132285,73342,7153,3106,5946,6345,0.5544241599576671,0.44557584004233286,0.9340817175038743,2295.6997749919897,3.0,三星級,1
2024,桃園市,福容大飯店   桃園,2184,51545.0,77.380952380952,2253.5655640702,116160037,67712938,187783473,66,44922,5649,50571,21609,3069,3107,6550,867,0.42730023135789286,0.5726997686421071,0.8882956635225723,1743.8304960066935,3.0,三星級,1
2024,桃園市,福容徠旅 林口,1788,31431.0,57.635603476730005,2883.5597022048,90633165,15134669,107026733,27,48653,13637,62290,40263,1495,5566,2339,1138,0.6463798362497993,0.35362016375020067,0.781072403275004,1661.957035977535,,無星等/未評鑑,0
2024,台中市,全國大飯店,2136,31535.0,48.405169767299,2168.2802283177,68376717,68031715,157712854,76,49153,8600,57753,43423,5013,802,1012,1762,0.7518743615050301,0.24812563849496994,0.8510899866673592,1049.559725547961,5.0,五星級,1
2024,台中市,長榮桂冠酒店(台中),4248,83335.0,64.31956407644101,2652.6861342773,221061599,307162859,602220883,255,65571,17764,83335,59947,5807,1135,756,3530,0.7193496130077398,0.2806503869922602,0.7868362632747345,1706.1961578833539,5.0,五星級,1
2024,台中市,台中福華大飯店,1860,50430.0,88.89476467477499,2895.1804481459,146003950,197120764,380776795,190,88089,8078,96167,70000,4124,2262,1235,2878,0.7279004232221032,0.27209957677789676,0.9160002911601693,2573.6638462893934,5.0,五星級,1
2024,台中市,台中金典酒店,2664,61237.0,75.366760202826,2838.6629652008,173831204,267661155,604301878,251,67526,50664,118190,92448,6083,2819,1886,2813,0.7821981555123106,0.21780184448768936,0.5713342922413064,2139.4083099493173,5.0,五星級,1
2024,台中市,通豪大飯店,2712,29275.0,35.392185308767,1496.5042869342,43810163,7342114,55584139,59,28780,147,28927,26574,130,129,243,181,0.9186573097797905,0.08134269022020946,0.9949182424724305,529.6455703853942,3.0,三星級,1
2024,台中市,龍谷大飯店,2268,13477.0,19.482753635759,1870.5039697262,25208782,11478573,41924050,36,12959,16742,29701,29404,24,14,162,17,0.9900003366890003,0.009999663310999662,0.4363152755799468,364.4256801688477,,無星等/未評鑑,0
2024,台中市,裕元花園酒店,1788,45266.0,83.00509773719101,3931.4321786772,177960209,375622920,592780918,283,69160,9751,78911,60035,2065,1929,1342,3152,0.7607938056798165,0.23920619432018353,0.8764304089417192,3263.289122382388,5.0,五星級,1
2024,台中市,台中港酒店,2400,54690.0,74.713114754098,2940.3736149205,160809033,38206102,214796022,110,74642,5191,79833,44398,8796,1219,850,2857,0.5561359337617277,0.44386406623827235,0.9349767639948392,2196.844713114773,3.0,三星級,1
2024,台南市,台南大飯店,1824,33737.0,60.643155018693996,2174.0112635978,73344618,123854868,207402821,108,50184,7896,58080,35091,11097,842,1781,1468,0.6041838842975207,0.3958161157024793,0.8640495867768595,1318.389020707482,3.0,三星級,1
2024,台南市,趣淘漫旅,2376,46951.0,64.788596345973,3372.907690997,158361389,34249799,213644508,93,85355,47789,133144,132785,7,0,37,11,0.9973036712131227,0.002696328786877311,0.6410728234092411,2185.2595490423246,3.0,三星級,1
2024,台南市,台糖長榮酒店(台南),2364,54299.0,75.30859060775,2892.0609587654,157036018,248207591,419387244,158,88411,21412,109823,98450,3815,666,562,1798,0.8964424574087395,0.10355754259126049,0.8050317328792693,2177.9703475632045,5.0,五星級,1
2024,台南市,台南遠東香格里拉,3969,83647.0,69.098343728057,4077.6809927433,341085782,286092914,708777426,362,127557,17931,145488,85422,9152,5842,4756,13465,0.5871412075222698,0.41285879247773016,0.876752721873969,2817.6100284994127,5.0,五星級,1
2024,台南市,台南大員皇冠假日酒店,2760,54221.0,64.410786410074,4071.9279061618,220784003,225033696,492321368,225,91122,30999,122121,111573,770,304,828,2824,0.913626648979291,0.08637335102070898,0.7461615938290712,2622.7607864100755,5.0,五星級,1
2024,台南市,遠百企業觀光旅館,496,1080.0,7.1240105540897005,451.11111111111,487200,0,528800,25,920,0,920,920,0,0,0,0,1.0,0.0,1.0,32.13720316622679,,無星等/未評鑑,0
2024,高雄市,承攜行旅 高雄六合館,3228,38435.0,39.038535762894,2306.0864576558,88634433,0,88634433,30,77243,22126,99369,79543,2529,2802,3065,330,0.8004810353329509,0.1995189646670491,0.7773349837474464,900.2623864952149,,無星等/未評鑑,0
2024,高雄市,高雄圓山大飯店,1260,26000.0,67.65547749154301,2744.5251923077,71357655,148761180,242795010,128,31557,25438,56995,50875,2708,417,281,760,0.8926221598385823,0.10737784016141771,0.5536801473813492,1856.8216237314634,5.0,五星級,1
2024,高雄市,漢來大飯店,6420,111442.0,56.913334354732,3948.7985319718,440062006,926885937,1756056413,795,147443,42579,190022,122050,18457,8173,3130,9572,0.6422940501626128,0.35770594983738724,0.7759259454168465,2247.3929114958596,5.0,五星級,1
2024,高雄市,高雄福華大飯店,3252,72387.0,72.981065876233,2621.7486427121,189780519,270366127,503464254,287,110988,25933,136921,78823,22302,6955,8687,2764,0.5756823277656459,0.4243176722343541,0.8105988124538968,1913.3801040469623,5.0,五星級,1
2024,高雄市,寒軒國際大飯店,4452,92597.0,68.193333627915,2226.7876713068,206193858,188765664,404915651,217,89455,52316,141771,106891,12703,3871,3286,1432,0.7539694295730438,0.2460305704269562,0.630982358874523,1518.5207458795253,5.0,五星級,1
2024,高雄市,麗尊大酒店,2256,40311.0,58.584757586326994,2482.7145692243,100080707,175076773,284843067,177,66162,11057,77219,58907,7070,2507,2204,1690,0.7628562918452713,0.23714370815472874,0.8568098524974423,1454.4923119404784,3.0,三星級,1
2024,高雄市,義大皇家酒店,7872,106167.0,44.21856257497,3011.7852816789,319752208,223871269,605232842,383,136862,126286,263148,246164,612,8623,2226,600,0.9354583732348336,0.0645416267651664,0.5200951555778497,1331.768159402921,4.0,四星級,1
2024,高雄市,高雄萬豪酒店,8400,152312.0,59.450429352069,4826.0783588949,735069647,969216437,1883256673,733,204497,55093,259590,166325,4935,6765,7890,45915,0.6407219076235602,0.3592780923764398,0.7877691744674294,2869.1243052303034,5.0,五星級,1
2024,高雄市,福容大飯店 高雄,3000,49477.0,54.073224043715996,2609.1885320452,129094821,54967455,184474671,81,57618,37452,95070,80447,3685,2962,1865,1171,0.8461870200904597,0.15381297990954035,0.6060586935941937,1410.8723606557458,3.0,三星級,1
2024,高雄市,晶英國際行館,1764,21191.0,39.387011635255,7151.1074040866,151539117,158517618,349218250,213,37180,3267,40447,32750,997,792,2020,1070,0.8097015847899721,0.19029841521002788,0.9192276312211042,2816.6075052971705,4.0,四星級,1
2024,宜蘭縣,礁溪老爺酒店,1773,42765.0,78.93862482695,8702.4413188355,372159903,245571462,728016789,304,92614,18050,110664,106367,215,216,1522,1058,0.9611707511024362,0.038829248897563784,0.8368936600881949,6869.587503461034,5.0,五星級,1
2024,宜蘭縣,蘭城晶英酒店,2316,56122.0,79.45015430788001,10392.008392431,583220295,489315725,1195210654,347,202982,6796,209778,201755,117,90,2282,1105,0.9617548074631277,0.03824519253687231,0.9676038478772798,8256.46670347427,5.0,五星級,1
2024,宜蘭縣,長榮鳳凰酒店(礁溪),2772,42773.0,50.591394034017,5734.3270521123,245274371,257250324,553132340,252,89540,25936,115476,111549,158,190,1210,1013,0.9659929335965916,0.03400706640340845,0.7753992171533479,2901.0759941333654,5.0,五星級,1
2024,宜蘭縣,綠舞國際觀光飯店,1356,13799.0,33.36476618792,5964.8911515327,82309533,54109910,183662703,258,24396,16292,40688,40599,0,0,51,0,0.9978126228863547,0.0021873771136452502,0.5995871018482107,1990.171986072814,4.0,四星級,1
2024,宜蘭縣,礁溪麒麟酒店,2004,32615.0,53.360492130493,3674.4146864939,119841035,0,119841035,52,64665,10965,75630,71576,176,705,1300,152,0.9463969324342192,0.053603067565780815,0.8550178500595002,1960.6857596282564,,無星等/未評鑑,0
2024,宜蘭縣,幼獅大飯店,637,2510.0,12.918832672809,1362.1314741036,3418950,0,3622830,8,903,1824,2727,2727,0,0,0,0,1.0,0.0,0.3311331133113311,175.97148592311075,3.0,三星級,1
2024,宜蘭縣,山泉大飯店,1752,30349.0,56.795044539261994,1937.5392599427,58802379,17377010,80188829,41,26052,38946,64998,56662,34,1693,3275,12,0.871749899996923,0.12825010000307702,0.4008123326871596,1100.4262856501437,3.0,三星級,1
2024,宜蘭縣,悅川酒店,1236,22681.0,60.164995490477004,4845.3694281557,109897824,77803952,187701776,99,38372,24523,62895,61489,39,8,513,64,0.9776452818189045,0.022354718181095468,0.610096192066142,2915.2162979468285,4.0,四星級,1
2024,宜蘭縣,凱渡廣場酒店,3420,33907.0,32.505991755345,5904.2397734981,200195058,180489668,414040528,160,42884,41799,84683,84103,43,3,134,120,0.9931509275769635,0.006849072423036451,0.5064062444646505,1919.2316939890925,,無星等/未評鑑,0
2024,新竹縣,新竹喜來登大飯店,4632,108714.0,76.951499193069,3910.0049303678,425072276,520632361,1086445431,326,115467,18310,133777,53081,3444,7522,474,33247,0.3967871906232013,0.6032128093767988,0.8631304334825867,3008.807412440936,4.0,四星級,1
2024,新竹縣,豐邑喜來登大飯店,4608,72476.0,51.568192167576996,3910.0049257685,283381517,41979811,355141224,103,76979,12203,89182,35387,2298,5014,316,22165,0.39679531744073915,0.6032046825592609,0.8631674553160952,2016.3188538820264,4.0,四星級,1
2024,苗栗縣,馥藝金鬱金香酒店,2292,44884.0,64.20621978084901,2512.6328758578,112777014,69465126,187900532,100,69987,22992,92979,88003,855,461,229,184,0.9464825390679615,0.05351746093203846,0.7527183557577517,1613.2665865591262,3.0,三星級,1
2024,南投縣,涵碧樓大飯店,1152,28886.0,82.211976320583,16204.680087239,468088389,90303196,623721109,298,48502,9080,57582,47644,1505,128,381,3700,0.8274113438227224,0.1725886561772776,0.8423118335590983,13322.187756147156,5.0,五星級,1
2024,南投縣,雲品溫泉酒店日月潭,2484,51952.0,68.572635358095,12322.757911149,640191919,253538096,966962669,336,84577,49804,134381,118704,888,89,1267,7890,0.8833391625304172,0.11666083746958278,0.6293821299141992,8450.039848473009,5.0,五星級,1
2024,南投縣,日月潭力麗溫德姆溫泉酒店,2370,21448.0,29.672670927755,7715.335462514,165478515,75178809,253630795,203,24509,22549,47058,43153,77,71,381,1078,0.9170172978027116,0.08298270219728843,0.5208253644438777,2289.3461027641633,5.0,五星級,1
2024,南投縣,漢來日月行館,279,1703.0,19.904160822814,19530.038755138,33259656,19201780,55305413,193,2603,899,3502,3356,4,0,18,45,0.9583095374071959,0.04169046259280407,0.7432895488292405,3887.2903225805685,,無星等/未評鑑,0
2024,嘉義縣,名都觀光渡假大飯店,1164,8079.0,22.756464424539,1710.833890333,13821827,12863658,27097870,41,4206,14928,19134,19134,0,0,0,0,1.0,0.0,0.2198181248040138,389.32530561658575,3.0,三星級,1
2024,嘉義縣,阿里山賓館(現代館),1248,19070.0,50.099831862127,10417.74902989,198666474,89258086,294851323,115,34250,14676,48926,45101,155,59,296,1260,0.9218207088255733,0.07817929117442668,0.7000367902546704,5219.274747793256,4.0,四星級,1
2024,嘉義縣,阿里山賓館(歷史館),385,3560.0,30.362473347548004,10819.402808989,38517074,0,38517074,11,6588,2824,9412,8661,28,11,60,252,0.9202082447938802,0.07979175520611981,0.6999575010624735,3285.0382942431447,4.0,四星級,1
2024,屏東縣,凱撒大飯店,3372,62882.0,61.141901483771996,6626.0442256926,416658913,81898109,535166798,221,140535,19336,159871,146850,764,3652,1733,2115,0.9185530834235102,0.08144691657648984,0.8790524860668915,4051.2894327441322,5.0,五星級,1
2024,屏東縣,墾丁福華渡假飯店,5496,74394.0,44.380413773355,3722.3618974648,276921391,104187472,393051405,244,115811,99088,214899,204531,809,1460,886,1482,0.951754079823545,0.048245920176455015,0.5389089758444665,1651.9996122365867,5.0,五星級,1
2024,屏東縣,墾丁怡灣渡假酒店,2808,42205.0,49.279575918919996,3264.5584646369,137780690,34490811,181532159,89,51815,35509,87324,51685,10,35,93,73,0.5918762310475929,0.4081237689524071,0.593364939764555,1608.7605669982702,3.0,三星級,1
2024,台東縣,知本老爺大酒店,2184,39567.0,59.399207350027,5227.2013546642,206824676,107284142,352572419,202,71852,15431,87283,83684,253,11,208,1665,0.9587663118820389,0.04123368811796113,0.8232072683111259,3104.9161712604086,5.0,五星級,1
2024,台東縣,娜路彎大酒店,3504,50248.0,47.016992289842,5301.8139826461,266405549,150895681,450863574,178,118672,14392,133064,122894,84,22,205,529,0.9235706126375278,0.07642938736247218,0.8918415198701377,2492.753471442482,5.0,五星級,1
2024,台東縣,樂樂日暉溫泉酒店,576,4957.0,28.216074681239,2503.8597942304,12411633,0,12411633,9,9946,0,9946,9946,0,0,0,0,1.0,0.0,1.0,706.4909494535668,,無星等/未評鑑,0
2024,台東縣,台東桂田喜來登酒店,3480,40485.0,38.143018654607005,3738.518636532,151353927,162109669,330705640,159,53768,33554,87322,84084,173,72,192,1770,0.9629188520647718,0.03708114793522821,0.6157440278509425,1425.98386093836,5.0,五星級,1
2024,花蓮縣,花蓮翰品酒店,312,5415.0,57.852564102563996,2898.4845798707,15695294,17237429,33789864,0,14267,1246,15513,14759,150,37,91,135,0.9513956036872301,0.048604396312769915,0.9196802681621865,1676.8476495726295,,無星等/未評鑑,0
2024,花蓮縣,美侖大飯店,3588,31983.0,29.225834749712,3338.1949473158,106765489,62532594,183596239,170,64974,15829,80803,76467,264,103,184,1120,0.9463386260411123,0.053661373958887704,0.8041038080269297,975.6153389257513,5.0,五星級,1
2024,花蓮縣,太魯閣晶英酒店,640,10259.0,52.556352459016,11058.0942587,113444989,33882907,164126042,154,20846,7029,27875,24375,72,101,94,1149,0.874439461883408,0.12556053811659196,0.7478385650224215,5811.730993852585,5.0,五星級,1
2024,花蓮縣,遠雄悅來大飯店,4572,37528.0,26.912209744274,4362.2533574931,163706644,145222452,354975429,323,79017,14918,93935,92207,78,88,175,341,0.9816043008463299,0.01839569915367012,0.8411880555703412,1173.978773145178,5.0,五星級,1
2024,花蓮縣,瑞穗天合國際觀光酒店,2376,35413.0,48.867086162168,9663.1284274137,342200367,59443658,421623389,188,61819,30995,92814,88563,34,25,127,436,0.9541987200206865,0.04580127997931349,0.6660525351778827,4722.089294585203,5.0,五星級,1
2024,澎湖縣,澎湖福朋喜來登酒店,3972,63927.0,52.768560249616,3055.4071831933,195323015,219704350,454563693,200,92318,58486,150804,142057,121,40,122,6332,0.9419975597464258,0.05800244025357415,0.6121720909259701,1612.294380334452,5.0,五星級,1
2024,澎湖縣,寶華大飯店,888,6581.0,24.298478806676,1953.8521501292,12858301,77805,13014356,16,7567,6385,13952,13686,38,10,70,2,0.9809346330275229,0.01906536697247707,0.5423595183486238,474.756350612927,,無星等/未評鑑,0
2024,基隆市,長榮桂冠酒店(基隆),1680,42126.0,82.213114754098,3217.7655367232,135551591,83353303,258977257,95,56750,33685,90435,84775,651,206,321,838,0.9374136119865096,0.06258638801349037,0.6275225299939183,2645.425273224062,5.0,五星級,1
2024,新竹市,新竹老爺大酒店,2496,58684.0,77.0859604876,3118.8374003135,183025854,181165467,378224250,178,74797,14343,89140,61197,8459,1288,260,7117,0.6865268117567871,0.3134731882432129,0.8390958043527036,2404.1857660781557,4.0,四星級,1
2024,新竹市,新竹國賓大飯店,3084,61946.0,65.856562692692,3410.2849255803,211253510,404731422,698471417,282,82891,15983,98874,59277,8333,3808,895,8007,0.5995206019782754,0.4004793980217246,0.8383498189615065,2245.8964300142147,4.0,四星級,1
2024,嘉義市,耐斯王子大飯店,2940,40293.0,44.934760789562,2510.8183555456,101168404,124869595,248209118,108,42052,58361,100413,93806,1131,1477,194,888,0.9342017467857747,0.06579825321422528,0.4187903956658998,1128.2302219248295,5.0,五星級,1
2024,嘉義市,鈺通大飯店,1440,17615.0,40.107012750455,1999.24507522,35216702,51839969,87709656,66,15796,17675,33471,30848,435,1694,78,183,0.9216336530130561,0.07836634698694389,0.47193092527859937,801.837477231329,3.0,三星級,1
2024,金門縣,陸島酒店,564,5868.0,34.1123125218,1428.1923994547,8380633,921200,9338228,13,586,10929,11515,8583,0,0,213,0,0.7453755970473296,0.2546244029526704,0.050890143291359095,487.18945471458153,,無星等/未評鑑,0
2025,未知,國際Internation,4736265,,65.91,4819.0,22825190508,22359078044,50837999813,18253,6882183,2051687,8933870,5255929,919355,358631,266594,835752,0.5883149183948277,0.41168508160517225,0.7703473410739131,3176.2028999999998,,無星等/未評鑑,0
2025,未知,一般Standard,1538006,,59.3,4045.0,6220831298,4913808223,12620776624,4578,2168885,654651,2823536,1712358,196611,174478,105121,156763,0.6064587099296769,0.3935412900703231,0.7681449784950501,2398.685,,無星等/未評鑑,0
2025,未知,小計SubTotal,6274271,,64.15,4629.0,29046021806,27272886267,63458776437,22831,9051068,2706338,11757406,6968287,1115966,533109,371715,992515,0.5926721421374749,0.4073278578625251,0.7698184446467189,2969.5035000000003,,無星等/未評鑑,0
2025,新北市,"福容大飯店    淡水漁人碼頭
Fullon Hotel Tamsui Fisherman’s Wharf",43506,,60.199999999999996,5209.0,226604058,224919396,492142732,138,49317,68449,117766,114200,270,362,545,556,0.9697196134707811,0.03028038652921894,0.4187711223952584,3135.8179999999998,4.0,四星級,1
2025,新北市,"大板根渡假酒店
The Great Roots Resort Hotel",26396,,76.12,6536.0,172519673,170878457,517795477,212,39239,39949,79188,77025,114,186,498,393,0.9726852553417185,0.027314744658281542,0.4955169975248775,4975.2032,4.0,四星級,1
2025,新北市,"板橋凱撒大飯店
Caesar Park Hotel Banqiao",136946,,93.8,3865.0,529250483,165767064,696760028,149,202038,72782,274820,108310,25753,47361,27419,10884,0.39411251000654973,0.6058874899934503,0.7351648351648352,3625.37,5.0,五星級,1
2025,新北市,"八里福朋喜來登酒店
Four Points by Sheraton Taipei Bali",37112,,42.19,3987.0,147970882,216584766,365606895,142,50012,39700,89712,81413,821,530,503,4146,0.9074928660602818,0.09250713393971821,0.5574728018548243,1682.1153,3.0,三星級,1
2025,新北市,"瓏山林台北中和飯店
*RSL Hotel Taipei Zhonghe",26296,,57.18,2553.0,67137948,35193917,109158711,77,41907,8712,50619,31817,853,3758,1649,1620,0.6285584464331575,0.3714415535668425,0.8278907129733895,1459.8054000000002,3.0,三星級,1
2025,新北市,"碧特弗大飯店
*Beautiful  Hotel",2665,,13.28,2785.0,7423013,2143590,9566605,12,1969,2280,4249,3970,16,20,35,34,0.934337491174394,0.06566250882560598,0.4634031536832196,369.84799999999996,,無星等/未評鑑,0
2025,新北市,"美麗春天大飯店
*Beautiful Hotel",281,,2.26,2676.0,751892,0,751892,5,442,80,522,522,0,0,0,0,1.0,0.0,0.8467432950191571,60.477599999999995,,無星等/未評鑑,0
2025,新北市,"福容大飯店 福隆
*Fulong Beach Resort Hotel",29947,,47.15,5113.0,153132737,78184018,267709759,112,29590,18630,48220,47360,66,14,42,40,0.9821650767316467,0.017834923268353342,0.6136457901285773,2410.7794999999996,3.0,三星級,1
2025,台北市,"圓山大飯店
The Grand Hotel",125134,,72.48,4478.0,560321611,876920411,1623341587,542,132074,114938,247012,120870,64078,6420,4796,20277,0.4893284536783638,0.5106715463216362,0.5346865739316309,3245.6544,5.0,五星級,1
2025,台北市,"雀客藏居台北陽明山
CHECK inn Select Taipei Yangmingshan",10596,,58.06,3478.0,36854841,18400673,66102798,22,20552,1516,22068,18651,109,99,1547,324,0.8451604132680804,0.15483958673191955,0.9313032445169476,2019.3268000000003,3.0,三星級,1
2025,台北市,"豪景大酒店
Hotel  Riverview  Taipei",44263,,58.02,2275.0,100689435,1039550,105123413,48,57305,41004,98309,19343,19254,13199,8114,2386,0.1967571636371034,0.8032428363628966,0.5829069566367271,1319.955,3.0,三星級,1
2025,台北市,"國王大飯店
Emperor  Hotel",24299,,68.63,1651.0,40114033,9817074,50088828,47,7289,17010,24299,1515,22201,59,65,127,0.062348244783735955,0.9376517552162641,0.2999711922301329,1133.0812999999998,3.0,三星級,1
2025,台北市,"台北凱撒大飯店
Caesar Park Taipei",158602,,90.91,3497.0,554637446,244867650,830621750,151,219678,85606,305284,54381,135074,26248,23142,13316,0.17813249302289016,0.8218675069771099,0.7195856972523945,3179.1226999999994,5.0,五星級,1
2025,台北市,"兄弟大飯店
Brother  Hotel",53970,,59.150000000000006,3966.0,214039140,599500357,877215095,450,45408,28578,73986,31837,14880,2319,2539,5118,0.43031113994539505,0.569688860054605,0.6137377341659233,2345.889,4.0,四星級,1
2025,台北市,"三德大飯店
Santos   Hotel",50238,,54.400000000000006,2028.0,101870164,24883976,175430746,79,66965,20762,87727,20771,32091,4351,9814,2398,0.23676861171589134,0.7632313882841086,0.7633339792766195,1103.2320000000002,3.0,三星級,1
2025,台北市,"亞都麗緻大飯店
The  Landis  Taipei",44232,,55.33,4290.0,189757305,188047191,420701358,204,77483,0,77483,19106,23093,5266,4848,5025,0.24658312145890066,0.7534168785410993,1.0,2373.6569999999997,4.0,四星級,1
2025,台北市,"國聯大飯店
United  Hotel",43247,,50.4,3403.0,147168629,46314716,208008341,124,56028,16716,72744,28753,7114,2809,2434,1364,0.3952628395469042,0.6047371604530958,0.7702078521939953,1715.1119999999999,4.0,四星級,1
2025,台北市,"台北寒舍喜來登大飯店
Sheraton Grand Taipei  Hotel",192790,,76.77,5162.0,995127308,1562009415,2832735811,803,226540,73020,299560,56666,60273,11377,12854,75161,0.18916410735745762,0.8108358926425424,0.7562424889838429,3962.8674,5.0,五星級,1
2025,台北市,"老爺大酒店
Hotel  Royal-Nikko  Taipei",64093,,86.93,5246.0,336263769,393080929,810553846,229,102667,4137,106804,16852,67804,1611,3689,4613,0.15778435264596832,0.8422156473540316,0.9612654956743193,4560.3478000000005,5.0,五星級,1
2025,台北市,"福華大飯店
Howard  Plaza  Hotel",142995,,64.65,4547.0,650258736,503776554,1345203365,475,238035,20421,258456,81023,30638,24232,9555,42207,0.3134885628501563,0.6865114371498438,0.9209884854675457,2939.6355000000003,5.0,五星級,1
2025,台北市,"台北君悅酒店
Grand Hyatt Taipei",244368,,78.76,6023.0,1471878190,1304260245,3134836236,573,291869,112666,404535,109983,20300,32929,12202,153881,0.271875115873781,0.728124884126219,0.7214925778980805,4743.714800000001,5.0,五星級,1
2025,台北市,"晶華酒店
Regent Taipei",157982,,80.48,6302.0,995535393,2236738137,3563295877,977,248176,40708,288884,100839,74500,22005,11285,36297,0.34906398415973194,0.6509360158402681,0.8590853075975132,5071.8496000000005,5.0,五星級,1
2025,台北市,"台北遠東香格里拉
Shangri-La Far Eastern Taipei",113671,,74.15,6576.0,747511602,692171629,1642466584,479,156031,27675,183706,28557,12163,6113,10991,67133,0.15544946817197042,0.8445505318280295,0.8493516814910781,4876.104,5.0,五星級,1
2025,台北市,"美麗信花園酒店
Miramar Garden Taipei",70361,,94.96,2447.0,172186091,76713417,357732964,76,134206,13325,147531,26701,44889,18010,11224,12273,0.18098569114287844,0.8190143088571216,0.9096799994577411,2323.6711999999998,,無星等/未評鑑,0
2025,台北市,"台北寒舍艾美酒店
Le Meridien Taipei",49920,,85.48,9562.0,477316590,825734507,1437311817,340,67361,3442,70803,18341,2912,1185,7687,18649,0.25904269593096335,0.7409573040690367,0.9513862406960157,8173.5976,5.0,五星級,1
2025,台北市,"台北W飯店
W Taipei",115851,,78.37,9574.0,1109109191,559747880,1877713255,389,156530,25742,182272,31668,10960,3786,16869,63033,0.1737403441011236,0.8262596558988764,0.8587715063202247,7503.1438,5.0,五星級,1
2025,台北市,"台北萬豪酒店
Taipei Marriott Hotel",100715,,86.77,6524.0,657071094,924034459,2008157734,566,119479,18475,137954,31541,6680,17033,5521,42317,0.22863418240862896,0.771365817591371,0.8660785479217711,5660.8748,5.0,五星級,1
2025,台北市,"台北美福大飯店
Grand Mayfull Hotel Taipei",33766,,63.35999999999999,7073.0,238843497,834292324,1163382376,354,57943,3472,61415,30106,3637,5886,2496,9588,0.490205975738826,0.509794024261174,0.9434665798257754,4481.4528,6.0,卓越五星,1
2025,台北市,"JR東日本大飯店台北
Hotel Metropolitan Premier Taipei",87309,,83.06,5830.0,509031776,352461556,924133552,277,151486,10566,162052,39755,53988,9879,13782,15998,0.24532248907758003,0.75467751092242,0.9347987065880088,4842.398,4.0,四星級,1
2025,台北市,"天成大飯店
*Cosmos  Hotel  TAIPEI",74829,,91.01,3901.0,291923491,343295858,675301874,267,147745,5657,153402,19547,49497,20926,10479,14003,0.12742337127286477,0.8725766287271353,0.9631230362055253,3550.3001,4.0,四星級,1
2025,台北市,"第一大飯店
*First  Hotel",26915,,41.9,1904.0,51252396,33233016,376914945,38,5006,41903,46909,9947,19562,814,922,1150,0.2120488605598073,0.7879511394401927,0.10671726107996334,797.776,4.0,四星級,1
2025,台北市,"歐華酒店
*The Riviera Hotel",17332,,42.4,3708.0,64273953,59782665,136961972,104,19882,10867,30749,6696,9496,1025,968,2572,0.21776317929038344,0.7822368207096165,0.6465901330124557,1572.1919999999998,4.0,四星級,1
2025,台北市,"福容大飯店  台北一館
*Fullon  Hotel  TaipeiCentral",25737,,58.76,3293.0,84741445,104798083,200603297,83,33605,6723,40328,24248,2094,1564,1553,2640,0.601269589367189,0.398730410632811,0.8332920055544535,1934.9668,4.0,四星級,1
2025,台北市,"漢普頓酒店
*HAMP COURT PALACE",35661,,80.74,2707.0,96547340,69242488,197373315,70,46975,19441,66416,24534,14664,12474,2715,2554,0.36939894001445434,0.6306010599855456,0.7072843893037822,2185.6318,,無星等/未評鑑,0
2025,台北市,"台北君品大酒店
*Palais De Chine Hotel Taipei",72454,,69.41,4990.0,361565056,495448418,930945092,295,130906,6516,137422,26384,32398,11002,13089,17270,0.19199254850024014,0.8080074514997598,0.9525840112936793,3463.5589999999997,5.0,五星級,1
2025,台北市,"台北花園大酒店
*Taipei Garden Hotel",76482,,86.95,2652.0,202797207,277264363,590096860,152,148308,6930,155238,14735,8619,70336,20613,6732,0.09491876988881588,0.9050812301111841,0.9553588683183242,2305.9139999999998,4.0,四星級,1
2025,台北市,"日勝生加賀屋國際溫泉飯店
*Radium-Kagaya",11534,,35.51,11358.0,130998974,78039481,278532602,126,21466,3291,24757,18143,1256,138,2683,962,0.7328432362564123,0.26715676374358766,0.8670678999878823,4033.2257999999997,,無星等/未評鑑,0
2025,台北市,"北投麗禧溫泉酒店
*Grand View Resort Beitou",12890,,53.510000000000005,15938.0,205443287,90975329,376430432,145,25508,458,25966,14531,690,1381,3381,2262,0.5596164214742355,0.4403835785257645,0.9823615497188631,8528.4238,4.0,四星級,1
2025,台北市,"台北艾麗酒店
*Humble House Taipei",69138,,80.6,6459.0,446544222,245460413,766688989,181,89752,9296,99048,22390,2737,5981,11000,16036,0.22605201518455698,0.773947984815443,0.9061465148210969,5205.954,5.0,五星級,1
2025,台北市,"北投老爺酒店
*Hotel Royal Beitou",12973,,71.08,6164.0,79961252,45956167,147545890,61,26624,1230,27854,21793,324,438,2743,809,0.7824010914051842,0.2175989085948158,0.9558411718245136,4381.3712,4.0,四星級,1
2025,台北市,"雀客旅館台北南京
*CHECK inn Taipei Nanjing",17796,,87.06,2630.0,46803283,0,46803283,9,31978,1231,33209,24533,1813,1964,1082,564,0.7387455207925563,0.2612544792074437,0.9629317353729411,2289.6780000000003,,無星等/未評鑑,0
2025,台北市,"台北中山雅樂軒酒店
*Aloft Taipei Zhongshan",27455,,85.48,4818.0,132266385,6478251,153706343,35,41925,0,41925,5532,6966,1006,3641,11791,0.1319499105545617,0.8680500894454383,1.0,4118.4264,,無星等/未評鑑,0
2025,台北市,"義華酒店
*YIHUA Hotel",30337,,55.779999999999994,3857.0,117003621,2807841,133681976,18,37339,5078,42417,12822,2093,3404,1783,11196,0.3022844614187708,0.6977155385812293,0.8802838484569866,2151.4345999999996,,無星等/未評鑑,0
2025,台北市,"台北漢來大飯店
*GRAND HILAI TAIPEI",87491,,56.53,5359.0,468897351,1007907814,1699223093,470,136077,23352,159429,118704,4576,3759,5708,6681,0.7445571382872627,0.25544286171273733,0.8535272754643133,3029.4427,5.0,五星級,1
2025,桃園市,"尊爵天際大飯店
Ｍonarch-Skyline Hotel",72217,,79.14,2623.0,189410128,34718537,226226248,82,42489,46232,88721,13242,3171,114,0,1332,0.1492544042560386,0.8507455957439614,0.4789057832982045,2075.8422,3.0,三星級,1
2025,桃園市,"南方莊園渡假飯店
South  Gardens  Resort",17443,,43.05,5739.0,100096701,139461509,273952248,96,30280,13695,43975,43656,61,8,132,42,0.9927458783399659,0.007254121660034141,0.6885730528709494,2470.6394999999998,4.0,四星級,1
2025,桃園市,"桃園國際機場凱悅酒店
Hyatt Regency Taoyuan International Airport",109723,,63.14999999999999,3430.0,376370767,274391433,709597975,265,154648,13696,168344,66150,10586,6361,2641,26788,0.39294539751936514,0.6070546024806349,0.9186427790714252,2166.0449999999996,,無星等/未評鑑,0
2025,桃園市,"桃園喜來登酒店
SHERATON TAOYUAN HOTEL",34351,,49.79,3222.0,110694320,156612292,291142487,169,43463,17044,60507,39507,2293,879,723,9222,0.6529327185284347,0.3470672814715653,0.7183135835523162,1604.2338,4.0,四星級,1
2025,桃園市,"名人堂花園大飯店
Fame Hall Garden Hotel",21033,,45.02,5668.0,119213483,162829889,330343168,184,46596,14533,61129,58786,97,24,330,697,0.9616712198792717,0.03832878012072827,0.7622568666263149,2551.7336,,無星等/未評鑑,0
2025,桃園市,"和逸飯店桃園青埔館
Cozzi Blu",59725,,75.06,5050.0,301588144,0,344569871,108,108704,30435,139139,104384,2538,2566,3711,6143,0.7502138149620164,0.24978618503798355,0.7812619035640619,3790.53,4.0,四星級,1
2025,桃園市,"尊爵大飯店
*Monarch  Plaza  Hotel",50625,,63.62,2711.0,137255028,126838885,273759782,109,48533,34300,82833,20508,6688,9492,1373,2858,0.2475824852413893,0.7524175147586107,0.5859138266149965,1724.7382,3.0,三星級,1
2025,桃園市,"古華花園飯店
*Hotel  Kuva  Chateau",83530,,89.74,2596.0,216814229,107790431,354738053,169,124027,7149,131176,75364,5983,2665,4275,6703,0.5745258278953467,0.4254741721046533,0.9455007013478075,2329.6504,3.0,三星級,1
2025,桃園市,"福容大飯店   桃園
*Fullon  Hotel   Taoyuan",47144,,70.97,2304.0,108602458,67785188,179566484,65,40184,5824,46008,19231,4058,3273,2981,2222,0.4179925230394714,0.5820074769605286,0.8734133194227091,1635.1488,3.0,三星級,1
2025,桃園市,"福容徠旅 林口
*FULLON POSHOTEL LINKOU",46623,,85.73,2698.0,125785674,0,126946696,27,74080,12357,86437,55225,6226,4384,1797,1027,0.6389046357462661,0.3610953642537339,0.8570403877968925,2312.9954000000002,,無星等/未評鑑,0
2025,台中市,"全國大飯店
Hotel  National",33096,,50.94,2491.0,82435692,69336770,177840267,74,51876,7065,58941,45998,5381,801,935,1404,0.780407526170238,0.219592473829762,0.8801343716597954,1268.9153999999999,5.0,五星級,1
2025,台中市,"長榮桂冠酒店(台中)
Evergreen  Laurel  Hotel (Taichung)",73692,,57.03,2625.0,193431902,340738035,604400483,232,51508,22184,73692,50960,5966,1678,516,2955,0.6915268957281658,0.30847310427183416,0.698963252456169,1497.0375,5.0,五星級,1
2025,台中市,"台中福華大飯店
Howard  Prince  Hotel  Taichung",49666,,87.79,3082.0,153085114,198243862,391760121,193,84503,9235,93738,62715,5383,1825,582,3694,0.6690456378416437,0.3309543621583563,0.9014807228658601,2705.6878,5.0,五星級,1
2025,台中市,"台中金典酒店
The Splendor Hotel Taichung",59552,,73.47,3024.0,180086081,264636896,603728445,254,72782,44260,117042,88636,7532,4080,2004,3134,0.7573007980041353,0.2426992019958647,0.6218451496044155,2221.7327999999998,5.0,五星級,1
2025,台中市,"通豪大飯店
Plaza International Hotel",39375,,47.68,1743.0,68625386,15131742,88975711,67,33507,899,34406,32182,210,189,224,185,0.9353601116084403,0.06463988839155965,0.973870836482009,831.0624,3.0,三星級,1
2025,台中市,"龍谷大飯店
*Dragon  Valley  Hotel",13303,,19.28,2078.0,27646238,11856883,44732457,33,12714,17653,30367,30180,23,22,53,24,0.9938419995389732,0.006158000461026769,0.4186781703823229,400.63840000000005,,無星等/未評鑑,0
2025,台中市,"裕元花園酒店
*Windsor Hotel",46296,,85.13,3970.0,183789490,380703880,631143873,292,66683,7971,74654,51250,1957,1415,1150,6012,0.6865003884587564,0.3134996115412436,0.8932274225091756,3379.6609999999996,5.0,五星級,1
2025,台中市,"台中港酒店
*Taichung Harbor Hotel",60283,,82.58,3133.0,188848038,43341310,252022337,102,78305,4807,83112,43868,4080,1347,702,1185,0.5278178843007026,0.47218211569929736,0.9421623832900183,2587.2313999999997,3.0,三星級,1
2025,台南市,"台南大飯店
Hotel  Tainan",31810,,57.34,2352.0,74827252,112109067,198648122,113,49681,6520,56201,32255,9612,1766,2057,1503,0.5739221722033416,0.42607782779665837,0.8839878293980534,1348.6368000000002,3.0,三星級,1
2025,台南市,"趣淘漫旅
HOTEL CHAM CHAM TAINAN",35745,,61.59,3475.0,124203900,27048520,169991075,101,73697,30636,104333,104066,4,9,32,8,0.9974408863926083,0.0025591136073916942,0.7063632791159077,2140.2525,3.0,三星級,1
2025,台南市,"台糖長榮酒店(台南)
Evergreen  Plaza  Hotel(Tainan)",47130,,65.54,2912.0,137258022,224097395,375166751,159,77810,16452,94262,84612,3272,608,546,1292,0.8976257664806603,0.10237423351933972,0.8254651927606034,1908.5248000000001,5.0,五星級,1
2025,台南市,"台南遠東香格里拉
Shangri-La Far Eastern Tainan",86845,,71.88,4060.0,352591036,257550782,689383827,363,129079,14733,143812,76357,9018,8384,3754,14249,0.5309501293355213,0.4690498706644787,0.8975537507301199,2918.328,5.0,五星級,1
2025,台南市,"台南大員皇冠假日酒店
CROWNE PLAZA TAINAN",53517,,63.73,4057.0,217140241,230150694,494676388,238,90309,24842,115151,101697,832,534,1071,4818,0.8831621088831186,0.11683789111688136,0.7842658769789234,2585.5261,5.0,五星級,1
2025,台南市,"遠百企業觀光旅館
*Far Eastem Geant Tourist  Hotel",1520,,10.41,537.0,816200,0,816200,23,1520,0,1520,1520,0,0,0,0,1.0,0.0,1.0,55.9017,,無星等/未評鑑,0
2025,高雄市,"承攜行旅 高雄六合館
Guide Hotel Kaohsiung LiuHe",39823,,40.56,2160.0,86030387,0,86030387,31,72338,4561,76899,73728,607,753,726,195,0.9587640931611594,0.0412359068388406,0.9406884354803053,876.096,,無星等/未評鑑,0
2025,高雄市,"高雄圓山大飯店
The Grand  Hotel  Kaohsiung",24726,,64.52,3012.0,74468669,154971544,251711437,128,39311,18342,57653,47038,5861,832,495,880,0.8158812204048358,0.1841187795951642,0.6818552373683937,1943.3424,5.0,五星級,1
2025,高雄市,"漢來大飯店
GRAND HI-LAI HOTEL",135703,,69.49,3854.0,522997415,919012883,1886539680,873,164783,59347,224130,144793,22940,10461,3336,12949,0.6460223977156114,0.35397760228438857,0.7352117074911881,2678.1445999999996,5.0,五星級,1
2025,高雄市,"高雄福華大飯店
Howard  Plaza  Hotel  Kaohsiung",80499,,81.38,2733.0,219965509,295163416,563782682,314,117248,18825,136073,65297,35305,5296,11623,3909,0.4798674241032387,0.5201325758967613,0.8616551409904978,2224.1153999999997,5.0,五星級,1
2025,高雄市,"寒軒國際大飯店
Han-Hsien lnternational Hotel",98620,,72.83,2282.0,225070712,191262359,425779981,216,90729,36229,126958,91389,13791,3739,2854,1492,0.7198364813560391,0.28016351864396094,0.7146379117503426,1661.9805999999999,5.0,五星級,1
2025,高雄市,"麗尊大酒店
The  Lees  Hotel",41979,,61.18,2321.0,97429428,160269034,267487412,194,68960,13084,82044,61862,5532,4010,2571,1505,0.754010043391351,0.24598995660864897,0.8405245965579445,1419.9877999999999,3.0,三星級,1
2025,高雄市,"義大皇家酒店
E-DA Royal Hotel",116285,,48.57,3092.0,359553539,237569683,650393240,384,147526,135666,283192,266329,1910,8291,2074,728,0.9404538263792762,0.059546173620723786,0.520939857058109,1501.7844,4.0,四星級,1
2025,高雄市,"高雄萬豪酒店
Kaohsiung Marriott Hotel",163952,,64.17,5057.0,829086757,919646248,1947228616,764,209800,41602,251402,146187,5929,10869,7262,44028,0.5814870207874241,0.4185129792125759,0.8345200117739716,3245.0769,5.0,五星級,1
2025,高雄市,"福容大飯店 高雄
*Fullon Hotel Kaohsiung",59268,,64.95,2598.0,153976471,68052641,222170807,2,60028,55858,115886,100605,2590,5094,1221,708,0.8681376525205806,0.13186234747941938,0.517991819546796,1687.401,3.0,三星級,1
2025,高雄市,"然一酒店
*THE AMNIS",21467,,40.01,6020.0,129239990,133815599,316393232,213,34455,3247,37702,27779,975,878,1618,3074,0.7368044135589624,0.2631955864410376,0.9138772478913586,2408.602,,無星等/未評鑑,0
2025,宜蘭縣,"礁溪老爺酒店
Hotel Royal Chiao-His",55001,,76.49,8978.0,493822864,309225537,936980506,307,118836,22550,141386,135737,333,249,1418,1843,0.9600455490642638,0.03995445093573624,0.8405075467160822,6867.272199999999,5.0,五星級,1
2025,宜蘭縣,"蘭城晶英酒店
Silks Place Yilan",49443,,70.19,10870.0,537458209,446888063,1099495144,331,174845,6086,180931,172235,174,41,1189,2030,0.9519374789284313,0.04806252107156872,0.9663628676125152,7629.652999999999,5.0,五星級,1
2025,宜蘭縣,"長榮鳳凰酒店(礁溪)
Evergreen  Resort  Hotel(Jiaosi)",51116,,60.63000000000001,5350.0,273491859,256597190,595076212,230,107716,27178,134894,129551,229,260,1157,1052,0.9603911219179504,0.0396088780820496,0.7985232849496642,3243.7050000000004,5.0,五星級,1
2025,宜蘭縣,"綠舞國際觀光飯店
Dancewoods Hotels and Resorts",18715,,45.38,4726.0,88448402,56010221,195557480,266,28750,19165,47915,47762,0,0,102,0,0.9968068454554941,0.0031931545445058607,0.6000208702911406,2144.6588,4.0,四星級,1
2025,宜蘭縣,"礁溪麒麟酒店
Kilin Hotel Jiaoxi",44148,,72.43,3400.0,150122423,816121,150938544,54,72713,7380,80093,76741,281,434,1081,163,0.958148652191827,0.04185134780817301,0.9078571161025308,2462.6200000000003,,無星等/未評鑑,0
2025,宜蘭縣,"幼獅大飯店
*Lion   Hotel",3062,,15.85,1217.0,3726500,0,3957520,8,1493,1573,3066,3064,0,0,0,0,0.9993476842791911,0.000652315720808927,0.48695368558382257,192.8945,3.0,三星級,1
2025,宜蘭縣,"山泉大飯店
*Sun  Spring  Resort",33978,,63.75999999999999,1963.0,66712246,20370762,91666321,41,31238,35623,66861,61471,0,678,2077,14,0.9193849927461449,0.08061500725385506,0.46720808842224915,1251.6087999999997,3.0,三星級,1
2025,宜蘭縣,"悅川酒店
*The Walden",25744,,68.48,4932.0,126971506,83165780,210137286,94,35466,29523,64989,64070,11,3,175,89,0.9858591453938359,0.0141408546061641,0.5457231223745557,3377.4336000000003,4.0,四星級,1
2025,宜蘭縣,"凱渡廣場酒店
*WAVE Plaza Hotel",38145,,36.67,6390.0,243756136,207607535,490955492,162,65637,34069,99706,99224,37,6,107,89,0.9951657874150001,0.004834212584999942,0.6583054179287104,2343.213,,無星等/未評鑑,0
2025,新竹縣,"新竹喜來登大飯店
Sheraton Hsinchu  Hotel",114443,,81.23,4115.0,470961497,539970970,1160717644,339,120135,19763,139898,55913,3880,6388,889,37227,0.3996697593961315,0.6003302406038685,0.8587327910334672,3342.6145,4.0,四星級,1
2025,新竹縣,"豐邑喜來登大飯店
*Sheraton Fongyi Hotel",76294,,54.43,4115.0,313974330,37400720,373810369,113,80087,13174,93261,37274,2587,4257,593,24815,0.39967403308993044,0.6003259669100696,0.8587405239060272,2239.7945,4.0,四星級,1
2025,苗栗縣,"馥藝金鬱金香酒店
*Aesthetics Golden Tulip",40990,,58.8,2719.0,111444458,62380431,180903428,86,68518,18161,86679,80179,1744,220,720,421,0.9250106715582782,0.07498932844172179,0.7904798163338295,1598.772,3.0,三星級,1
2025,南投縣,"涵碧樓大飯店
The  Lalu  Sun  Moon  Lake",27235,,77.73,16039.0,436823822,97700186,595191902,285,45275,8836,54111,43775,1202,95,395,4278,0.808985234055922,0.19101476594407796,0.8367060301971873,12467.1147,5.0,五星級,1
2025,南投縣,"雲品溫泉酒店日月潭
Fleur De Chine Hotel",53114,,70.3,11676.0,620149285,257905799,966893200,316,99112,37711,136823,119700,818,139,1073,8692,0.8748529121565819,0.1251470878434181,0.7243811347507364,8208.228,5.0,五星級,1
2025,南投縣,"漢來日月行館
GRAND HILAI SUN MOON LAKE",19133,,56.36,22642.0,433206759,203710111,647749943,217,35998,4460,40458,38919,117,15,154,570,0.961960551683227,0.03803944831677297,0.8897622225517821,12761.0312,,無星等/未評鑑,0
2025,南投縣,"日月潭力麗溫德姆溫泉酒店
*Wyndham Sun Moon Lake",34694,,48.25,7831.0,271696223,118977186,407824128,194,53870,32094,85964,80249,160,59,561,1630,0.9335186822390769,0.06648131776092314,0.6266576706528314,3778.4575,5.0,五星級,1
2025,嘉義縣,"阿里山賓館(歷史館)
*Alishan Hotel (Historical building)",4323,,33.84,11228.0,48540723,0,48540723,11,7622,3272,10894,9445,69,22,98,512,0.8669910042225079,0.13300899577749214,0.6996511841380576,3799.5552000000002,4.0,四星級,1
2025,嘉義縣,"名都觀光渡假大飯店
*Beau  Max  Resort  Hotel",6179,,17.45,2054.0,12691526,10756855,23979986,42,4944,10259,15203,15203,0,0,0,0,1.0,0.0,0.32519897388673286,358.42299999999994,3.0,三星級,1
2025,嘉義縣,"阿里山賓館(現代館)
*Alishan Hotel (Modern building)",21033,,55.40999999999999,11268.0,236992949,96627900,340003553,110,37259,15966,53225,46115,322,111,487,2503,0.866416157820573,0.13358384217942698,0.7000281822451855,6243.598799999999,4.0,四星級,1
2025,屏東縣,"凱撒大飯店
Caesar  Park  Hotel  Kenting",69129,,67.4,5931.0,410014660,88676138,535819729,216,152643,21059,173702,160441,799,4001,1166,1695,0.92365660729295,0.07634339270705004,0.878763629664598,3997.494,5.0,五星級,1
2025,屏東縣,"墾丁福華渡假飯店
Howard  Beach  Resort  Kenting",65447,,39.15,3591.0,235047456,87104974,336018868,227,105033,79088,184121,175012,708,1804,724,1752,0.9505270990272701,0.04947290097272994,0.5704563846600876,1405.8764999999999,5.0,五星級,1
2025,屏東縣,"墾丁怡灣渡假酒店
*Grand Bay Resort",40515,,47.44,3245.0,131458512,40703865,198676296,80,76651,24256,100907,100461,7,9,97,74,0.9955800885964303,0.004419911403569676,0.7596202443834422,1539.4279999999999,3.0,三星級,1
2025,台東縣,"知本老爺大酒店
Hotel  Royal   Chihpen  Spa",35591,,58.03,5086.0,180999090,91717205,307322854,192,71230,10718,81948,79019,200,2,265,1642,0.9642578220334846,0.035742177966515354,0.8692097427637038,2951.4058,5.0,五星級,1
2025,台東縣,"娜路彎大酒店
Formosan  Naruwan  Hotel & Resort Taitung",53264,,49.98,5370.0,286040104,160590151,480356623,195,132990,13051,146041,133170,81,28,150,439,0.911867215371026,0.088132784628974,0.9106346847803014,2683.926,5.0,五星級,1
2025,台東縣,"樂樂日暉溫泉酒店
J RESORT",5495,,31.36,2500.0,13735351,9782,13745133,9,11013,0,11013,11013,0,0,0,0,1.0,0.0,1.0,784.0,,無星等/未評鑑,0
2025,台東縣,"台東桂田喜來登酒店
*QUEENAPLAZA  HOTEL TAITUNG",49562,,46.82,3437.0,170335257,178879240,366788307,159,68961,40052,109013,103062,295,103,369,2764,0.9454101804371956,0.0545898195628044,0.6325942777466907,1609.2033999999999,5.0,五星級,1
2025,花蓮縣,"美侖大飯店
PARKVIEW HOTELS & RESORTS",41386,,37.92,3046.0,126065738,82870434,225660184,178,83585,19575,103160,99101,202,298,445,619,0.9606533540131834,0.039346645986816586,0.8102462194649089,1155.0432,5.0,五星級,1
2025,花蓮縣,"遠雄悅來大飯店
Farglory Hotel Hualien",54743,,39.37,4875.0,266861251,213821148,546685768,324,112825,25612,138437,135727,129,96,232,602,0.980424308530234,0.01957569146976601,0.8149916568547426,1919.2875,5.0,五星級,1
2025,花蓮縣,"瑞穗天合國際觀光酒店
Grand Cosmos Resort RuisuiHualien",38111,,52.73,10186.0,388202329,63958366,481863052,192,77674,33150,110824,100581,47,35,199,196,0.9075741716595683,0.09242582834043167,0.700877066339421,5371.077799999999,5.0,五星級,1
2025,花蓮縣,"太魯閣晶英酒店
Silks Place Hotel  Taroko",12690,,23.75,9566.0,121386577,42605332,191516408,163,32526,5482,38008,34578,85,184,142,999,0.9097558408756051,0.09024415912439487,0.8557672069038097,2271.925,5.0,五星級,1
2025,澎湖縣,"澎湖福朋喜來登酒店
Four Point by Sheraton Penghu",62623,,51.83,3025.0,189461158,199012625,425817542,191,89374,58090,147464,139478,262,82,211,5121,0.9458444094829924,0.05415559051700758,0.6060733467151305,1567.8575,5.0,五星級,1
2025,澎湖縣,"寶華大飯店
*Bowa Hotel",6426,,23.79,1942.0,12481465,105510,12647825,17,7596,6740,14336,14129,34,7,52,23,0.9855608258928571,0.014439174107142905,0.5298549107142857,462.0018,,無星等/未評鑑,0
2025,基隆市,"長榮桂冠酒店(基隆)
*Evergreen  Laurel   Hotel (Keelung)",43014,,84.18,3293.0,141657649,86302840,269938353,90,54432,36181,90613,84587,680,285,234,1012,0.9334974010351715,0.06650259896482846,0.6007085076092834,2772.0474000000004,5.0,五星級,1
2025,新竹市,"新竹老爺大酒店
Hotel  Royal  Hsinchu",58921,,77.61,3264.0,192292076,185584429,391993793,166,73401,15302,88703,57454,9350,1506,236,7675,0.6477120277780909,0.3522879722219091,0.8274917421056786,2533.1904,5.0,五星級,1
2025,新竹市,"新竹國賓大飯店
The  Ambassador  Hotel  Hsinchu",66000,,70.36,3431.0,226438180,412108668,726347185,293,77623,16851,94474,50895,7877,5052,487,8051,0.538719647733768,0.461280352266232,0.8216334652920381,2414.0516000000002,4.0,四星級,1
2025,嘉義市,"耐斯王子大飯店
Nice Prince Hotel",41648,,46.57,2559.0,106569896,124279671,250433012,114,40476,60106,100582,96116,1163,594,275,580,0.9555984172118271,0.044401582788172855,0.4024179276610129,1191.7263,5.0,五星級,1
2025,嘉義市,"鈺通大飯店
*Yuh-Tong Hotel",16909,,38.61,2011.0,33997447,52707790,87002264,62,15603,17026,32629,31725,365,144,86,88,0.9722945845720065,0.02770541542799354,0.47819424438383035,776.4470999999999,3.0,三星級,1
2025,金門縣,"陸島酒店
*LUDAO HOTEL",8866,,51.68000000000001,1371.0,12155702,1425280,13657922,14,1975,15841,17816,8362,0,0,209,0,0.4693533902110463,0.5306466097889537,0.11085541086663674,708.5328000000002,,無星等/未評鑑,0
