date,official_weekday,official_day_status,holiday_note,year,month,day,weekday,is_weekend,is_day_off,is_weekday_day_off,is_makeup_workday,is_spring_festival_day,off_run_id,off_run_length,is_long_break_day
2023-01-01,日,2,開國紀念日,2023,1,1,6,1,1,0,0,0,1,2,0
2023-01-02,一,2,補假,2023,1,2,0,0,1,1,0,0,1,2,0
2023-01-03,二,0,,2023,1,3,1,0,0,0,0,0,2,0,0
2023-01-04,三,0,,2023,1,4,2,0,0,0,0,0,2,0,0
2023-01-05,四,0,,2023,1,5,3,0,0,0,0,0,2,0,0
2023-01-06,五,0,,2023,1,6,4,0,0,0,0,0,2,0,0
2023-01-07,六,0,補行上班,2023,1,7,5,1,0,0,1,0,2,0,0
2023-01-08,日,2,,2023,1,8,6,1,1,0,0,0,3,1,0
2023-01-09,一,0,,2023,1,9,0,0,0,0,0,0,4,0,0
2023-01-10,二,0,,2023,1,10,1,0,0,0,0,0,4,0,0
2023-01-11,三,0,,2023,1,11,2,0,0,0,0,0,4,0,0
2023-01-12,四,0,,2023,1,12,3,0,0,0,0,0,4,0,0
2023-01-13,五,0,,2023,1,13,4,0,0,0,0,0,4,0,0
2023-01-14,六,2,,2023,1,14,5,1,1,0,0,0,5,2,0
2023-01-15,日,2,,2023,1,15,6,1,1,0,0,0,5,2,0
2023-01-16,一,0,,2023,1,16,0,0,0,0,0,0,6,0,0
2023-01-17,二,0,,2023,1,17,1,0,0,0,0,0,6,0,0
2023-01-18,三,0,,2023,1,18,2,0,0,0,0,0,6,0,0
2023-01-19,四,0,,2023,1,19,3,0,0,0,0,0,6,0,0
2023-01-20,五,2,小年夜,2023,1,20,4,0,1,1,0,1,7,10,1
2023-01-21,六,2,農曆除夕,2023,1,21,5,1,1,0,0,1,7,10,1
2023-01-22,日,2,春節,2023,1,22,6,1,1,0,0,1,7,10,1
2023-01-23,一,2,春節,2023,1,23,0,0,1,1,0,1,7,10,1
2023-01-24,二,2,春節,2023,1,24,1,0,1,1,0,1,7,10,1
2023-01-25,三,2,補假,2023,1,25,2,0,1,1,0,0,7,10,1
2023-01-26,四,2,補假,2023,1,26,3,0,1,1,0,0,7,10,1
2023-01-27,五,2,調整放假,2023,1,27,4,0,1,1,0,0,7,10,1
2023-01-28,六,2,,2023,1,28,5,1,1,0,0,0,7,10,1
2023-01-29,日,2,,2023,1,29,6,1,1,0,0,0,7,10,1
2023-01-30,一,0,,2023,1,30,0,0,0,0,0,0,8,0,0
2023-01-31,二,0,,2023,1,31,1,0,0,0,0,0,8,0,0
2023-02-01,三,0,,2023,2,1,2,0,0,0,0,0,8,0,0
2023-02-02,四,0,,2023,2,2,3,0,0,0,0,0,8,0,0
2023-02-03,五,0,,2023,2,3,4,0,0,0,0,0,8,0,0
2023-02-04,六,0,補行上班,2023,2,4,5,1,0,0,1,0,8,0,0
2023-02-05,日,2,,2023,2,5,6,1,1,0,0,0,9,1,0
2023-02-06,一,0,,2023,2,6,0,0,0,0,0,0,10,0,0
2023-02-07,二,0,,2023,2,7,1,0,0,0,0,0,10,0,0
2023-02-08,三,0,,2023,2,8,2,0,0,0,0,0,10,0,0
2023-02-09,四,0,,2023,2,9,3,0,0,0,0,0,10,0,0
2023-02-10,五,0,,2023,2,10,4,0,0,0,0,0,10,0,0
2023-02-11,六,2,,2023,2,11,5,1,1,0,0,0,11,2,0
2023-02-12,日,2,,2023,2,12,6,1,1,0,0,0,11,2,0
2023-02-13,一,0,,2023,2,13,0,0,0,0,0,0,12,0,0
2023-02-14,二,0,,2023,2,14,1,0,0,0,0,0,12,0,0
2023-02-15,三,0,,2023,2,15,2,0,0,0,0,0,12,0,0
2023-02-16,四,0,,2023,2,16,3,0,0,0,0,0,12,0,0
2023-02-17,五,0,,2023,2,17,4,0,0,0,0,0,12,0,0
2023-02-18,六,0,補行上班,2023,2,18,5,1,0,0,1,0,12,0,0
2023-02-19,日,2,,2023,2,19,6,1,1,0,0,0,13,1,0
2023-02-20,一,0,,2023,2,20,0,0,0,0,0,0,14,0,0
2023-02-21,二,0,,2023,2,21,1,0,0,0,0,0,14,0,0
2023-02-22,三,0,,2023,2,22,2,0,0,0,0,0,14,0,0
2023-02-23,四,0,,2023,2,23,3,0,0,0,0,0,14,0,0
2023-02-24,五,0,,2023,2,24,4,0,0,0,0,0,14,0,0
2023-02-25,六,2,,2023,2,25,5,1,1,0,0,0,15,4,1
2023-02-26,日,2,,2023,2,26,6,1,1,0,0,0,15,4,1
2023-02-27,一,2,調整放假,2023,2,27,0,0,1,1,0,0,15,4,1
2023-02-28,二,2,和平紀念日,2023,2,28,1,0,1,1,0,0,15,4,1
2023-03-01,三,0,,2023,3,1,2,0,0,0,0,0,16,0,0
2023-03-02,四,0,,2023,3,2,3,0,0,0,0,0,16,0,0
2023-03-03,五,0,,2023,3,3,4,0,0,0,0,0,16,0,0
2023-03-04,六,2,,2023,3,4,5,1,1,0,0,0,17,2,0
2023-03-05,日,2,,2023,3,5,6,1,1,0,0,0,17,2,0
2023-03-06,一,0,,2023,3,6,0,0,0,0,0,0,18,0,0
2023-03-07,二,0,,2023,3,7,1,0,0,0,0,0,18,0,0
2023-03-08,三,0,,2023,3,8,2,0,0,0,0,0,18,0,0
2023-03-09,四,0,,2023,3,9,3,0,0,0,0,0,18,0,0
2023-03-10,五,0,,2023,3,10,4,0,0,0,0,0,18,0,0
2023-03-11,六,2,,2023,3,11,5,1,1,0,0,0,19,2,0
2023-03-12,日,2,,2023,3,12,6,1,1,0,0,0,19,2,0
2023-03-13,一,0,,2023,3,13,0,0,0,0,0,0,20,0,0
2023-03-14,二,0,,2023,3,14,1,0,0,0,0,0,20,0,0
2023-03-15,三,0,,2023,3,15,2,0,0,0,0,0,20,0,0
2023-03-16,四,0,,2023,3,16,3,0,0,0,0,0,20,0,0
2023-03-17,五,0,,2023,3,17,4,0,0,0,0,0,20,0,0
2023-03-18,六,2,,2023,3,18,5,1,1,0,0,0,21,2,0
2023-03-19,日,2,,2023,3,19,6,1,1,0,0,0,21,2,0
2023-03-20,一,0,,2023,3,20,0,0,0,0,0,0,22,0,0
2023-03-21,二,0,,2023,3,21,1,0,0,0,0,0,22,0,0
2023-03-22,三,0,,2023,3,22,2,0,0,0,0,0,22,0,0
2023-03-23,四,0,,2023,3,23,3,0,0,0,0,0,22,0,0
2023-03-24,五,0,,2023,3,24,4,0,0,0,0,0,22,0,0
2023-03-25,六,0,補行上班,2023,3,25,5,1,0,0,1,0,22,0,0
2023-03-26,日,2,,2023,3,26,6,1,1,0,0,0,23,1,0
2023-03-27,一,0,,2023,3,27,0,0,0,0,0,0,24,0,0
2023-03-28,二,0,,2023,3,28,1,0,0,0,0,0,24,0,0
2023-03-29,三,0,,2023,3,29,2,0,0,0,0,0,24,0,0
2023-03-30,四,0,,2023,3,30,3,0,0,0,0,0,24,0,0
2023-03-31,五,0,,2023,3,31,4,0,0,0,0,0,24,0,0
2023-04-01,六,2,,2023,4,1,5,1,1,0,0,0,25,5,1
2023-04-02,日,2,,2023,4,2,6,1,1,0,0,0,25,5,1
2023-04-03,一,2,調整放假,2023,4,3,0,0,1,1,0,0,25,5,1
2023-04-04,二,2,兒童節,2023,4,4,1,0,1,1,0,0,25,5,1
2023-04-05,三,2,民族掃墓節,2023,4,5,2,0,1,1,0,0,25,5,1
2023-04-06,四,0,,2023,4,6,3,0,0,0,0,0,26,0,0
2023-04-07,五,0,,2023,4,7,4,0,0,0,0,0,26,0,0
2023-04-08,六,2,,2023,4,8,5,1,1,0,0,0,27,2,0
2023-04-09,日,2,,2023,4,9,6,1,1,0,0,0,27,2,0
2023-04-10,一,0,,2023,4,10,0,0,0,0,0,0,28,0,0
2023-04-11,二,0,,2023,4,11,1,0,0,0,0,0,28,0,0
2023-04-12,三,0,,2023,4,12,2,0,0,0,0,0,28,0,0
2023-04-13,四,0,,2023,4,13,3,0,0,0,0,0,28,0,0
2023-04-14,五,0,,2023,4,14,4,0,0,0,0,0,28,0,0
2023-04-15,六,2,,2023,4,15,5,1,1,0,0,0,29,2,0
2023-04-16,日,2,,2023,4,16,6,1,1,0,0,0,29,2,0
2023-04-17,一,0,,2023,4,17,0,0,0,0,0,0,30,0,0
2023-04-18,二,0,,2023,4,18,1,0,0,0,0,0,30,0,0
2023-04-19,三,0,,2023,4,19,2,0,0,0,0,0,30,0,0
2023-04-20,四,0,,2023,4,20,3,0,0,0,0,0,30,0,0
2023-04-21,五,0,,2023,4,21,4,0,0,0,0,0,30,0,0
2023-04-22,六,2,,2023,4,22,5,1,1,0,0,0,31,2,0
2023-04-23,日,2,,2023,4,23,6,1,1,0,0,0,31,2,0
2023-04-24,一,0,,2023,4,24,0,0,0,0,0,0,32,0,0
2023-04-25,二,0,,2023,4,25,1,0,0,0,0,0,32,0,0
2023-04-26,三,0,,2023,4,26,2,0,0,0,0,0,32,0,0
2023-04-27,四,0,,2023,4,27,3,0,0,0,0,0,32,0,0
2023-04-28,五,0,,2023,4,28,4,0,0,0,0,0,32,0,0
2023-04-29,六,2,,2023,4,29,5,1,1,0,0,0,33,2,0
2023-04-30,日,2,,2023,4,30,6,1,1,0,0,0,33,2,0
2023-05-01,一,0,,2023,5,1,0,0,0,0,0,0,34,0,0
2023-05-02,二,0,,2023,5,2,1,0,0,0,0,0,34,0,0
2023-05-03,三,0,,2023,5,3,2,0,0,0,0,0,34,0,0
2023-05-04,四,0,,2023,5,4,3,0,0,0,0,0,34,0,0
2023-05-05,五,0,,2023,5,5,4,0,0,0,0,0,34,0,0
2023-05-06,六,2,,2023,5,6,5,1,1,0,0,0,35,2,0
2023-05-07,日,2,,2023,5,7,6,1,1,0,0,0,35,2,0
2023-05-08,一,0,,2023,5,8,0,0,0,0,0,0,36,0,0
2023-05-09,二,0,,2023,5,9,1,0,0,0,0,0,36,0,0
2023-05-10,三,0,,2023,5,10,2,0,0,0,0,0,36,0,0
2023-05-11,四,0,,2023,5,11,3,0,0,0,0,0,36,0,0
2023-05-12,五,0,,2023,5,12,4,0,0,0,0,0,36,0,0
2023-05-13,六,2,,2023,5,13,5,1,1,0,0,0,37,2,0
2023-05-14,日,2,,2023,5,14,6,1,1,0,0,0,37,2,0
2023-05-15,一,0,,2023,5,15,0,0,0,0,0,0,38,0,0
2023-05-16,二,0,,2023,5,16,1,0,0,0,0,0,38,0,0
2023-05-17,三,0,,2023,5,17,2,0,0,0,0,0,38,0,0
2023-05-18,四,0,,2023,5,18,3,0,0,0,0,0,38,0,0
2023-05-19,五,0,,2023,5,19,4,0,0,0,0,0,38,0,0
2023-05-20,六,2,,2023,5,20,5,1,1,0,0,0,39,2,0
2023-05-21,日,2,,2023,5,21,6,1,1,0,0,0,39,2,0
2023-05-22,一,0,,2023,5,22,0,0,0,0,0,0,40,0,0
2023-05-23,二,0,,2023,5,23,1,0,0,0,0,0,40,0,0
2023-05-24,三,0,,2023,5,24,2,0,0,0,0,0,40,0,0
2023-05-25,四,0,,2023,5,25,3,0,0,0,0,0,40,0,0
2023-05-26,五,0,,2023,5,26,4,0,0,0,0,0,40,0,0
2023-05-27,六,2,,2023,5,27,5,1,1,0,0,0,41,2,0
2023-05-28,日,2,,2023,5,28,6,1,1,0,0,0,41,2,0
2023-05-29,一,0,,2023,5,29,0,0,0,0,0,0,42,0,0
2023-05-30,二,0,,2023,5,30,1,0,0,0,0,0,42,0,0
2023-05-31,三,0,,2023,5,31,2,0,0,0,0,0,42,0,0
2023-06-01,四,0,,2023,6,1,3,0,0,0,0,0,42,0,0
2023-06-02,五,0,,2023,6,2,4,0,0,0,0,0,42,0,0
2023-06-03,六,2,,2023,6,3,5,1,1,0,0,0,43,2,0
2023-06-04,日,2,,2023,6,4,6,1,1,0,0,0,43,2,0
2023-06-05,一,0,,2023,6,5,0,0,0,0,0,0,44,0,0
2023-06-06,二,0,,2023,6,6,1,0,0,0,0,0,44,0,0
2023-06-07,三,0,,2023,6,7,2,0,0,0,0,0,44,0,0
2023-06-08,四,0,,2023,6,8,3,0,0,0,0,0,44,0,0
2023-06-09,五,0,,2023,6,9,4,0,0,0,0,0,44,0,0
2023-06-10,六,2,,2023,6,10,5,1,1,0,0,0,45,2,0
2023-06-11,日,2,,2023,6,11,6,1,1,0,0,0,45,2,0
2023-06-12,一,0,,2023,6,12,0,0,0,0,0,0,46,0,0
2023-06-13,二,0,,2023,6,13,1,0,0,0,0,0,46,0,0
2023-06-14,三,0,,2023,6,14,2,0,0,0,0,0,46,0,0
2023-06-15,四,0,,2023,6,15,3,0,0,0,0,0,46,0,0
2023-06-16,五,0,,2023,6,16,4,0,0,0,0,0,46,0,0
2023-06-17,六,0,補行上班,2023,6,17,5,1,0,0,1,0,46,0,0
2023-06-18,日,2,,2023,6,18,6,1,1,0,0,0,47,1,0
2023-06-19,一,0,,2023,6,19,0,0,0,0,0,0,48,0,0
2023-06-20,二,0,,2023,6,20,1,0,0,0,0,0,48,0,0
2023-06-21,三,0,,2023,6,21,2,0,0,0,0,0,48,0,0
2023-06-22,四,2,端午節,2023,6,22,3,0,1,1,0,0,49,4,1
2023-06-23,五,2,調整放假,2023,6,23,4,0,1,1,0,0,49,4,1
2023-06-24,六,2,,2023,6,24,5,1,1,0,0,0,49,4,1
2023-06-25,日,2,,2023,6,25,6,1,1,0,0,0,49,4,1
2023-06-26,一,0,,2023,6,26,0,0,0,0,0,0,50,0,0
2023-06-27,二,0,,2023,6,27,1,0,0,0,0,0,50,0,0
2023-06-28,三,0,,2023,6,28,2,0,0,0,0,0,50,0,0
2023-06-29,四,0,,2023,6,29,3,0,0,0,0,0,50,0,0
2023-06-30,五,0,,2023,6,30,4,0,0,0,0,0,50,0,0
2023-07-01,六,2,,2023,7,1,5,1,1,0,0,0,51,2,0
2023-07-02,日,2,,2023,7,2,6,1,1,0,0,0,51,2,0
2023-07-03,一,0,,2023,7,3,0,0,0,0,0,0,52,0,0
2023-07-04,二,0,,2023,7,4,1,0,0,0,0,0,52,0,0
2023-07-05,三,0,,2023,7,5,2,0,0,0,0,0,52,0,0
2023-07-06,四,0,,2023,7,6,3,0,0,0,0,0,52,0,0
2023-07-07,五,0,,2023,7,7,4,0,0,0,0,0,52,0,0
2023-07-08,六,2,,2023,7,8,5,1,1,0,0,0,53,2,0
2023-07-09,日,2,,2023,7,9,6,1,1,0,0,0,53,2,0
2023-07-10,一,0,,2023,7,10,0,0,0,0,0,0,54,0,0
2023-07-11,二,0,,2023,7,11,1,0,0,0,0,0,54,0,0
2023-07-12,三,0,,2023,7,12,2,0,0,0,0,0,54,0,0
2023-07-13,四,0,,2023,7,13,3,0,0,0,0,0,54,0,0
2023-07-14,五,0,,2023,7,14,4,0,0,0,0,0,54,0,0
2023-07-15,六,2,,2023,7,15,5,1,1,0,0,0,55,2,0
2023-07-16,日,2,,2023,7,16,6,1,1,0,0,0,55,2,0
2023-07-17,一,0,,2023,7,17,0,0,0,0,0,0,56,0,0
2023-07-18,二,0,,2023,7,18,1,0,0,0,0,0,56,0,0
2023-07-19,三,0,,2023,7,19,2,0,0,0,0,0,56,0,0
2023-07-20,四,0,,2023,7,20,3,0,0,0,0,0,56,0,0
2023-07-21,五,0,,2023,7,21,4,0,0,0,0,0,56,0,0
2023-07-22,六,2,,2023,7,22,5,1,1,0,0,0,57,2,0
2023-07-23,日,2,,2023,7,23,6,1,1,0,0,0,57,2,0
2023-07-24,一,0,,2023,7,24,0,0,0,0,0,0,58,0,0
2023-07-25,二,0,,2023,7,25,1,0,0,0,0,0,58,0,0
2023-07-26,三,0,,2023,7,26,2,0,0,0,0,0,58,0,0
2023-07-27,四,0,,2023,7,27,3,0,0,0,0,0,58,0,0
2023-07-28,五,0,,2023,7,28,4,0,0,0,0,0,58,0,0
2023-07-29,六,2,,2023,7,29,5,1,1,0,0,0,59,2,0
2023-07-30,日,2,,2023,7,30,6,1,1,0,0,0,59,2,0
2023-07-31,一,0,,2023,7,31,0,0,0,0,0,0,60,0,0
2023-08-01,二,0,,2023,8,1,1,0,0,0,0,0,60,0,0
2023-08-02,三,0,,2023,8,2,2,0,0,0,0,0,60,0,0
2023-08-03,四,0,,2023,8,3,3,0,0,0,0,0,60,0,0
2023-08-04,五,0,,2023,8,4,4,0,0,0,0,0,60,0,0
2023-08-05,六,2,,2023,8,5,5,1,1,0,0,0,61,2,0
2023-08-06,日,2,,2023,8,6,6,1,1,0,0,0,61,2,0
2023-08-07,一,0,,2023,8,7,0,0,0,0,0,0,62,0,0
2023-08-08,二,0,,2023,8,8,1,0,0,0,0,0,62,0,0
2023-08-09,三,0,,2023,8,9,2,0,0,0,0,0,62,0,0
2023-08-10,四,0,,2023,8,10,3,0,0,0,0,0,62,0,0
2023-08-11,五,0,,2023,8,11,4,0,0,0,0,0,62,0,0
2023-08-12,六,2,,2023,8,12,5,1,1,0,0,0,63,2,0
2023-08-13,日,2,,2023,8,13,6,1,1,0,0,0,63,2,0
2023-08-14,一,0,,2023,8,14,0,0,0,0,0,0,64,0,0
2023-08-15,二,0,,2023,8,15,1,0,0,0,0,0,64,0,0
2023-08-16,三,0,,2023,8,16,2,0,0,0,0,0,64,0,0
2023-08-17,四,0,,2023,8,17,3,0,0,0,0,0,64,0,0
2023-08-18,五,0,,2023,8,18,4,0,0,0,0,0,64,0,0
2023-08-19,六,2,,2023,8,19,5,1,1,0,0,0,65,2,0
2023-08-20,日,2,,2023,8,20,6,1,1,0,0,0,65,2,0
2023-08-21,一,0,,2023,8,21,0,0,0,0,0,0,66,0,0
2023-08-22,二,0,,2023,8,22,1,0,0,0,0,0,66,0,0
2023-08-23,三,0,,2023,8,23,2,0,0,0,0,0,66,0,0
2023-08-24,四,0,,2023,8,24,3,0,0,0,0,0,66,0,0
2023-08-25,五,0,,2023,8,25,4,0,0,0,0,0,66,0,0
2023-08-26,六,2,,2023,8,26,5,1,1,0,0,0,67,2,0
2023-08-27,日,2,,2023,8,27,6,1,1,0,0,0,67,2,0
2023-08-28,一,0,,2023,8,28,0,0,0,0,0,0,68,0,0
2023-08-29,二,0,,2023,8,29,1,0,0,0,0,0,68,0,0
2023-08-30,三,0,,2023,8,30,2,0,0,0,0,0,68,0,0
2023-08-31,四,0,,2023,8,31,3,0,0,0,0,0,68,0,0
2023-09-01,五,0,,2023,9,1,4,0,0,0,0,0,68,0,0
2023-09-02,六,2,,2023,9,2,5,1,1,0,0,0,69,2,0
2023-09-03,日,2,,2023,9,3,6,1,1,0,0,0,69,2,0
2023-09-04,一,0,,2023,9,4,0,0,0,0,0,0,70,0,0
2023-09-05,二,0,,2023,9,5,1,0,0,0,0,0,70,0,0
2023-09-06,三,0,,2023,9,6,2,0,0,0,0,0,70,0,0
2023-09-07,四,0,,2023,9,7,3,0,0,0,0,0,70,0,0
2023-09-08,五,0,,2023,9,8,4,0,0,0,0,0,70,0,0
2023-09-09,六,2,,2023,9,9,5,1,1,0,0,0,71,2,0
2023-09-10,日,2,,2023,9,10,6,1,1,0,0,0,71,2,0
2023-09-11,一,0,,2023,9,11,0,0,0,0,0,0,72,0,0
2023-09-12,二,0,,2023,9,12,1,0,0,0,0,0,72,0,0
2023-09-13,三,0,,2023,9,13,2,0,0,0,0,0,72,0,0
2023-09-14,四,0,,2023,9,14,3,0,0,0,0,0,72,0,0
2023-09-15,五,0,,2023,9,15,4,0,0,0,0,0,72,0,0
2023-09-16,六,2,,2023,9,16,5,1,1,0,0,0,73,2,0
2023-09-17,日,2,,2023,9,17,6,1,1,0,0,0,73,2,0
2023-09-18,一,0,,2023,9,18,0,0,0,0,0,0,74,0,0
2023-09-19,二,0,,2023,9,19,1,0,0,0,0,0,74,0,0
2023-09-20,三,0,,2023,9,20,2,0,0,0,0,0,74,0,0
2023-09-21,四,0,,2023,9,21,3,0,0,0,0,0,74,0,0
2023-09-22,五,0,,2023,9,22,4,0,0,0,0,0,74,0,0
2023-09-23,六,0,補行上班,2023,9,23,5,1,0,0,1,0,74,0,0
2023-09-24,日,2,,2023,9,24,6,1,1,0,0,0,75,1,0
2023-09-25,一,0,,2023,9,25,0,0,0,0,0,0,76,0,0
2023-09-26,二,0,,2023,9,26,1,0,0,0,0,0,76,0,0
2023-09-27,三,0,,2023,9,27,2,0,0,0,0,0,76,0,0
2023-09-28,四,0,,2023,9,28,3,0,0,0,0,0,76,0,0
2023-09-29,五,2,中秋節,2023,9,29,4,0,1,1,0,0,77,3,1
2023-09-30,六,2,,2023,9,30,5,1,1,0,0,0,77,3,1
2023-10-01,日,2,,2023,10,1,6,1,1,0,0,0,77,3,1
2023-10-02,一,0,,2023,10,2,0,0,0,0,0,0,78,0,0
2023-10-03,二,0,,2023,10,3,1,0,0,0,0,0,78,0,0
2023-10-04,三,0,,2023,10,4,2,0,0,0,0,0,78,0,0
2023-10-05,四,0,,2023,10,5,3,0,0,0,0,0,78,0,0
2023-10-06,五,0,,2023,10,6,4,0,0,0,0,0,78,0,0
2023-10-07,六,2,,2023,10,7,5,1,1,0,0,0,79,4,1
2023-10-08,日,2,,2023,10,8,6,1,1,0,0,0,79,4,1
2023-10-09,一,2,調整放假,2023,10,9,0,0,1,1,0,0,79,4,1
2023-10-10,二,2,國慶日,2023,10,10,1,0,1,1,0,0,79,4,1
2023-10-11,三,0,,2023,10,11,2,0,0,0,0,0,80,0,0
2023-10-12,四,0,,2023,10,12,3,0,0,0,0,0,80,0,0
2023-10-13,五,0,,2023,10,13,4,0,0,0,0,0,80,0,0
2023-10-14,六,2,,2023,10,14,5,1,1,0,0,0,81,2,0
2023-10-15,日,2,,2023,10,15,6,1,1,0,0,0,81,2,0
2023-10-16,一,0,,2023,10,16,0,0,0,0,0,0,82,0,0
2023-10-17,二,0,,2023,10,17,1,0,0,0,0,0,82,0,0
2023-10-18,三,0,,2023,10,18,2,0,0,0,0,0,82,0,0
2023-10-19,四,0,,2023,10,19,3,0,0,0,0,0,82,0,0
2023-10-20,五,0,,2023,10,20,4,0,0,0,0,0,82,0,0
2023-10-21,六,2,,2023,10,21,5,1,1,0,0,0,83,2,0
2023-10-22,日,2,,2023,10,22,6,1,1,0,0,0,83,2,0
2023-10-23,一,0,,2023,10,23,0,0,0,0,0,0,84,0,0
2023-10-24,二,0,,2023,10,24,1,0,0,0,0,0,84,0,0
2023-10-25,三,0,,2023,10,25,2,0,0,0,0,0,84,0,0
2023-10-26,四,0,,2023,10,26,3,0,0,0,0,0,84,0,0
2023-10-27,五,0,,2023,10,27,4,0,0,0,0,0,84,0,0
2023-10-28,六,2,,2023,10,28,5,1,1,0,0,0,85,2,0
2023-10-29,日,2,,2023,10,29,6,1,1,0,0,0,85,2,0
2023-10-30,一,0,,2023,10,30,0,0,0,0,0,0,86,0,0
2023-10-31,二,0,,2023,10,31,1,0,0,0,0,0,86,0,0
2023-11-01,三,0,,2023,11,1,2,0,0,0,0,0,86,0,0
2023-11-02,四,0,,2023,11,2,3,0,0,0,0,0,86,0,0
2023-11-03,五,0,,2023,11,3,4,0,0,0,0,0,86,0,0
2023-11-04,六,2,,2023,11,4,5,1,1,0,0,0,87,2,0
2023-11-05,日,2,,2023,11,5,6,1,1,0,0,0,87,2,0
2023-11-06,一,0,,2023,11,6,0,0,0,0,0,0,88,0,0
2023-11-07,二,0,,2023,11,7,1,0,0,0,0,0,88,0,0
2023-11-08,三,0,,2023,11,8,2,0,0,0,0,0,88,0,0
2023-11-09,四,0,,2023,11,9,3,0,0,0,0,0,88,0,0
2023-11-10,五,0,,2023,11,10,4,0,0,0,0,0,88,0,0
2023-11-11,六,2,,2023,11,11,5,1,1,0,0,0,89,2,0
2023-11-12,日,2,,2023,11,12,6,1,1,0,0,0,89,2,0
2023-11-13,一,0,,2023,11,13,0,0,0,0,0,0,90,0,0
2023-11-14,二,0,,2023,11,14,1,0,0,0,0,0,90,0,0
2023-11-15,三,0,,2023,11,15,2,0,0,0,0,0,90,0,0
2023-11-16,四,0,,2023,11,16,3,0,0,0,0,0,90,0,0
2023-11-17,五,0,,2023,11,17,4,0,0,0,0,0,90,0,0
2023-11-18,六,2,,2023,11,18,5,1,1,0,0,0,91,2,0
2023-11-19,日,2,,2023,11,19,6,1,1,0,0,0,91,2,0
2023-11-20,一,0,,2023,11,20,0,0,0,0,0,0,92,0,0
2023-11-21,二,0,,2023,11,21,1,0,0,0,0,0,92,0,0
2023-11-22,三,0,,2023,11,22,2,0,0,0,0,0,92,0,0
2023-11-23,四,0,,2023,11,23,3,0,0,0,0,0,92,0,0
2023-11-24,五,0,,2023,11,24,4,0,0,0,0,0,92,0,0
2023-11-25,六,2,,2023,11,25,5,1,1,0,0,0,93,2,0
2023-11-26,日,2,,2023,11,26,6,1,1,0,0,0,93,2,0
2023-11-27,一,0,,2023,11,27,0,0,0,0,0,0,94,0,0
2023-11-28,二,0,,2023,11,28,1,0,0,0,0,0,94,0,0
2023-11-29,三,0,,2023,11,29,2,0,0,0,0,0,94,0,0
2023-11-30,四,0,,2023,11,30,3,0,0,0,0,0,94,0,0
2023-12-01,五,0,,2023,12,1,4,0,0,0,0,0,94,0,0
2023-12-02,六,2,,2023,12,2,5,1,1,0,0,0,95,2,0
2023-12-03,日,2,,2023,12,3,6,1,1,0,0,0,95,2,0
2023-12-04,一,0,,2023,12,4,0,0,0,0,0,0,96,0,0
2023-12-05,二,0,,2023,12,5,1,0,0,0,0,0,96,0,0
2023-12-06,三,0,,2023,12,6,2,0,0,0,0,0,96,0,0
2023-12-07,四,0,,2023,12,7,3,0,0,0,0,0,96,0,0
2023-12-08,五,0,,2023,12,8,4,0,0,0,0,0,96,0,0
2023-12-09,六,2,,2023,12,9,5,1,1,0,0,0,97,2,0
2023-12-10,日,2,,2023,12,10,6,1,1,0,0,0,97,2,0
2023-12-11,一,0,,2023,12,11,0,0,0,0,0,0,98,0,0
2023-12-12,二,0,,2023,12,12,1,0,0,0,0,0,98,0,0
2023-12-13,三,0,,2023,12,13,2,0,0,0,0,0,98,0,0
2023-12-14,四,0,,2023,12,14,3,0,0,0,0,0,98,0,0
2023-12-15,五,0,,2023,12,15,4,0,0,0,0,0,98,0,0
2023-12-16,六,2,,2023,12,16,5,1,1,0,0,0,99,2,0
2023-12-17,日,2,,2023,12,17,6,1,1,0,0,0,99,2,0
2023-12-18,一,0,,2023,12,18,0,0,0,0,0,0,100,0,0
2023-12-19,二,0,,2023,12,19,1,0,0,0,0,0,100,0,0
2023-12-20,三,0,,2023,12,20,2,0,0,0,0,0,100,0,0
2023-12-21,四,0,,2023,12,21,3,0,0,0,0,0,100,0,0
2023-12-22,五,0,,2023,12,22,4,0,0,0,0,0,100,0,0
2023-12-23,六,2,,2023,12,23,5,1,1,0,0,0,101,2,0
2023-12-24,日,2,,2023,12,24,6,1,1,0,0,0,101,2,0
2023-12-25,一,0,,2023,12,25,0,0,0,0,0,0,102,0,0
2023-12-26,二,0,,2023,12,26,1,0,0,0,0,0,102,0,0
2023-12-27,三,0,,2023,12,27,2,0,0,0,0,0,102,0,0
2023-12-28,四,0,,2023,12,28,3,0,0,0,0,0,102,0,0
2023-12-29,五,0,,2023,12,29,4,0,0,0,0,0,102,0,0
2023-12-30,六,2,,2023,12,30,5,1,1,0,0,0,103,3,1
2023-12-31,日,2,,2023,12,31,6,1,1,0,0,0,103,3,1
2024-01-01,一,2,開國紀念日,2024,1,1,0,0,1,1,0,0,103,3,1
2024-01-02,二,0,,2024,1,2,1,0,0,0,0,0,104,0,0
2024-01-03,三,0,,2024,1,3,2,0,0,0,0,0,104,0,0
2024-01-04,四,0,,2024,1,4,3,0,0,0,0,0,104,0,0
2024-01-05,五,0,,2024,1,5,4,0,0,0,0,0,104,0,0
2024-01-06,六,2,,2024,1,6,5,1,1,0,0,0,105,2,0
2024-01-07,日,2,,2024,1,7,6,1,1,0,0,0,105,2,0
2024-01-08,一,0,,2024,1,8,0,0,0,0,0,0,106,0,0
2024-01-09,二,0,,2024,1,9,1,0,0,0,0,0,106,0,0
2024-01-10,三,0,,2024,1,10,2,0,0,0,0,0,106,0,0
2024-01-11,四,0,,2024,1,11,3,0,0,0,0,0,106,0,0
2024-01-12,五,0,,2024,1,12,4,0,0,0,0,0,106,0,0
2024-01-13,六,2,,2024,1,13,5,1,1,0,0,0,107,2,0
2024-01-14,日,2,,2024,1,14,6,1,1,0,0,0,107,2,0
2024-01-15,一,0,,2024,1,15,0,0,0,0,0,0,108,0,0
2024-01-16,二,0,,2024,1,16,1,0,0,0,0,0,108,0,0
2024-01-17,三,0,,2024,1,17,2,0,0,0,0,0,108,0,0
2024-01-18,四,0,,2024,1,18,3,0,0,0,0,0,108,0,0
2024-01-19,五,0,,2024,1,19,4,0,0,0,0,0,108,0,0
2024-01-20,六,2,,2024,1,20,5,1,1,0,0,0,109,2,0
2024-01-21,日,2,,2024,1,21,6,1,1,0,0,0,109,2,0
2024-01-22,一,0,,2024,1,22,0,0,0,0,0,0,110,0,0
2024-01-23,二,0,,2024,1,23,1,0,0,0,0,0,110,0,0
2024-01-24,三,0,,2024,1,24,2,0,0,0,0,0,110,0,0
2024-01-25,四,0,,2024,1,25,3,0,0,0,0,0,110,0,0
2024-01-26,五,0,,2024,1,26,4,0,0,0,0,0,110,0,0
2024-01-27,六,2,,2024,1,27,5,1,1,0,0,0,111,2,0
2024-01-28,日,2,,2024,1,28,6,1,1,0,0,0,111,2,0
2024-01-29,一,0,,2024,1,29,0,0,0,0,0,0,112,0,0
2024-01-30,二,0,,2024,1,30,1,0,0,0,0,0,112,0,0
2024-01-31,三,0,,2024,1,31,2,0,0,0,0,0,112,0,0
2024-02-01,四,0,,2024,2,1,3,0,0,0,0,0,112,0,0
2024-02-02,五,0,,2024,2,2,4,0,0,0,0,0,112,0,0
2024-02-03,六,2,,2024,2,3,5,1,1,0,0,0,113,2,0
2024-02-04,日,2,,2024,2,4,6,1,1,0,0,0,113,2,0
2024-02-05,一,0,,2024,2,5,0,0,0,0,0,0,114,0,0
2024-02-06,二,0,,2024,2,6,1,0,0,0,0,0,114,0,0
2024-02-07,三,0,,2024,2,7,2,0,0,0,0,0,114,0,0
2024-02-08,四,2,小年夜,2024,2,8,3,0,1,1,0,1,115,7,1
2024-02-09,五,2,農曆除夕,2024,2,9,4,0,1,1,0,1,115,7,1
2024-02-10,六,2,春節,2024,2,10,5,1,1,0,0,1,115,7,1
2024-02-11,日,2,春節,2024,2,11,6,1,1,0,0,1,115,7,1
2024-02-12,一,2,春節,2024,2,12,0,0,1,1,0,1,115,7,1
2024-02-13,二,2,補假,2024,2,13,1,0,1,1,0,0,115,7,1
2024-02-14,三,2,補假,2024,2,14,2,0,1,1,0,0,115,7,1
2024-02-15,四,0,,2024,2,15,3,0,0,0,0,0,116,0,0
2024-02-16,五,0,,2024,2,16,4,0,0,0,0,0,116,0,0
2024-02-17,六,0,補行上班,2024,2,17,5,1,0,0,1,0,116,0,0
2024-02-18,日,2,,2024,2,18,6,1,1,0,0,0,117,1,0
2024-02-19,一,0,,2024,2,19,0,0,0,0,0,0,118,0,0
2024-02-20,二,0,,2024,2,20,1,0,0,0,0,0,118,0,0
2024-02-21,三,0,,2024,2,21,2,0,0,0,0,0,118,0,0
2024-02-22,四,0,,2024,2,22,3,0,0,0,0,0,118,0,0
2024-02-23,五,0,,2024,2,23,4,0,0,0,0,0,118,0,0
2024-02-24,六,2,,2024,2,24,5,1,1,0,0,0,119,2,0
2024-02-25,日,2,,2024,2,25,6,1,1,0,0,0,119,2,0
2024-02-26,一,0,,2024,2,26,0,0,0,0,0,0,120,0,0
2024-02-27,二,0,,2024,2,27,1,0,0,0,0,0,120,0,0
2024-02-28,三,2,和平紀念日,2024,2,28,2,0,1,1,0,0,121,1,0
2024-02-29,四,0,,2024,2,29,3,0,0,0,0,0,122,0,0
2024-03-01,五,0,,2024,3,1,4,0,0,0,0,0,122,0,0
2024-03-02,六,2,,2024,3,2,5,1,1,0,0,0,123,2,0
2024-03-03,日,2,,2024,3,3,6,1,1,0,0,0,123,2,0
2024-03-04,一,0,,2024,3,4,0,0,0,0,0,0,124,0,0
2024-03-05,二,0,,2024,3,5,1,0,0,0,0,0,124,0,0
2024-03-06,三,0,,2024,3,6,2,0,0,0,0,0,124,0,0
2024-03-07,四,0,,2024,3,7,3,0,0,0,0,0,124,0,0
2024-03-08,五,0,,2024,3,8,4,0,0,0,0,0,124,0,0
2024-03-09,六,2,,2024,3,9,5,1,1,0,0,0,125,2,0
2024-03-10,日,2,,2024,3,10,6,1,1,0,0,0,125,2,0
2024-03-11,一,0,,2024,3,11,0,0,0,0,0,0,126,0,0
2024-03-12,二,0,,2024,3,12,1,0,0,0,0,0,126,0,0
2024-03-13,三,0,,2024,3,13,2,0,0,0,0,0,126,0,0
2024-03-14,四,0,,2024,3,14,3,0,0,0,0,0,126,0,0
2024-03-15,五,0,,2024,3,15,4,0,0,0,0,0,126,0,0
2024-03-16,六,2,,2024,3,16,5,1,1,0,0,0,127,2,0
2024-03-17,日,2,,2024,3,17,6,1,1,0,0,0,127,2,0
2024-03-18,一,0,,2024,3,18,0,0,0,0,0,0,128,0,0
2024-03-19,二,0,,2024,3,19,1,0,0,0,0,0,128,0,0
2024-03-20,三,0,,2024,3,20,2,0,0,0,0,0,128,0,0
2024-03-21,四,0,,2024,3,21,3,0,0,0,0,0,128,0,0
2024-03-22,五,0,,2024,3,22,4,0,0,0,0,0,128,0,0
2024-03-23,六,2,,2024,3,23,5,1,1,0,0,0,129,2,0
2024-03-24,日,2,,2024,3,24,6,1,1,0,0,0,129,2,0
2024-03-25,一,0,,2024,3,25,0,0,0,0,0,0,130,0,0
2024-03-26,二,0,,2024,3,26,1,0,0,0,0,0,130,0,0
2024-03-27,三,0,,2024,3,27,2,0,0,0,0,0,130,0,0
2024-03-28,四,0,,2024,3,28,3,0,0,0,0,0,130,0,0
2024-03-29,五,0,,2024,3,29,4,0,0,0,0,0,130,0,0
2024-03-30,六,2,,2024,3,30,5,1,1,0,0,0,131,2,0
2024-03-31,日,2,,2024,3,31,6,1,1,0,0,0,131,2,0
2024-04-01,一,0,,2024,4,1,0,0,0,0,0,0,132,0,0
2024-04-02,二,0,,2024,4,2,1,0,0,0,0,0,132,0,0
2024-04-03,三,0,,2024,4,3,2,0,0,0,0,0,132,0,0
2024-04-04,四,2,兒童節及民族掃墓節,2024,4,4,3,0,1,1,0,0,133,4,1
2024-04-05,五,2,補假,2024,4,5,4,0,1,1,0,0,133,4,1
2024-04-06,六,2,,2024,4,6,5,1,1,0,0,0,133,4,1
2024-04-07,日,2,,2024,4,7,6,1,1,0,0,0,133,4,1
2024-04-08,一,0,,2024,4,8,0,0,0,0,0,0,134,0,0
2024-04-09,二,0,,2024,4,9,1,0,0,0,0,0,134,0,0
2024-04-10,三,0,,2024,4,10,2,0,0,0,0,0,134,0,0
2024-04-11,四,0,,2024,4,11,3,0,0,0,0,0,134,0,0
2024-04-12,五,0,,2024,4,12,4,0,0,0,0,0,134,0,0
2024-04-13,六,2,,2024,4,13,5,1,1,0,0,0,135,2,0
2024-04-14,日,2,,2024,4,14,6,1,1,0,0,0,135,2,0
2024-04-15,一,0,,2024,4,15,0,0,0,0,0,0,136,0,0
2024-04-16,二,0,,2024,4,16,1,0,0,0,0,0,136,0,0
2024-04-17,三,0,,2024,4,17,2,0,0,0,0,0,136,0,0
2024-04-18,四,0,,2024,4,18,3,0,0,0,0,0,136,0,0
2024-04-19,五,0,,2024,4,19,4,0,0,0,0,0,136,0,0
2024-04-20,六,2,,2024,4,20,5,1,1,0,0,0,137,2,0
2024-04-21,日,2,,2024,4,21,6,1,1,0,0,0,137,2,0
2024-04-22,一,0,,2024,4,22,0,0,0,0,0,0,138,0,0
2024-04-23,二,0,,2024,4,23,1,0,0,0,0,0,138,0,0
2024-04-24,三,0,,2024,4,24,2,0,0,0,0,0,138,0,0
2024-04-25,四,0,,2024,4,25,3,0,0,0,0,0,138,0,0
2024-04-26,五,0,,2024,4,26,4,0,0,0,0,0,138,0,0
2024-04-27,六,2,,2024,4,27,5,1,1,0,0,0,139,2,0
2024-04-28,日,2,,2024,4,28,6,1,1,0,0,0,139,2,0
2024-04-29,一,0,,2024,4,29,0,0,0,0,0,0,140,0,0
2024-04-30,二,0,,2024,4,30,1,0,0,0,0,0,140,0,0
2024-05-01,三,0,,2024,5,1,2,0,0,0,0,0,140,0,0
2024-05-02,四,0,,2024,5,2,3,0,0,0,0,0,140,0,0
2024-05-03,五,0,,2024,5,3,4,0,0,0,0,0,140,0,0
2024-05-04,六,2,,2024,5,4,5,1,1,0,0,0,141,2,0
2024-05-05,日,2,,2024,5,5,6,1,1,0,0,0,141,2,0
2024-05-06,一,0,,2024,5,6,0,0,0,0,0,0,142,0,0
2024-05-07,二,0,,2024,5,7,1,0,0,0,0,0,142,0,0
2024-05-08,三,0,,2024,5,8,2,0,0,0,0,0,142,0,0
2024-05-09,四,0,,2024,5,9,3,0,0,0,0,0,142,0,0
2024-05-10,五,0,,2024,5,10,4,0,0,0,0,0,142,0,0
2024-05-11,六,2,,2024,5,11,5,1,1,0,0,0,143,2,0
2024-05-12,日,2,,2024,5,12,6,1,1,0,0,0,143,2,0
2024-05-13,一,0,,2024,5,13,0,0,0,0,0,0,144,0,0
2024-05-14,二,0,,2024,5,14,1,0,0,0,0,0,144,0,0
2024-05-15,三,0,,2024,5,15,2,0,0,0,0,0,144,0,0
2024-05-16,四,0,,2024,5,16,3,0,0,0,0,0,144,0,0
2024-05-17,五,0,,2024,5,17,4,0,0,0,0,0,144,0,0
2024-05-18,六,2,,2024,5,18,5,1,1,0,0,0,145,2,0
2024-05-19,日,2,,2024,5,19,6,1,1,0,0,0,145,2,0
2024-05-20,一,0,,2024,5,20,0,0,0,0,0,0,146,0,0
2024-05-21,二,0,,2024,5,21,1,0,0,0,0,0,146,0,0
2024-05-22,三,0,,2024,5,22,2,0,0,0,0,0,146,0,0
2024-05-23,四,0,,2024,5,23,3,0,0,0,0,0,146,0,0
2024-05-24,五,0,,2024,5,24,4,0,0,0,0,0,146,0,0
2024-05-25,六,2,,2024,5,25,5,1,1,0,0,0,147,2,0
2024-05-26,日,2,,2024,5,26,6,1,1,0,0,0,147,2,0
2024-05-27,一,0,,2024,5,27,0,0,0,0,0,0,148,0,0
2024-05-28,二,0,,2024,5,28,1,0,0,0,0,0,148,0,0
2024-05-29,三,0,,2024,5,29,2,0,0,0,0,0,148,0,0
2024-05-30,四,0,,2024,5,30,3,0,0,0,0,0,148,0,0
2024-05-31,五,0,,2024,5,31,4,0,0,0,0,0,148,0,0
2024-06-01,六,2,,2024,6,1,5,1,1,0,0,0,149,2,0
2024-06-02,日,2,,2024,6,2,6,1,1,0,0,0,149,2,0
2024-06-03,一,0,,2024,6,3,0,0,0,0,0,0,150,0,0
2024-06-04,二,0,,2024,6,4,1,0,0,0,0,0,150,0,0
2024-06-05,三,0,,2024,6,5,2,0,0,0,0,0,150,0,0
2024-06-06,四,0,,2024,6,6,3,0,0,0,0,0,150,0,0
2024-06-07,五,0,,2024,6,7,4,0,0,0,0,0,150,0,0
2024-06-08,六,2,,2024,6,8,5,1,1,0,0,0,151,3,1
2024-06-09,日,2,,2024,6,9,6,1,1,0,0,0,151,3,1
2024-06-10,一,2,端午節,2024,6,10,0,0,1,1,0,0,151,3,1
2024-06-11,二,0,,2024,6,11,1,0,0,0,0,0,152,0,0
2024-06-12,三,0,,2024,6,12,2,0,0,0,0,0,152,0,0
2024-06-13,四,0,,2024,6,13,3,0,0,0,0,0,152,0,0
2024-06-14,五,0,,2024,6,14,4,0,0,0,0,0,152,0,0
2024-06-15,六,2,,2024,6,15,5,1,1,0,0,0,153,2,0
2024-06-16,日,2,,2024,6,16,6,1,1,0,0,0,153,2,0
2024-06-17,一,0,,2024,6,17,0,0,0,0,0,0,154,0,0
2024-06-18,二,0,,2024,6,18,1,0,0,0,0,0,154,0,0
2024-06-19,三,0,,2024,6,19,2,0,0,0,0,0,154,0,0
2024-06-20,四,0,,2024,6,20,3,0,0,0,0,0,154,0,0
2024-06-21,五,0,,2024,6,21,4,0,0,0,0,0,154,0,0
2024-06-22,六,2,,2024,6,22,5,1,1,0,0,0,155,2,0
2024-06-23,日,2,,2024,6,23,6,1,1,0,0,0,155,2,0
2024-06-24,一,0,,2024,6,24,0,0,0,0,0,0,156,0,0
2024-06-25,二,0,,2024,6,25,1,0,0,0,0,0,156,0,0
2024-06-26,三,0,,2024,6,26,2,0,0,0,0,0,156,0,0
2024-06-27,四,0,,2024,6,27,3,0,0,0,0,0,156,0,0
2024-06-28,五,0,,2024,6,28,4,0,0,0,0,0,156,0,0
2024-06-29,六,2,,2024,6,29,5,1,1,0,0,0,157,2,0
2024-06-30,日,2,,2024,6,30,6,1,1,0,0,0,157,2,0
2024-07-01,一,0,,2024,7,1,0,0,0,0,0,0,158,0,0
2024-07-02,二,0,,2024,7,2,1,0,0,0,0,0,158,0,0
2024-07-03,三,0,,2024,7,3,2,0,0,0,0,0,158,0,0
2024-07-04,四,0,,2024,7,4,3,0,0,0,0,0,158,0,0
2024-07-05,五,0,,2024,7,5,4,0,0,0,0,0,158,0,0
2024-07-06,六,2,,2024,7,6,5,1,1,0,0,0,159,2,0
2024-07-07,日,2,,2024,7,7,6,1,1,0,0,0,159,2,0
2024-07-08,一,0,,2024,7,8,0,0,0,0,0,0,160,0,0
2024-07-09,二,0,,2024,7,9,1,0,0,0,0,0,160,0,0
2024-07-10,三,0,,2024,7,10,2,0,0,0,0,0,160,0,0
2024-07-11,四,0,,2024,7,11,3,0,0,0,0,0,160,0,0
2024-07-12,五,0,,2024,7,12,4,0,0,0,0,0,160,0,0
2024-07-13,六,2,,2024,7,13,5,1,1,0,0,0,161,2,0
2024-07-14,日,2,,2024,7,14,6,1,1,0,0,0,161,2,0
2024-07-15,一,0,,2024,7,15,0,0,0,0,0,0,162,0,0
2024-07-16,二,0,,2024,7,16,1,0,0,0,0,0,162,0,0
2024-07-17,三,0,,2024,7,17,2,0,0,0,0,0,162,0,0
2024-07-18,四,0,,2024,7,18,3,0,0,0,0,0,162,0,0
2024-07-19,五,0,,2024,7,19,4,0,0,0,0,0,162,0,0
2024-07-20,六,2,,2024,7,20,5,1,1,0,0,0,163,2,0
2024-07-21,日,2,,2024,7,21,6,1,1,0,0,0,163,2,0
2024-07-22,一,0,,2024,7,22,0,0,0,0,0,0,164,0,0
2024-07-23,二,0,,2024,7,23,1,0,0,0,0,0,164,0,0
2024-07-24,三,0,,2024,7,24,2,0,0,0,0,0,164,0,0
2024-07-25,四,0,,2024,7,25,3,0,0,0,0,0,164,0,0
2024-07-26,五,0,,2024,7,26,4,0,0,0,0,0,164,0,0
2024-07-27,六,2,,2024,7,27,5,1,1,0,0,0,165,2,0
2024-07-28,日,2,,2024,7,28,6,1,1,0,0,0,165,2,0
2024-07-29,一,0,,2024,7,29,0,0,0,0,0,0,166,0,0
2024-07-30,二,0,,2024,7,30,1,0,0,0,0,0,166,0,0
2024-07-31,三,0,,2024,7,31,2,0,0,0,0,0,166,0,0
2024-08-01,四,0,,2024,8,1,3,0,0,0,0,0,166,0,0
2024-08-02,五,0,,2024,8,2,4,0,0,0,0,0,166,0,0
2024-08-03,六,2,,2024,8,3,5,1,1,0,0,0,167,2,0
2024-08-04,日,2,,2024,8,4,6,1,1,0,0,0,167,2,0
2024-08-05,一,0,,2024,8,5,0,0,0,0,0,0,168,0,0
2024-08-06,二,0,,2024,8,6,1,0,0,0,0,0,168,0,0
2024-08-07,三,0,,2024,8,7,2,0,0,0,0,0,168,0,0
2024-08-08,四,0,,2024,8,8,3,0,0,0,0,0,168,0,0
2024-08-09,五,0,,2024,8,9,4,0,0,0,0,0,168,0,0
2024-08-10,六,2,,2024,8,10,5,1,1,0,0,0,169,2,0
2024-08-11,日,2,,2024,8,11,6,1,1,0,0,0,169,2,0
2024-08-12,一,0,,2024,8,12,0,0,0,0,0,0,170,0,0
2024-08-13,二,0,,2024,8,13,1,0,0,0,0,0,170,0,0
2024-08-14,三,0,,2024,8,14,2,0,0,0,0,0,170,0,0
2024-08-15,四,0,,2024,8,15,3,0,0,0,0,0,170,0,0
2024-08-16,五,0,,2024,8,16,4,0,0,0,0,0,170,0,0
2024-08-17,六,2,,2024,8,17,5,1,1,0,0,0,171,2,0
2024-08-18,日,2,,2024,8,18,6,1,1,0,0,0,171,2,0
2024-08-19,一,0,,2024,8,19,0,0,0,0,0,0,172,0,0
2024-08-20,二,0,,2024,8,20,1,0,0,0,0,0,172,0,0
2024-08-21,三,0,,2024,8,21,2,0,0,0,0,0,172,0,0
2024-08-22,四,0,,2024,8,22,3,0,0,0,0,0,172,0,0
2024-08-23,五,0,,2024,8,23,4,0,0,0,0,0,172,0,0
2024-08-24,六,2,,2024,8,24,5,1,1,0,0,0,173,2,0
2024-08-25,日,2,,2024,8,25,6,1,1,0,0,0,173,2,0
2024-08-26,一,0,,2024,8,26,0,0,0,0,0,0,174,0,0
2024-08-27,二,0,,2024,8,27,1,0,0,0,0,0,174,0,0
2024-08-28,三,0,,2024,8,28,2,0,0,0,0,0,174,0,0
2024-08-29,四,0,,2024,8,29,3,0,0,0,0,0,174,0,0
2024-08-30,五,0,,2024,8,30,4,0,0,0,0,0,174,0,0
2024-08-31,六,2,,2024,8,31,5,1,1,0,0,0,175,2,0
2024-09-01,日,2,,2024,9,1,6,1,1,0,0,0,175,2,0
2024-09-02,一,0,,2024,9,2,0,0,0,0,0,0,176,0,0
2024-09-03,二,0,,2024,9,3,1,0,0,0,0,0,176,0,0
2024-09-04,三,0,,2024,9,4,2,0,0,0,0,0,176,0,0
2024-09-05,四,0,,2024,9,5,3,0,0,0,0,0,176,0,0
2024-09-06,五,0,,2024,9,6,4,0,0,0,0,0,176,0,0
2024-09-07,六,2,,2024,9,7,5,1,1,0,0,0,177,2,0
2024-09-08,日,2,,2024,9,8,6,1,1,0,0,0,177,2,0
2024-09-09,一,0,,2024,9,9,0,0,0,0,0,0,178,0,0
2024-09-10,二,0,,2024,9,10,1,0,0,0,0,0,178,0,0
2024-09-11,三,0,,2024,9,11,2,0,0,0,0,0,178,0,0
2024-09-12,四,0,,2024,9,12,3,0,0,0,0,0,178,0,0
2024-09-13,五,0,,2024,9,13,4,0,0,0,0,0,178,0,0
2024-09-14,六,2,,2024,9,14,5,1,1,0,0,0,179,2,0
2024-09-15,日,2,,2024,9,15,6,1,1,0,0,0,179,2,0
2024-09-16,一,0,,2024,9,16,0,0,0,0,0,0,180,0,0
2024-09-17,二,2,中秋節,2024,9,17,1,0,1,1,0,0,181,1,0
2024-09-18,三,0,,2024,9,18,2,0,0,0,0,0,182,0,0
2024-09-19,四,0,,2024,9,19,3,0,0,0,0,0,182,0,0
2024-09-20,五,0,,2024,9,20,4,0,0,0,0,0,182,0,0
2024-09-21,六,2,,2024,9,21,5,1,1,0,0,0,183,2,0
2024-09-22,日,2,,2024,9,22,6,1,1,0,0,0,183,2,0
2024-09-23,一,0,,2024,9,23,0,0,0,0,0,0,184,0,0
2024-09-24,二,0,,2024,9,24,1,0,0,0,0,0,184,0,0
2024-09-25,三,0,,2024,9,25,2,0,0,0,0,0,184,0,0
2024-09-26,四,0,,2024,9,26,3,0,0,0,0,0,184,0,0
2024-09-27,五,0,,2024,9,27,4,0,0,0,0,0,184,0,0
2024-09-28,六,2,,2024,9,28,5,1,1,0,0,0,185,2,0
2024-09-29,日,2,,2024,9,29,6,1,1,0,0,0,185,2,0
2024-09-30,一,0,,2024,9,30,0,0,0,0,0,0,186,0,0
2024-10-01,二,0,,2024,10,1,1,0,0,0,0,0,186,0,0
2024-10-02,三,0,,2024,10,2,2,0,0,0,0,0,186,0,0
2024-10-03,四,0,,2024,10,3,3,0,0,0,0,0,186,0,0
2024-10-04,五,0,,2024,10,4,4,0,0,0,0,0,186,0,0
2024-10-05,六,2,,2024,10,5,5,1,1,0,0,0,187,2,0
2024-10-06,日,2,,2024,10,6,6,1,1,0,0,0,187,2,0
2024-10-07,一,0,,2024,10,7,0,0,0,0,0,0,188,0,0
2024-10-08,二,0,,2024,10,8,1,0,0,0,0,0,188,0,0
2024-10-09,三,0,,2024,10,9,2,0,0,0,0,0,188,0,0
2024-10-10,四,2,國慶日,2024,10,10,3,0,1,1,0,0,189,1,0
2024-10-11,五,0,,2024,10,11,4,0,0,0,0,0,190,0,0
2024-10-12,六,2,,2024,10,12,5,1,1,0,0,0,191,2,0
2024-10-13,日,2,,2024,10,13,6,1,1,0,0,0,191,2,0
2024-10-14,一,0,,2024,10,14,0,0,0,0,0,0,192,0,0
2024-10-15,二,0,,2024,10,15,1,0,0,0,0,0,192,0,0
2024-10-16,三,0,,2024,10,16,2,0,0,0,0,0,192,0,0
2024-10-17,四,0,,2024,10,17,3,0,0,0,0,0,192,0,0
2024-10-18,五,0,,2024,10,18,4,0,0,0,0,0,192,0,0
2024-10-19,六,2,,2024,10,19,5,1,1,0,0,0,193,2,0
2024-10-20,日,2,,2024,10,20,6,1,1,0,0,0,193,2,0
2024-10-21,一,0,,2024,10,21,0,0,0,0,0,0,194,0,0
2024-10-22,二,0,,2024,10,22,1,0,0,0,0,0,194,0,0
2024-10-23,三,0,,2024,10,23,2,0,0,0,0,0,194,0,0
2024-10-24,四,0,,2024,10,24,3,0,0,0,0,0,194,0,0
2024-10-25,五,0,,2024,10,25,4,0,0,0,0,0,194,0,0
2024-10-26,六,2,,2024,10,26,5,1,1,0,0,0,195,2,0
2024-10-27,日,2,,2024,10,27,6,1,1,0,0,0,195,2,0
2024-10-28,一,0,,2024,10,28,0,0,0,0,0,0,196,0,0
2024-10-29,二,0,,2024,10,29,1,0,0,0,0,0,196,0,0
2024-10-30,三,0,,2024,10,30,2,0,0,0,0,0,196,0,0
2024-10-31,四,0,,2024,10,31,3,0,0,0,0,0,196,0,0
2024-11-01,五,0,,2024,11,1,4,0,0,0,0,0,196,0,0
2024-11-02,六,2,,2024,11,2,5,1,1,0,0,0,197,2,0
2024-11-03,日,2,,2024,11,3,6,1,1,0,0,0,197,2,0
2024-11-04,一,0,,2024,11,4,0,0,0,0,0,0,198,0,0
2024-11-05,二,0,,2024,11,5,1,0,0,0,0,0,198,0,0
2024-11-06,三,0,,2024,11,6,2,0,0,0,0,0,198,0,0
2024-11-07,四,0,,2024,11,7,3,0,0,0,0,0,198,0,0
2024-11-08,五,0,,2024,11,8,4,0,0,0,0,0,198,0,0
2024-11-09,六,2,,2024,11,9,5,1,1,0,0,0,199,2,0
2024-11-10,日,2,,2024,11,10,6,1,1,0,0,0,199,2,0
2024-11-11,一,0,,2024,11,11,0,0,0,0,0,0,200,0,0
2024-11-12,二,0,,2024,11,12,1,0,0,0,0,0,200,0,0
2024-11-13,三,0,,2024,11,13,2,0,0,0,0,0,200,0,0
2024-11-14,四,0,,2024,11,14,3,0,0,0,0,0,200,0,0
2024-11-15,五,0,,2024,11,15,4,0,0,0,0,0,200,0,0
2024-11-16,六,2,,2024,11,16,5,1,1,0,0,0,201,2,0
2024-11-17,日,2,,2024,11,17,6,1,1,0,0,0,201,2,0
2024-11-18,一,0,,2024,11,18,0,0,0,0,0,0,202,0,0
2024-11-19,二,0,,2024,11,19,1,0,0,0,0,0,202,0,0
2024-11-20,三,0,,2024,11,20,2,0,0,0,0,0,202,0,0
2024-11-21,四,0,,2024,11,21,3,0,0,0,0,0,202,0,0
2024-11-22,五,0,,2024,11,22,4,0,0,0,0,0,202,0,0
2024-11-23,六,2,,2024,11,23,5,1,1,0,0,0,203,2,0
2024-11-24,日,2,,2024,11,24,6,1,1,0,0,0,203,2,0
2024-11-25,一,0,,2024,11,25,0,0,0,0,0,0,204,0,0
2024-11-26,二,0,,2024,11,26,1,0,0,0,0,0,204,0,0
2024-11-27,三,0,,2024,11,27,2,0,0,0,0,0,204,0,0
2024-11-28,四,0,,2024,11,28,3,0,0,0,0,0,204,0,0
2024-11-29,五,0,,2024,11,29,4,0,0,0,0,0,204,0,0
2024-11-30,六,2,,2024,11,30,5,1,1,0,0,0,205,2,0
2024-12-01,日,2,,2024,12,1,6,1,1,0,0,0,205,2,0
2024-12-02,一,0,,2024,12,2,0,0,0,0,0,0,206,0,0
2024-12-03,二,0,,2024,12,3,1,0,0,0,0,0,206,0,0
2024-12-04,三,0,,2024,12,4,2,0,0,0,0,0,206,0,0
2024-12-05,四,0,,2024,12,5,3,0,0,0,0,0,206,0,0
2024-12-06,五,0,,2024,12,6,4,0,0,0,0,0,206,0,0
2024-12-07,六,2,,2024,12,7,5,1,1,0,0,0,207,2,0
2024-12-08,日,2,,2024,12,8,6,1,1,0,0,0,207,2,0
2024-12-09,一,0,,2024,12,9,0,0,0,0,0,0,208,0,0
2024-12-10,二,0,,2024,12,10,1,0,0,0,0,0,208,0,0
2024-12-11,三,0,,2024,12,11,2,0,0,0,0,0,208,0,0
2024-12-12,四,0,,2024,12,12,3,0,0,0,0,0,208,0,0
2024-12-13,五,0,,2024,12,13,4,0,0,0,0,0,208,0,0
2024-12-14,六,2,,2024,12,14,5,1,1,0,0,0,209,2,0
2024-12-15,日,2,,2024,12,15,6,1,1,0,0,0,209,2,0
2024-12-16,一,0,,2024,12,16,0,0,0,0,0,0,210,0,0
2024-12-17,二,0,,2024,12,17,1,0,0,0,0,0,210,0,0
2024-12-18,三,0,,2024,12,18,2,0,0,0,0,0,210,0,0
2024-12-19,四,0,,2024,12,19,3,0,0,0,0,0,210,0,0
2024-12-20,五,0,,2024,12,20,4,0,0,0,0,0,210,0,0
2024-12-21,六,2,,2024,12,21,5,1,1,0,0,0,211,2,0
2024-12-22,日,2,,2024,12,22,6,1,1,0,0,0,211,2,0
2024-12-23,一,0,,2024,12,23,0,0,0,0,0,0,212,0,0
2024-12-24,二,0,,2024,12,24,1,0,0,0,0,0,212,0,0
2024-12-25,三,0,,2024,12,25,2,0,0,0,0,0,212,0,0
2024-12-26,四,0,,2024,12,26,3,0,0,0,0,0,212,0,0
2024-12-27,五,0,,2024,12,27,4,0,0,0,0,0,212,0,0
2024-12-28,六,2,,2024,12,28,5,1,1,0,0,0,213,2,0
2024-12-29,日,2,,2024,12,29,6,1,1,0,0,0,213,2,0
2024-12-30,一,0,,2024,12,30,0,0,0,0,0,0,214,0,0
2024-12-31,二,0,,2024,12,31,1,0,0,0,0,0,214,0,0
2025-01-01,三,2,開國紀念日,2025,1,1,2,0,1,1,0,0,215,1,0
2025-01-02,四,0,,2025,1,2,3,0,0,0,0,0,216,0,0
2025-01-03,五,0,,2025,1,3,4,0,0,0,0,0,216,0,0
2025-01-04,六,2,,2025,1,4,5,1,1,0,0,0,217,2,0
2025-01-05,日,2,,2025,1,5,6,1,1,0,0,0,217,2,0
2025-01-06,一,0,,2025,1,6,0,0,0,0,0,0,218,0,0
2025-01-07,二,0,,2025,1,7,1,0,0,0,0,0,218,0,0
2025-01-08,三,0,,2025,1,8,2,0,0,0,0,0,218,0,0
2025-01-09,四,0,,2025,1,9,3,0,0,0,0,0,218,0,0
2025-01-10,五,0,,2025,1,10,4,0,0,0,0,0,218,0,0
2025-01-11,六,2,,2025,1,11,5,1,1,0,0,0,219,2,0
2025-01-12,日,2,,2025,1,12,6,1,1,0,0,0,219,2,0
2025-01-13,一,0,,2025,1,13,0,0,0,0,0,0,220,0,0
2025-01-14,二,0,,2025,1,14,1,0,0,0,0,0,220,0,0
2025-01-15,三,0,,2025,1,15,2,0,0,0,0,0,220,0,0
2025-01-16,四,0,,2025,1,16,3,0,0,0,0,0,220,0,0
2025-01-17,五,0,,2025,1,17,4,0,0,0,0,0,220,0,0
2025-01-18,六,2,,2025,1,18,5,1,1,0,0,0,221,2,0
2025-01-19,日,2,,2025,1,19,6,1,1,0,0,0,221,2,0
2025-01-20,一,0,,2025,1,20,0,0,0,0,0,0,222,0,0
2025-01-21,二,0,,2025,1,21,1,0,0,0,0,0,222,0,0
2025-01-22,三,0,,2025,1,22,2,0,0,0,0,0,222,0,0
2025-01-23,四,0,,2025,1,23,3,0,0,0,0,0,222,0,0
2025-01-24,五,0,,2025,1,24,4,0,0,0,0,0,222,0,0
2025-01-25,六,2,,2025,1,25,5,1,1,0,0,0,223,9,1
2025-01-26,日,2,,2025,1,26,6,1,1,0,0,0,223,9,1
2025-01-27,一,2,小年夜,2025,1,27,0,0,1,1,0,1,223,9,1
2025-01-28,二,2,農曆除夕,2025,1,28,1,0,1,1,0,1,223,9,1
2025-01-29,三,2,春節,2025,1,29,2,0,1,1,0,1,223,9,1
2025-01-30,四,2,春節,2025,1,30,3,0,1,1,0,1,223,9,1
2025-01-31,五,2,春節,2025,1,31,4,0,1,1,0,1,223,9,1
2025-02-01,六,2,,2025,2,1,5,1,1,0,0,0,223,9,1
2025-02-02,日,2,,2025,2,2,6,1,1,0,0,0,223,9,1
2025-02-03,一,0,,2025,2,3,0,0,0,0,0,0,224,0,0
2025-02-04,二,0,,2025,2,4,1,0,0,0,0,0,224,0,0
2025-02-05,三,0,,2025,2,5,2,0,0,0,0,0,224,0,0
2025-02-06,四,0,,2025,2,6,3,0,0,0,0,0,224,0,0
2025-02-07,五,0,,2025,2,7,4,0,0,0,0,0,224,0,0
2025-02-08,六,0,補行上班,2025,2,8,5,1,0,0,1,0,224,0,0
2025-02-09,日,2,,2025,2,9,6,1,1,0,0,0,225,1,0
2025-02-10,一,0,,2025,2,10,0,0,0,0,0,0,226,0,0
2025-02-11,二,0,,2025,2,11,1,0,0,0,0,0,226,0,0
2025-02-12,三,0,,2025,2,12,2,0,0,0,0,0,226,0,0
2025-02-13,四,0,,2025,2,13,3,0,0,0,0,0,226,0,0
2025-02-14,五,0,,2025,2,14,4,0,0,0,0,0,226,0,0
2025-02-15,六,2,,2025,2,15,5,1,1,0,0,0,227,2,0
2025-02-16,日,2,,2025,2,16,6,1,1,0,0,0,227,2,0
2025-02-17,一,0,,2025,2,17,0,0,0,0,0,0,228,0,0
2025-02-18,二,0,,2025,2,18,1,0,0,0,0,0,228,0,0
2025-02-19,三,0,,2025,2,19,2,0,0,0,0,0,228,0,0
2025-02-20,四,0,,2025,2,20,3,0,0,0,0,0,228,0,0
2025-02-21,五,0,,2025,2,21,4,0,0,0,0,0,228,0,0
2025-02-22,六,2,,2025,2,22,5,1,1,0,0,0,229,2,0
2025-02-23,日,2,,2025,2,23,6,1,1,0,0,0,229,2,0
2025-02-24,一,0,,2025,2,24,0,0,0,0,0,0,230,0,0
2025-02-25,二,0,,2025,2,25,1,0,0,0,0,0,230,0,0
2025-02-26,三,0,,2025,2,26,2,0,0,0,0,0,230,0,0
2025-02-27,四,0,,2025,2,27,3,0,0,0,0,0,230,0,0
2025-02-28,五,2,和平紀念日,2025,2,28,4,0,1,1,0,0,231,3,1
2025-03-01,六,2,,2025,3,1,5,1,1,0,0,0,231,3,1
2025-03-02,日,2,,2025,3,2,6,1,1,0,0,0,231,3,1
2025-03-03,一,0,,2025,3,3,0,0,0,0,0,0,232,0,0
2025-03-04,二,0,,2025,3,4,1,0,0,0,0,0,232,0,0
2025-03-05,三,0,,2025,3,5,2,0,0,0,0,0,232,0,0
2025-03-06,四,0,,2025,3,6,3,0,0,0,0,0,232,0,0
2025-03-07,五,0,,2025,3,7,4,0,0,0,0,0,232,0,0
2025-03-08,六,2,,2025,3,8,5,1,1,0,0,0,233,2,0
2025-03-09,日,2,,2025,3,9,6,1,1,0,0,0,233,2,0
2025-03-10,一,0,,2025,3,10,0,0,0,0,0,0,234,0,0
2025-03-11,二,0,,2025,3,11,1,0,0,0,0,0,234,0,0
2025-03-12,三,0,,2025,3,12,2,0,0,0,0,0,234,0,0
2025-03-13,四,0,,2025,3,13,3,0,0,0,0,0,234,0,0
2025-03-14,五,0,,2025,3,14,4,0,0,0,0,0,234,0,0
2025-03-15,六,2,,2025,3,15,5,1,1,0,0,0,235,2,0
2025-03-16,日,2,,2025,3,16,6,1,1,0,0,0,235,2,0
2025-03-17,一,0,,2025,3,17,0,0,0,0,0,0,236,0,0
2025-03-18,二,0,,2025,3,18,1,0,0,0,0,0,236,0,0
2025-03-19,三,0,,2025,3,19,2,0,0,0,0,0,236,0,0
2025-03-20,四,0,,2025,3,20,3,0,0,0,0,0,236,0,0
2025-03-21,五,0,,2025,3,21,4,0,0,0,0,0,236,0,0
2025-03-22,六,2,,2025,3,22,5,1,1,0,0,0,237,2,0
2025-03-23,日,2,,2025,3,23,6,1,1,0,0,0,237,2,0
2025-03-24,一,0,,2025,3,24,0,0,0,0,0,0,238,0,0
2025-03-25,二,0,,2025,3,25,1,0,0,0,0,0,238,0,0
2025-03-26,三,0,,2025,3,26,2,0,0,0,0,0,238,0,0
2025-03-27,四,0,,2025,3,27,3,0,0,0,0,0,238,0,0
2025-03-28,五,0,,2025,3,28,4,0,0,0,0,0,238,0,0
2025-03-29,六,2,,2025,3,29,5,1,1,0,0,0,239,2,0
2025-03-30,日,2,,2025,3,30,6,1,1,0,0,0,239,2,0
2025-03-31,一,0,,2025,3,31,0,0,0,0,0,0,240,0,0
2025-04-01,二,0,,2025,4,1,1,0,0,0,0,0,240,0,0
2025-04-02,三,0,,2025,4,2,2,0,0,0,0,0,240,0,0
2025-04-03,四,2,補假,2025,4,3,3,0,1,1,0,0,241,4,1
2025-04-04,五,2,兒童節及民族掃墓節,2025,4,4,4,0,1,1,0,0,241,4,1
2025-04-05,六,2,,2025,4,5,5,1,1,0,0,0,241,4,1
2025-04-06,日,2,,2025,4,6,6,1,1,0,0,0,241,4,1
2025-04-07,一,0,,2025,4,7,0,0,0,0,0,0,242,0,0
2025-04-08,二,0,,2025,4,8,1,0,0,0,0,0,242,0,0
2025-04-09,三,0,,2025,4,9,2,0,0,0,0,0,242,0,0
2025-04-10,四,0,,2025,4,10,3,0,0,0,0,0,242,0,0
2025-04-11,五,0,,2025,4,11,4,0,0,0,0,0,242,0,0
2025-04-12,六,2,,2025,4,12,5,1,1,0,0,0,243,2,0
2025-04-13,日,2,,2025,4,13,6,1,1,0,0,0,243,2,0
2025-04-14,一,0,,2025,4,14,0,0,0,0,0,0,244,0,0
2025-04-15,二,0,,2025,4,15,1,0,0,0,0,0,244,0,0
2025-04-16,三,0,,2025,4,16,2,0,0,0,0,0,244,0,0
2025-04-17,四,0,,2025,4,17,3,0,0,0,0,0,244,0,0
2025-04-18,五,0,,2025,4,18,4,0,0,0,0,0,244,0,0
2025-04-19,六,2,,2025,4,19,5,1,1,0,0,0,245,2,0
2025-04-20,日,2,,2025,4,20,6,1,1,0,0,0,245,2,0
2025-04-21,一,0,,2025,4,21,0,0,0,0,0,0,246,0,0
2025-04-22,二,0,,2025,4,22,1,0,0,0,0,0,246,0,0
2025-04-23,三,0,,2025,4,23,2,0,0,0,0,0,246,0,0
2025-04-24,四,0,,2025,4,24,3,0,0,0,0,0,246,0,0
2025-04-25,五,0,,2025,4,25,4,0,0,0,0,0,246,0,0
2025-04-26,六,2,,2025,4,26,5,1,1,0,0,0,247,2,0
2025-04-27,日,2,,2025,4,27,6,1,1,0,0,0,247,2,0
2025-04-28,一,0,,2025,4,28,0,0,0,0,0,0,248,0,0
2025-04-29,二,0,,2025,4,29,1,0,0,0,0,0,248,0,0
2025-04-30,三,0,,2025,4,30,2,0,0,0,0,0,248,0,0
2025-05-01,四,0,,2025,5,1,3,0,0,0,0,0,248,0,0
2025-05-02,五,0,,2025,5,2,4,0,0,0,0,0,248,0,0
2025-05-03,六,2,,2025,5,3,5,1,1,0,0,0,249,2,0
2025-05-04,日,2,,2025,5,4,6,1,1,0,0,0,249,2,0
2025-05-05,一,0,,2025,5,5,0,0,0,0,0,0,250,0,0
2025-05-06,二,0,,2025,5,6,1,0,0,0,0,0,250,0,0
2025-05-07,三,0,,2025,5,7,2,0,0,0,0,0,250,0,0
2025-05-08,四,0,,2025,5,8,3,0,0,0,0,0,250,0,0
2025-05-09,五,0,,2025,5,9,4,0,0,0,0,0,250,0,0
2025-05-10,六,2,,2025,5,10,5,1,1,0,0,0,251,2,0
2025-05-11,日,2,,2025,5,11,6,1,1,0,0,0,251,2,0
2025-05-12,一,0,,2025,5,12,0,0,0,0,0,0,252,0,0
2025-05-13,二,0,,2025,5,13,1,0,0,0,0,0,252,0,0
2025-05-14,三,0,,2025,5,14,2,0,0,0,0,0,252,0,0
2025-05-15,四,0,,2025,5,15,3,0,0,0,0,0,252,0,0
2025-05-16,五,0,,2025,5,16,4,0,0,0,0,0,252,0,0
2025-05-17,六,2,,2025,5,17,5,1,1,0,0,0,253,2,0
2025-05-18,日,2,,2025,5,18,6,1,1,0,0,0,253,2,0
2025-05-19,一,0,,2025,5,19,0,0,0,0,0,0,254,0,0
2025-05-20,二,0,,2025,5,20,1,0,0,0,0,0,254,0,0
2025-05-21,三,0,,2025,5,21,2,0,0,0,0,0,254,0,0
2025-05-22,四,0,,2025,5,22,3,0,0,0,0,0,254,0,0
2025-05-23,五,0,,2025,5,23,4,0,0,0,0,0,254,0,0
2025-05-24,六,2,,2025,5,24,5,1,1,0,0,0,255,2,0
2025-05-25,日,2,,2025,5,25,6,1,1,0,0,0,255,2,0
2025-05-26,一,0,,2025,5,26,0,0,0,0,0,0,256,0,0
2025-05-27,二,0,,2025,5,27,1,0,0,0,0,0,256,0,0
2025-05-28,三,0,,2025,5,28,2,0,0,0,0,0,256,0,0
2025-05-29,四,0,,2025,5,29,3,0,0,0,0,0,256,0,0
2025-05-30,五,2,補假,2025,5,30,4,0,1,1,0,0,257,3,1
2025-05-31,六,2,端午節,2025,5,31,5,1,1,0,0,0,257,3,1
2025-06-01,日,2,,2025,6,1,6,1,1,0,0,0,257,3,1
2025-06-02,一,0,,2025,6,2,0,0,0,0,0,0,258,0,0
2025-06-03,二,0,,2025,6,3,1,0,0,0,0,0,258,0,0
2025-06-04,三,0,,2025,6,4,2,0,0,0,0,0,258,0,0
2025-06-05,四,0,,2025,6,5,3,0,0,0,0,0,258,0,0
2025-06-06,五,0,,2025,6,6,4,0,0,0,0,0,258,0,0
2025-06-07,六,2,,2025,6,7,5,1,1,0,0,0,259,2,0
2025-06-08,日,2,,2025,6,8,6,1,1,0,0,0,259,2,0
2025-06-09,一,0,,2025,6,9,0,0,0,0,0,0,260,0,0
2025-06-10,二,0,,2025,6,10,1,0,0,0,0,0,260,0,0
2025-06-11,三,0,,2025,6,11,2,0,0,0,0,0,260,0,0
2025-06-12,四,0,,2025,6,12,3,0,0,0,0,0,260,0,0
2025-06-13,五,0,,2025,6,13,4,0,0,0,0,0,260,0,0
2025-06-14,六,2,,2025,6,14,5,1,1,0,0,0,261,2,0
2025-06-15,日,2,,2025,6,15,6,1,1,0,0,0,261,2,0
2025-06-16,一,0,,2025,6,16,0,0,0,0,0,0,262,0,0
2025-06-17,二,0,,2025,6,17,1,0,0,0,0,0,262,0,0
2025-06-18,三,0,,2025,6,18,2,0,0,0,0,0,262,0,0
2025-06-19,四,0,,2025,6,19,3,0,0,0,0,0,262,0,0
2025-06-20,五,0,,2025,6,20,4,0,0,0,0,0,262,0,0
2025-06-21,六,2,,2025,6,21,5,1,1,0,0,0,263,2,0
2025-06-22,日,2,,2025,6,22,6,1,1,0,0,0,263,2,0
2025-06-23,一,0,,2025,6,23,0,0,0,0,0,0,264,0,0
2025-06-24,二,0,,2025,6,24,1,0,0,0,0,0,264,0,0
2025-06-25,三,0,,2025,6,25,2,0,0,0,0,0,264,0,0
2025-06-26,四,0,,2025,6,26,3,0,0,0,0,0,264,0,0
2025-06-27,五,0,,2025,6,27,4,0,0,0,0,0,264,0,0
2025-06-28,六,2,,2025,6,28,5,1,1,0,0,0,265,2,0
2025-06-29,日,2,,2025,6,29,6,1,1,0,0,0,265,2,0
2025-06-30,一,0,,2025,6,30,0,0,0,0,0,0,266,0,0
2025-07-01,二,0,,2025,7,1,1,0,0,0,0,0,266,0,0
2025-07-02,三,0,,2025,7,2,2,0,0,0,0,0,266,0,0
2025-07-03,四,0,,2025,7,3,3,0,0,0,0,0,266,0,0
2025-07-04,五,0,,2025,7,4,4,0,0,0,0,0,266,0,0
2025-07-05,六,2,,2025,7,5,5,1,1,0,0,0,267,2,0
2025-07-06,日,2,,2025,7,6,6,1,1,0,0,0,267,2,0
2025-07-07,一,0,,2025,7,7,0,0,0,0,0,0,268,0,0
2025-07-08,二,0,,2025,7,8,1,0,0,0,0,0,268,0,0
2025-07-09,三,0,,2025,7,9,2,0,0,0,0,0,268,0,0
2025-07-10,四,0,,2025,7,10,3,0,0,0,0,0,268,0,0
2025-07-11,五,0,,2025,7,11,4,0,0,0,0,0,268,0,0
2025-07-12,六,2,,2025,7,12,5,1,1,0,0,0,269,2,0
2025-07-13,日,2,,2025,7,13,6,1,1,0,0,0,269,2,0
2025-07-14,一,0,,2025,7,14,0,0,0,0,0,0,270,0,0
2025-07-15,二,0,,2025,7,15,1,0,0,0,0,0,270,0,0
2025-07-16,三,0,,2025,7,16,2,0,0,0,0,0,270,0,0
2025-07-17,四,0,,2025,7,17,3,0,0,0,0,0,270,0,0
2025-07-18,五,0,,2025,7,18,4,0,0,0,0,0,270,0,0
2025-07-19,六,2,,2025,7,19,5,1,1,0,0,0,271,2,0
2025-07-20,日,2,,2025,7,20,6,1,1,0,0,0,271,2,0
2025-07-21,一,0,,2025,7,21,0,0,0,0,0,0,272,0,0
2025-07-22,二,0,,2025,7,22,1,0,0,0,0,0,272,0,0
2025-07-23,三,0,,2025,7,23,2,0,0,0,0,0,272,0,0
2025-07-24,四,0,,2025,7,24,3,0,0,0,0,0,272,0,0
2025-07-25,五,0,,2025,7,25,4,0,0,0,0,0,272,0,0
2025-07-26,六,2,,2025,7,26,5,1,1,0,0,0,273,2,0
2025-07-27,日,2,,2025,7,27,6,1,1,0,0,0,273,2,0
2025-07-28,一,0,,2025,7,28,0,0,0,0,0,0,274,0,0
2025-07-29,二,0,,2025,7,29,1,0,0,0,0,0,274,0,0
2025-07-30,三,0,,2025,7,30,2,0,0,0,0,0,274,0,0
2025-07-31,四,0,,2025,7,31,3,0,0,0,0,0,274,0,0
2025-08-01,五,0,,2025,8,1,4,0,0,0,0,0,274,0,0
2025-08-02,六,2,,2025,8,2,5,1,1,0,0,0,275,2,0
2025-08-03,日,2,,2025,8,3,6,1,1,0,0,0,275,2,0
2025-08-04,一,0,,2025,8,4,0,0,0,0,0,0,276,0,0
2025-08-05,二,0,,2025,8,5,1,0,0,0,0,0,276,0,0
2025-08-06,三,0,,2025,8,6,2,0,0,0,0,0,276,0,0
2025-08-07,四,0,,2025,8,7,3,0,0,0,0,0,276,0,0
2025-08-08,五,0,,2025,8,8,4,0,0,0,0,0,276,0,0
2025-08-09,六,2,,2025,8,9,5,1,1,0,0,0,277,2,0
2025-08-10,日,2,,2025,8,10,6,1,1,0,0,0,277,2,0
2025-08-11,一,0,,2025,8,11,0,0,0,0,0,0,278,0,0
2025-08-12,二,0,,2025,8,12,1,0,0,0,0,0,278,0,0
2025-08-13,三,0,,2025,8,13,2,0,0,0,0,0,278,0,0
2025-08-14,四,0,,2025,8,14,3,0,0,0,0,0,278,0,0
2025-08-15,五,0,,2025,8,15,4,0,0,0,0,0,278,0,0
2025-08-16,六,2,,2025,8,16,5,1,1,0,0,0,279,2,0
2025-08-17,日,2,,2025,8,17,6,1,1,0,0,0,279,2,0
2025-08-18,一,0,,2025,8,18,0,0,0,0,0,0,280,0,0
2025-08-19,二,0,,2025,8,19,1,0,0,0,0,0,280,0,0
2025-08-20,三,0,,2025,8,20,2,0,0,0,0,0,280,0,0
2025-08-21,四,0,,2025,8,21,3,0,0,0,0,0,280,0,0
2025-08-22,五,0,,2025,8,22,4,0,0,0,0,0,280,0,0
2025-08-23,六,2,,2025,8,23,5,1,1,0,0,0,281,2,0
2025-08-24,日,2,,2025,8,24,6,1,1,0,0,0,281,2,0
2025-08-25,一,0,,2025,8,25,0,0,0,0,0,0,282,0,0
2025-08-26,二,0,,2025,8,26,1,0,0,0,0,0,282,0,0
2025-08-27,三,0,,2025,8,27,2,0,0,0,0,0,282,0,0
2025-08-28,四,0,,2025,8,28,3,0,0,0,0,0,282,0,0
2025-08-29,五,0,,2025,8,29,4,0,0,0,0,0,282,0,0
2025-08-30,六,2,,2025,8,30,5,1,1,0,0,0,283,2,0
2025-08-31,日,2,,2025,8,31,6,1,1,0,0,0,283,2,0
2025-09-01,一,0,,2025,9,1,0,0,0,0,0,0,284,0,0
2025-09-02,二,0,,2025,9,2,1,0,0,0,0,0,284,0,0
2025-09-03,三,0,,2025,9,3,2,0,0,0,0,0,284,0,0
2025-09-04,四,0,,2025,9,4,3,0,0,0,0,0,284,0,0
2025-09-05,五,0,,2025,9,5,4,0,0,0,0,0,284,0,0
2025-09-06,六,2,,2025,9,6,5,1,1,0,0,0,285,2,0
2025-09-07,日,2,,2025,9,7,6,1,1,0,0,0,285,2,0
2025-09-08,一,0,,2025,9,8,0,0,0,0,0,0,286,0,0
2025-09-09,二,0,,2025,9,9,1,0,0,0,0,0,286,0,0
2025-09-10,三,0,,2025,9,10,2,0,0,0,0,0,286,0,0
2025-09-11,四,0,,2025,9,11,3,0,0,0,0,0,286,0,0
2025-09-12,五,0,,2025,9,12,4,0,0,0,0,0,286,0,0
2025-09-13,六,2,,2025,9,13,5,1,1,0,0,0,287,2,0
2025-09-14,日,2,,2025,9,14,6,1,1,0,0,0,287,2,0
2025-09-15,一,0,,2025,9,15,0,0,0,0,0,0,288,0,0
2025-09-16,二,0,,2025,9,16,1,0,0,0,0,0,288,0,0
2025-09-17,三,0,,2025,9,17,2,0,0,0,0,0,288,0,0
2025-09-18,四,0,,2025,9,18,3,0,0,0,0,0,288,0,0
2025-09-19,五,0,,2025,9,19,4,0,0,0,0,0,288,0,0
2025-09-20,六,2,,2025,9,20,5,1,1,0,0,0,289,2,0
2025-09-21,日,2,,2025,9,21,6,1,1,0,0,0,289,2,0
2025-09-22,一,0,,2025,9,22,0,0,0,0,0,0,290,0,0
2025-09-23,二,0,,2025,9,23,1,0,0,0,0,0,290,0,0
2025-09-24,三,0,,2025,9,24,2,0,0,0,0,0,290,0,0
2025-09-25,四,0,,2025,9,25,3,0,0,0,0,0,290,0,0
2025-09-26,五,0,,2025,9,26,4,0,0,0,0,0,290,0,0
2025-09-27,六,2,,2025,9,27,5,1,1,0,0,0,291,3,1
2025-09-28,日,2,孔子誕辰紀念日,2025,9,28,6,1,1,0,0,0,291,3,1
2025-09-29,一,2,補假,2025,9,29,0,0,1,1,0,0,291,3,1
2025-09-30,二,0,,2025,9,30,1,0,0,0,0,0,292,0,0
2025-10-01,三,0,,2025,10,1,2,0,0,0,0,0,292,0,0
2025-10-02,四,0,,2025,10,2,3,0,0,0,0,0,292,0,0
2025-10-03,五,0,,2025,10,3,4,0,0,0,0,0,292,0,0
2025-10-04,六,2,,2025,10,4,5,1,1,0,0,0,293,3,1
2025-10-05,日,2,,2025,10,5,6,1,1,0,0,0,293,3,1
2025-10-06,一,2,中秋節,2025,10,6,0,0,1,1,0,0,293,3,1
2025-10-07,二,0,,2025,10,7,1,0,0,0,0,0,294,0,0
2025-10-08,三,0,,2025,10,8,2,0,0,0,0,0,294,0,0
2025-10-09,四,0,,2025,10,9,3,0,0,0,0,0,294,0,0
2025-10-10,五,2,國慶日,2025,10,10,4,0,1,1,0,0,295,3,1
2025-10-11,六,2,,2025,10,11,5,1,1,0,0,0,295,3,1
2025-10-12,日,2,,2025,10,12,6,1,1,0,0,0,295,3,1
2025-10-13,一,0,,2025,10,13,0,0,0,0,0,0,296,0,0
2025-10-14,二,0,,2025,10,14,1,0,0,0,0,0,296,0,0
2025-10-15,三,0,,2025,10,15,2,0,0,0,0,0,296,0,0
2025-10-16,四,0,,2025,10,16,3,0,0,0,0,0,296,0,0
2025-10-17,五,0,,2025,10,17,4,0,0,0,0,0,296,0,0
2025-10-18,六,2,,2025,10,18,5,1,1,0,0,0,297,2,0
2025-10-19,日,2,,2025,10,19,6,1,1,0,0,0,297,2,0
2025-10-20,一,0,,2025,10,20,0,0,0,0,0,0,298,0,0
2025-10-21,二,0,,2025,10,21,1,0,0,0,0,0,298,0,0
2025-10-22,三,0,,2025,10,22,2,0,0,0,0,0,298,0,0
2025-10-23,四,0,,2025,10,23,3,0,0,0,0,0,298,0,0
2025-10-24,五,2,補假,2025,10,24,4,0,1,1,0,0,299,3,1
2025-10-25,六,2,臺灣光復暨金門古寧頭大捷紀念日,2025,10,25,5,1,1,0,0,0,299,3,1
2025-10-26,日,2,,2025,10,26,6,1,1,0,0,0,299,3,1
2025-10-27,一,0,,2025,10,27,0,0,0,0,0,0,300,0,0
2025-10-28,二,0,,2025,10,28,1,0,0,0,0,0,300,0,0
2025-10-29,三,0,,2025,10,29,2,0,0,0,0,0,300,0,0
2025-10-30,四,0,,2025,10,30,3,0,0,0,0,0,300,0,0
2025-10-31,五,0,,2025,10,31,4,0,0,0,0,0,300,0,0
2025-11-01,六,2,,2025,11,1,5,1,1,0,0,0,301,2,0
2025-11-02,日,2,,2025,11,2,6,1,1,0,0,0,301,2,0
2025-11-03,一,0,,2025,11,3,0,0,0,0,0,0,302,0,0
2025-11-04,二,0,,2025,11,4,1,0,0,0,0,0,302,0,0
2025-11-05,三,0,,2025,11,5,2,0,0,0,0,0,302,0,0
2025-11-06,四,0,,2025,11,6,3,0,0,0,0,0,302,0,0
2025-11-07,五,0,,2025,11,7,4,0,0,0,0,0,302,0,0
2025-11-08,六,2,,2025,11,8,5,1,1,0,0,0,303,2,0
2025-11-09,日,2,,2025,11,9,6,1,1,0,0,0,303,2,0
2025-11-10,一,0,,2025,11,10,0,0,0,0,0,0,304,0,0
2025-11-11,二,0,,2025,11,11,1,0,0,0,0,0,304,0,0
2025-11-12,三,0,,2025,11,12,2,0,0,0,0,0,304,0,0
2025-11-13,四,0,,2025,11,13,3,0,0,0,0,0,304,0,0
2025-11-14,五,0,,2025,11,14,4,0,0,0,0,0,304,0,0
2025-11-15,六,2,,2025,11,15,5,1,1,0,0,0,305,2,0
2025-11-16,日,2,,2025,11,16,6,1,1,0,0,0,305,2,0
2025-11-17,一,0,,2025,11,17,0,0,0,0,0,0,306,0,0
2025-11-18,二,0,,2025,11,18,1,0,0,0,0,0,306,0,0
2025-11-19,三,0,,2025,11,19,2,0,0,0,0,0,306,0,0
2025-11-20,四,0,,2025,11,20,3,0,0,0,0,0,306,0,0
2025-11-21,五,0,,2025,11,21,4,0,0,0,0,0,306,0,0
2025-11-22,六,2,,2025,11,22,5,1,1,0,0,0,307,2,0
2025-11-23,日,2,,2025,11,23,6,1,1,0,0,0,307,2,0
2025-11-24,一,0,,2025,11,24,0,0,0,0,0,0,308,0,0
2025-11-25,二,0,,2025,11,25,1,0,0,0,0,0,308,0,0
2025-11-26,三,0,,2025,11,26,2,0,0,0,0,0,308,0,0
2025-11-27,四,0,,2025,11,27,3,0,0,0,0,0,308,0,0
2025-11-28,五,0,,2025,11,28,4,0,0,0,0,0,308,0,0
2025-11-29,六,2,,2025,11,29,5,1,1,0,0,0,309,2,0
2025-11-30,日,2,,2025,11,30,6,1,1,0,0,0,309,2,0
2025-12-01,一,0,,2025,12,1,0,0,0,0,0,0,310,0,0
2025-12-02,二,0,,2025,12,2,1,0,0,0,0,0,310,0,0
2025-12-03,三,0,,2025,12,3,2,0,0,0,0,0,310,0,0
2025-12-04,四,0,,2025,12,4,3,0,0,0,0,0,310,0,0
2025-12-05,五,0,,2025,12,5,4,0,0,0,0,0,310,0,0
2025-12-06,六,2,,2025,12,6,5,1,1,0,0,0,311,2,0
2025-12-07,日,2,,2025,12,7,6,1,1,0,0,0,311,2,0
2025-12-08,一,0,,2025,12,8,0,0,0,0,0,0,312,0,0
2025-12-09,二,0,,2025,12,9,1,0,0,0,0,0,312,0,0
2025-12-10,三,0,,2025,12,10,2,0,0,0,0,0,312,0,0
2025-12-11,四,0,,2025,12,11,3,0,0,0,0,0,312,0,0
2025-12-12,五,0,,2025,12,12,4,0,0,0,0,0,312,0,0
2025-12-13,六,2,,2025,12,13,5,1,1,0,0,0,313,2,0
2025-12-14,日,2,,2025,12,14,6,1,1,0,0,0,313,2,0
2025-12-15,一,0,,2025,12,15,0,0,0,0,0,0,314,0,0
2025-12-16,二,0,,2025,12,16,1,0,0,0,0,0,314,0,0
2025-12-17,三,0,,2025,12,17,2,0,0,0,0,0,314,0,0
2025-12-18,四,0,,2025,12,18,3,0,0,0,0,0,314,0,0
2025-12-19,五,0,,2025,12,19,4,0,0,0,0,0,314,0,0
2025-12-20,六,2,,2025,12,20,5,1,1,0,0,0,315,2,0
2025-12-21,日,2,,2025,12,21,6,1,1,0,0,0,315,2,0
2025-12-22,一,0,,2025,12,22,0,0,0,0,0,0,316,0,0
2025-12-23,二,0,,2025,12,23,1,0,0,0,0,0,316,0,0
2025-12-24,三,0,,2025,12,24,2,0,0,0,0,0,316,0,0
2025-12-25,四,2,行憲紀念日,2025,12,25,3,0,1,1,0,0,317,1,0
2025-12-26,五,0,,2025,12,26,4,0,0,0,0,0,318,0,0
2025-12-27,六,2,,2025,12,27,5,1,1,0,0,0,319,2,0
2025-12-28,日,2,,2025,12,28,6,1,1,0,0,0,319,2,0
2025-12-29,一,0,,2025,12,29,0,0,0,0,0,0,320,0,0
2025-12-30,二,0,,2025,12,30,1,0,0,0,0,0,320,0,0
2025-12-31,三,0,,2025,12,31,2,0,0,0,0,0,320,0,0
2026-01-01,四,2,開國紀念日,2026,1,1,3,0,1,1,0,0,321,1,0
2026-01-02,五,0,,2026,1,2,4,0,0,0,0,0,322,0,0
2026-01-03,六,2,,2026,1,3,5,1,1,0,0,0,323,2,0
2026-01-04,日,2,,2026,1,4,6,1,1,0,0,0,323,2,0
2026-01-05,一,0,,2026,1,5,0,0,0,0,0,0,324,0,0
2026-01-06,二,0,,2026,1,6,1,0,0,0,0,0,324,0,0
2026-01-07,三,0,,2026,1,7,2,0,0,0,0,0,324,0,0
2026-01-08,四,0,,2026,1,8,3,0,0,0,0,0,324,0,0
2026-01-09,五,0,,2026,1,9,4,0,0,0,0,0,324,0,0
2026-01-10,六,2,,2026,1,10,5,1,1,0,0,0,325,2,0
2026-01-11,日,2,,2026,1,11,6,1,1,0,0,0,325,2,0
2026-01-12,一,0,,2026,1,12,0,0,0,0,0,0,326,0,0
2026-01-13,二,0,,2026,1,13,1,0,0,0,0,0,326,0,0
2026-01-14,三,0,,2026,1,14,2,0,0,0,0,0,326,0,0
2026-01-15,四,0,,2026,1,15,3,0,0,0,0,0,326,0,0
2026-01-16,五,0,,2026,1,16,4,0,0,0,0,0,326,0,0
2026-01-17,六,2,,2026,1,17,5,1,1,0,0,0,327,2,0
2026-01-18,日,2,,2026,1,18,6,1,1,0,0,0,327,2,0
2026-01-19,一,0,,2026,1,19,0,0,0,0,0,0,328,0,0
2026-01-20,二,0,,2026,1,20,1,0,0,0,0,0,328,0,0
2026-01-21,三,0,,2026,1,21,2,0,0,0,0,0,328,0,0
2026-01-22,四,0,,2026,1,22,3,0,0,0,0,0,328,0,0
2026-01-23,五,0,,2026,1,23,4,0,0,0,0,0,328,0,0
2026-01-24,六,2,,2026,1,24,5,1,1,0,0,0,329,2,0
2026-01-25,日,2,,2026,1,25,6,1,1,0,0,0,329,2,0
2026-01-26,一,0,,2026,1,26,0,0,0,0,0,0,330,0,0
2026-01-27,二,0,,2026,1,27,1,0,0,0,0,0,330,0,0
2026-01-28,三,0,,2026,1,28,2,0,0,0,0,0,330,0,0
2026-01-29,四,0,,2026,1,29,3,0,0,0,0,0,330,0,0
2026-01-30,五,0,,2026,1,30,4,0,0,0,0,0,330,0,0
2026-01-31,六,2,,2026,1,31,5,1,1,0,0,0,331,2,0
2026-02-01,日,2,,2026,2,1,6,1,1,0,0,0,331,2,0
2026-02-02,一,0,,2026,2,2,0,0,0,0,0,0,332,0,0
2026-02-03,二,0,,2026,2,3,1,0,0,0,0,0,332,0,0
2026-02-04,三,0,,2026,2,4,2,0,0,0,0,0,332,0,0
2026-02-05,四,0,,2026,2,5,3,0,0,0,0,0,332,0,0
2026-02-06,五,0,,2026,2,6,4,0,0,0,0,0,332,0,0
2026-02-07,六,2,,2026,2,7,5,1,1,0,0,0,333,2,0
2026-02-08,日,2,,2026,2,8,6,1,1,0,0,0,333,2,0
2026-02-09,一,0,,2026,2,9,0,0,0,0,0,0,334,0,0
2026-02-10,二,0,,2026,2,10,1,0,0,0,0,0,334,0,0
2026-02-11,三,0,,2026,2,11,2,0,0,0,0,0,334,0,0
2026-02-12,四,0,,2026,2,12,3,0,0,0,0,0,334,0,0
2026-02-13,五,0,,2026,2,13,4,0,0,0,0,0,334,0,0
2026-02-14,六,2,,2026,2,14,5,1,1,0,0,0,335,9,1
2026-02-15,日,2,小年夜,2026,2,15,6,1,1,0,0,1,335,9,1
2026-02-16,一,2,農曆除夕,2026,2,16,0,0,1,1,0,1,335,9,1
2026-02-17,二,2,春節,2026,2,17,1,0,1,1,0,1,335,9,1
2026-02-18,三,2,春節,2026,2,18,2,0,1,1,0,1,335,9,1
2026-02-19,四,2,春節,2026,2,19,3,0,1,1,0,1,335,9,1
2026-02-20,五,2,補假,2026,2,20,4,0,1,1,0,0,335,9,1
2026-02-21,六,2,,2026,2,21,5,1,1,0,0,0,335,9,1
2026-02-22,日,2,,2026,2,22,6,1,1,0,0,0,335,9,1
2026-02-23,一,0,,2026,2,23,0,0,0,0,0,0,336,0,0
2026-02-24,二,0,,2026,2,24,1,0,0,0,0,0,336,0,0
2026-02-25,三,0,,2026,2,25,2,0,0,0,0,0,336,0,0
2026-02-26,四,0,,2026,2,26,3,0,0,0,0,0,336,0,0
2026-02-27,五,2,補假,2026,2,27,4,0,1,1,0,0,337,3,1
2026-02-28,六,2,和平紀念日,2026,2,28,5,1,1,0,0,0,337,3,1
2026-03-01,日,2,,2026,3,1,6,1,1,0,0,0,337,3,1
2026-03-02,一,0,,2026,3,2,0,0,0,0,0,0,338,0,0
2026-03-03,二,0,,2026,3,3,1,0,0,0,0,0,338,0,0
2026-03-04,三,0,,2026,3,4,2,0,0,0,0,0,338,0,0
2026-03-05,四,0,,2026,3,5,3,0,0,0,0,0,338,0,0
2026-03-06,五,0,,2026,3,6,4,0,0,0,0,0,338,0,0
2026-03-07,六,2,,2026,3,7,5,1,1,0,0,0,339,2,0
2026-03-08,日,2,,2026,3,8,6,1,1,0,0,0,339,2,0
2026-03-09,一,0,,2026,3,9,0,0,0,0,0,0,340,0,0
2026-03-10,二,0,,2026,3,10,1,0,0,0,0,0,340,0,0
2026-03-11,三,0,,2026,3,11,2,0,0,0,0,0,340,0,0
2026-03-12,四,0,,2026,3,12,3,0,0,0,0,0,340,0,0
2026-03-13,五,0,,2026,3,13,4,0,0,0,0,0,340,0,0
2026-03-14,六,2,,2026,3,14,5,1,1,0,0,0,341,2,0
2026-03-15,日,2,,2026,3,15,6,1,1,0,0,0,341,2,0
2026-03-16,一,0,,2026,3,16,0,0,0,0,0,0,342,0,0
2026-03-17,二,0,,2026,3,17,1,0,0,0,0,0,342,0,0
2026-03-18,三,0,,2026,3,18,2,0,0,0,0,0,342,0,0
2026-03-19,四,0,,2026,3,19,3,0,0,0,0,0,342,0,0
2026-03-20,五,0,,2026,3,20,4,0,0,0,0,0,342,0,0
2026-03-21,六,2,,2026,3,21,5,1,1,0,0,0,343,2,0
2026-03-22,日,2,,2026,3,22,6,1,1,0,0,0,343,2,0
2026-03-23,一,0,,2026,3,23,0,0,0,0,0,0,344,0,0
2026-03-24,二,0,,2026,3,24,1,0,0,0,0,0,344,0,0
2026-03-25,三,0,,2026,3,25,2,0,0,0,0,0,344,0,0
2026-03-26,四,0,,2026,3,26,3,0,0,0,0,0,344,0,0
2026-03-27,五,0,,2026,3,27,4,0,0,0,0,0,344,0,0
2026-03-28,六,2,,2026,3,28,5,1,1,0,0,0,345,2,0
2026-03-29,日,2,,2026,3,29,6,1,1,0,0,0,345,2,0
2026-03-30,一,0,,2026,3,30,0,0,0,0,0,0,346,0,0
2026-03-31,二,0,,2026,3,31,1,0,0,0,0,0,346,0,0
2026-04-01,三,0,,2026,4,1,2,0,0,0,0,0,346,0,0
2026-04-02,四,0,,2026,4,2,3,0,0,0,0,0,346,0,0
2026-04-03,五,2,補假,2026,4,3,4,0,1,1,0,0,347,4,1
2026-04-04,六,2,兒童節,2026,4,4,5,1,1,0,0,0,347,4,1
2026-04-05,日,2,清明節,2026,4,5,6,1,1,0,0,0,347,4,1
2026-04-06,一,2,補假,2026,4,6,0,0,1,1,0,0,347,4,1
2026-04-07,二,0,,2026,4,7,1,0,0,0,0,0,348,0,0
2026-04-08,三,0,,2026,4,8,2,0,0,0,0,0,348,0,0
2026-04-09,四,0,,2026,4,9,3,0,0,0,0,0,348,0,0
2026-04-10,五,0,,2026,4,10,4,0,0,0,0,0,348,0,0
2026-04-11,六,2,,2026,4,11,5,1,1,0,0,0,349,2,0
2026-04-12,日,2,,2026,4,12,6,1,1,0,0,0,349,2,0
2026-04-13,一,0,,2026,4,13,0,0,0,0,0,0,350,0,0
2026-04-14,二,0,,2026,4,14,1,0,0,0,0,0,350,0,0
2026-04-15,三,0,,2026,4,15,2,0,0,0,0,0,350,0,0
2026-04-16,四,0,,2026,4,16,3,0,0,0,0,0,350,0,0
2026-04-17,五,0,,2026,4,17,4,0,0,0,0,0,350,0,0
2026-04-18,六,2,,2026,4,18,5,1,1,0,0,0,351,2,0
2026-04-19,日,2,,2026,4,19,6,1,1,0,0,0,351,2,0
2026-04-20,一,0,,2026,4,20,0,0,0,0,0,0,352,0,0
2026-04-21,二,0,,2026,4,21,1,0,0,0,0,0,352,0,0
2026-04-22,三,0,,2026,4,22,2,0,0,0,0,0,352,0,0
2026-04-23,四,0,,2026,4,23,3,0,0,0,0,0,352,0,0
2026-04-24,五,0,,2026,4,24,4,0,0,0,0,0,352,0,0
2026-04-25,六,2,,2026,4,25,5,1,1,0,0,0,353,2,0
2026-04-26,日,2,,2026,4,26,6,1,1,0,0,0,353,2,0
2026-04-27,一,0,,2026,4,27,0,0,0,0,0,0,354,0,0
2026-04-28,二,0,,2026,4,28,1,0,0,0,0,0,354,0,0
2026-04-29,三,0,,2026,4,29,2,0,0,0,0,0,354,0,0
2026-04-30,四,0,,2026,4,30,3,0,0,0,0,0,354,0,0
2026-05-01,五,2,勞動節,2026,5,1,4,0,1,1,0,0,355,3,1
2026-05-02,六,2,,2026,5,2,5,1,1,0,0,0,355,3,1
2026-05-03,日,2,,2026,5,3,6,1,1,0,0,0,355,3,1
2026-05-04,一,0,,2026,5,4,0,0,0,0,0,0,356,0,0
2026-05-05,二,0,,2026,5,5,1,0,0,0,0,0,356,0,0
2026-05-06,三,0,,2026,5,6,2,0,0,0,0,0,356,0,0
2026-05-07,四,0,,2026,5,7,3,0,0,0,0,0,356,0,0
2026-05-08,五,0,,2026,5,8,4,0,0,0,0,0,356,0,0
2026-05-09,六,2,,2026,5,9,5,1,1,0,0,0,357,2,0
2026-05-10,日,2,,2026,5,10,6,1,1,0,0,0,357,2,0
2026-05-11,一,0,,2026,5,11,0,0,0,0,0,0,358,0,0
2026-05-12,二,0,,2026,5,12,1,0,0,0,0,0,358,0,0
2026-05-13,三,0,,2026,5,13,2,0,0,0,0,0,358,0,0
2026-05-14,四,0,,2026,5,14,3,0,0,0,0,0,358,0,0
2026-05-15,五,0,,2026,5,15,4,0,0,0,0,0,358,0,0
2026-05-16,六,2,,2026,5,16,5,1,1,0,0,0,359,2,0
2026-05-17,日,2,,2026,5,17,6,1,1,0,0,0,359,2,0
2026-05-18,一,0,,2026,5,18,0,0,0,0,0,0,360,0,0
2026-05-19,二,0,,2026,5,19,1,0,0,0,0,0,360,0,0
2026-05-20,三,0,,2026,5,20,2,0,0,0,0,0,360,0,0
2026-05-21,四,0,,2026,5,21,3,0,0,0,0,0,360,0,0
2026-05-22,五,0,,2026,5,22,4,0,0,0,0,0,360,0,0
2026-05-23,六,2,,2026,5,23,5,1,1,0,0,0,361,2,0
2026-05-24,日,2,,2026,5,24,6,1,1,0,0,0,361,2,0
2026-05-25,一,0,,2026,5,25,0,0,0,0,0,0,362,0,0
2026-05-26,二,0,,2026,5,26,1,0,0,0,0,0,362,0,0
2026-05-27,三,0,,2026,5,27,2,0,0,0,0,0,362,0,0
2026-05-28,四,0,,2026,5,28,3,0,0,0,0,0,362,0,0
2026-05-29,五,0,,2026,5,29,4,0,0,0,0,0,362,0,0
2026-05-30,六,2,,2026,5,30,5,1,1,0,0,0,363,2,0
2026-05-31,日,2,,2026,5,31,6,1,1,0,0,0,363,2,0
2026-06-01,一,0,,2026,6,1,0,0,0,0,0,0,364,0,0
2026-06-02,二,0,,2026,6,2,1,0,0,0,0,0,364,0,0
2026-06-03,三,0,,2026,6,3,2,0,0,0,0,0,364,0,0
2026-06-04,四,0,,2026,6,4,3,0,0,0,0,0,364,0,0
2026-06-05,五,0,,2026,6,5,4,0,0,0,0,0,364,0,0
2026-06-06,六,2,,2026,6,6,5,1,1,0,0,0,365,2,0
2026-06-07,日,2,,2026,6,7,6,1,1,0,0,0,365,2,0
2026-06-08,一,0,,2026,6,8,0,0,0,0,0,0,366,0,0
2026-06-09,二,0,,2026,6,9,1,0,0,0,0,0,366,0,0
2026-06-10,三,0,,2026,6,10,2,0,0,0,0,0,366,0,0
2026-06-11,四,0,,2026,6,11,3,0,0,0,0,0,366,0,0
2026-06-12,五,0,,2026,6,12,4,0,0,0,0,0,366,0,0
2026-06-13,六,2,,2026,6,13,5,1,1,0,0,0,367,2,0
2026-06-14,日,2,,2026,6,14,6,1,1,0,0,0,367,2,0
2026-06-15,一,0,,2026,6,15,0,0,0,0,0,0,368,0,0
2026-06-16,二,0,,2026,6,16,1,0,0,0,0,0,368,0,0
2026-06-17,三,0,,2026,6,17,2,0,0,0,0,0,368,0,0
2026-06-18,四,0,,2026,6,18,3,0,0,0,0,0,368,0,0
2026-06-19,五,2,端午節,2026,6,19,4,0,1,1,0,0,369,3,1
2026-06-20,六,2,,2026,6,20,5,1,1,0,0,0,369,3,1
2026-06-21,日,2,,2026,6,21,6,1,1,0,0,0,369,3,1
2026-06-22,一,0,,2026,6,22,0,0,0,0,0,0,370,0,0
2026-06-23,二,0,,2026,6,23,1,0,0,0,0,0,370,0,0
2026-06-24,三,0,,2026,6,24,2,0,0,0,0,0,370,0,0
2026-06-25,四,0,,2026,6,25,3,0,0,0,0,0,370,0,0
2026-06-26,五,0,,2026,6,26,4,0,0,0,0,0,370,0,0
2026-06-27,六,2,,2026,6,27,5,1,1,0,0,0,371,2,0
2026-06-28,日,2,,2026,6,28,6,1,1,0,0,0,371,2,0
2026-06-29,一,0,,2026,6,29,0,0,0,0,0,0,372,0,0
2026-06-30,二,0,,2026,6,30,1,0,0,0,0,0,372,0,0
2026-07-01,三,0,,2026,7,1,2,0,0,0,0,0,372,0,0
2026-07-02,四,0,,2026,7,2,3,0,0,0,0,0,372,0,0
2026-07-03,五,0,,2026,7,3,4,0,0,0,0,0,372,0,0
2026-07-04,六,2,,2026,7,4,5,1,1,0,0,0,373,2,0
2026-07-05,日,2,,2026,7,5,6,1,1,0,0,0,373,2,0
2026-07-06,一,0,,2026,7,6,0,0,0,0,0,0,374,0,0
2026-07-07,二,0,,2026,7,7,1,0,0,0,0,0,374,0,0
2026-07-08,三,0,,2026,7,8,2,0,0,0,0,0,374,0,0
2026-07-09,四,0,,2026,7,9,3,0,0,0,0,0,374,0,0
2026-07-10,五,0,,2026,7,10,4,0,0,0,0,0,374,0,0
2026-07-11,六,2,,2026,7,11,5,1,1,0,0,0,375,2,0
2026-07-12,日,2,,2026,7,12,6,1,1,0,0,0,375,2,0
2026-07-13,一,0,,2026,7,13,0,0,0,0,0,0,376,0,0
2026-07-14,二,0,,2026,7,14,1,0,0,0,0,0,376,0,0
2026-07-15,三,0,,2026,7,15,2,0,0,0,0,0,376,0,0
2026-07-16,四,0,,2026,7,16,3,0,0,0,0,0,376,0,0
2026-07-17,五,0,,2026,7,17,4,0,0,0,0,0,376,0,0
2026-07-18,六,2,,2026,7,18,5,1,1,0,0,0,377,2,0
2026-07-19,日,2,,2026,7,19,6,1,1,0,0,0,377,2,0
2026-07-20,一,0,,2026,7,20,0,0,0,0,0,0,378,0,0
2026-07-21,二,0,,2026,7,21,1,0,0,0,0,0,378,0,0
2026-07-22,三,0,,2026,7,22,2,0,0,0,0,0,378,0,0
2026-07-23,四,0,,2026,7,23,3,0,0,0,0,0,378,0,0
2026-07-24,五,0,,2026,7,24,4,0,0,0,0,0,378,0,0
2026-07-25,六,2,,2026,7,25,5,1,1,0,0,0,379,2,0
2026-07-26,日,2,,2026,7,26,6,1,1,0,0,0,379,2,0
2026-07-27,一,0,,2026,7,27,0,0,0,0,0,0,380,0,0
2026-07-28,二,0,,2026,7,28,1,0,0,0,0,0,380,0,0
2026-07-29,三,0,,2026,7,29,2,0,0,0,0,0,380,0,0
2026-07-30,四,0,,2026,7,30,3,0,0,0,0,0,380,0,0
2026-07-31,五,0,,2026,7,31,4,0,0,0,0,0,380,0,0
2026-08-01,六,2,,2026,8,1,5,1,1,0,0,0,381,2,0
2026-08-02,日,2,,2026,8,2,6,1,1,0,0,0,381,2,0
2026-08-03,一,0,,2026,8,3,0,0,0,0,0,0,382,0,0
2026-08-04,二,0,,2026,8,4,1,0,0,0,0,0,382,0,0
2026-08-05,三,0,,2026,8,5,2,0,0,0,0,0,382,0,0
2026-08-06,四,0,,2026,8,6,3,0,0,0,0,0,382,0,0
2026-08-07,五,0,,2026,8,7,4,0,0,0,0,0,382,0,0
2026-08-08,六,2,,2026,8,8,5,1,1,0,0,0,383,2,0
2026-08-09,日,2,,2026,8,9,6,1,1,0,0,0,383,2,0
2026-08-10,一,0,,2026,8,10,0,0,0,0,0,0,384,0,0
2026-08-11,二,0,,2026,8,11,1,0,0,0,0,0,384,0,0
2026-08-12,三,0,,2026,8,12,2,0,0,0,0,0,384,0,0
2026-08-13,四,0,,2026,8,13,3,0,0,0,0,0,384,0,0
2026-08-14,五,0,,2026,8,14,4,0,0,0,0,0,384,0,0
2026-08-15,六,2,,2026,8,15,5,1,1,0,0,0,385,2,0
2026-08-16,日,2,,2026,8,16,6,1,1,0,0,0,385,2,0
2026-08-17,一,0,,2026,8,17,0,0,0,0,0,0,386,0,0
2026-08-18,二,0,,2026,8,18,1,0,0,0,0,0,386,0,0
2026-08-19,三,0,,2026,8,19,2,0,0,0,0,0,386,0,0
2026-08-20,四,0,,2026,8,20,3,0,0,0,0,0,386,0,0
2026-08-21,五,0,,2026,8,21,4,0,0,0,0,0,386,0,0
2026-08-22,六,2,,2026,8,22,5,1,1,0,0,0,387,2,0
2026-08-23,日,2,,2026,8,23,6,1,1,0,0,0,387,2,0
2026-08-24,一,0,,2026,8,24,0,0,0,0,0,0,388,0,0
2026-08-25,二,0,,2026,8,25,1,0,0,0,0,0,388,0,0
2026-08-26,三,0,,2026,8,26,2,0,0,0,0,0,388,0,0
2026-08-27,四,0,,2026,8,27,3,0,0,0,0,0,388,0,0
2026-08-28,五,0,,2026,8,28,4,0,0,0,0,0,388,0,0
2026-08-29,六,2,,2026,8,29,5,1,1,0,0,0,389,2,0
2026-08-30,日,2,,2026,8,30,6,1,1,0,0,0,389,2,0
2026-08-31,一,0,,2026,8,31,0,0,0,0,0,0,390,0,0
2026-09-01,二,0,,2026,9,1,1,0,0,0,0,0,390,0,0
2026-09-02,三,0,,2026,9,2,2,0,0,0,0,0,390,0,0
2026-09-03,四,0,,2026,9,3,3,0,0,0,0,0,390,0,0
2026-09-04,五,0,,2026,9,4,4,0,0,0,0,0,390,0,0
2026-09-05,六,2,,2026,9,5,5,1,1,0,0,0,391,2,0
2026-09-06,日,2,,2026,9,6,6,1,1,0,0,0,391,2,0
2026-09-07,一,0,,2026,9,7,0,0,0,0,0,0,392,0,0
2026-09-08,二,0,,2026,9,8,1,0,0,0,0,0,392,0,0
2026-09-09,三,0,,2026,9,9,2,0,0,0,0,0,392,0,0
2026-09-10,四,0,,2026,9,10,3,0,0,0,0,0,392,0,0
2026-09-11,五,0,,2026,9,11,4,0,0,0,0,0,392,0,0
2026-09-12,六,2,,2026,9,12,5,1,1,0,0,0,393,2,0
2026-09-13,日,2,,2026,9,13,6,1,1,0,0,0,393,2,0
2026-09-14,一,0,,2026,9,14,0,0,0,0,0,0,394,0,0
2026-09-15,二,0,,2026,9,15,1,0,0,0,0,0,394,0,0
2026-09-16,三,0,,2026,9,16,2,0,0,0,0,0,394,0,0
2026-09-17,四,0,,2026,9,17,3,0,0,0,0,0,394,0,0
2026-09-18,五,0,,2026,9,18,4,0,0,0,0,0,394,0,0
2026-09-19,六,2,,2026,9,19,5,1,1,0,0,0,395,2,0
2026-09-20,日,2,,2026,9,20,6,1,1,0,0,0,395,2,0
2026-09-21,一,0,,2026,9,21,0,0,0,0,0,0,396,0,0
2026-09-22,二,0,,2026,9,22,1,0,0,0,0,0,396,0,0
2026-09-23,三,0,,2026,9,23,2,0,0,0,0,0,396,0,0
2026-09-24,四,0,,2026,9,24,3,0,0,0,0,0,396,0,0
2026-09-25,五,2,中秋節,2026,9,25,4,0,1,1,0,0,397,4,1
2026-09-26,六,2,,2026,9,26,5,1,1,0,0,0,397,4,1
2026-09-27,日,2,,2026,9,27,6,1,1,0,0,0,397,4,1
2026-09-28,一,2,孔子誕辰紀念日/教師節,2026,9,28,0,0,1,1,0,0,397,4,1
2026-09-29,二,0,,2026,9,29,1,0,0,0,0,0,398,0,0
2026-09-30,三,0,,2026,9,30,2,0,0,0,0,0,398,0,0
2026-10-01,四,0,,2026,10,1,3,0,0,0,0,0,398,0,0
2026-10-02,五,0,,2026,10,2,4,0,0,0,0,0,398,0,0
2026-10-03,六,2,,2026,10,3,5,1,1,0,0,0,399,2,0
2026-10-04,日,2,,2026,10,4,6,1,1,0,0,0,399,2,0
2026-10-05,一,0,,2026,10,5,0,0,0,0,0,0,400,0,0
2026-10-06,二,0,,2026,10,6,1,0,0,0,0,0,400,0,0
2026-10-07,三,0,,2026,10,7,2,0,0,0,0,0,400,0,0
2026-10-08,四,0,,2026,10,8,3,0,0,0,0,0,400,0,0
2026-10-09,五,2,補假,2026,10,9,4,0,1,1,0,0,401,3,1
2026-10-10,六,2,國慶日,2026,10,10,5,1,1,0,0,0,401,3,1
2026-10-11,日,2,,2026,10,11,6,1,1,0,0,0,401,3,1
2026-10-12,一,0,,2026,10,12,0,0,0,0,0,0,402,0,0
2026-10-13,二,0,,2026,10,13,1,0,0,0,0,0,402,0,0
2026-10-14,三,0,,2026,10,14,2,0,0,0,0,0,402,0,0
2026-10-15,四,0,,2026,10,15,3,0,0,0,0,0,402,0,0
2026-10-16,五,0,,2026,10,16,4,0,0,0,0,0,402,0,0
2026-10-17,六,2,,2026,10,17,5,1,1,0,0,0,403,2,0
2026-10-18,日,2,,2026,10,18,6,1,1,0,0,0,403,2,0
2026-10-19,一,0,,2026,10,19,0,0,0,0,0,0,404,0,0
2026-10-20,二,0,,2026,10,20,1,0,0,0,0,0,404,0,0
2026-10-21,三,0,,2026,10,21,2,0,0,0,0,0,404,0,0
2026-10-22,四,0,,2026,10,22,3,0,0,0,0,0,404,0,0
2026-10-23,五,0,,2026,10,23,4,0,0,0,0,0,404,0,0
2026-10-24,六,2,,2026,10,24,5,1,1,0,0,0,405,3,1
2026-10-25,日,2,臺灣光復暨金門古寧頭大捷紀念日,2026,10,25,6,1,1,0,0,0,405,3,1
2026-10-26,一,2,補假,2026,10,26,0,0,1,1,0,0,405,3,1
2026-10-27,二,0,,2026,10,27,1,0,0,0,0,0,406,0,0
2026-10-28,三,0,,2026,10,28,2,0,0,0,0,0,406,0,0
2026-10-29,四,0,,2026,10,29,3,0,0,0,0,0,406,0,0
2026-10-30,五,0,,2026,10,30,4,0,0,0,0,0,406,0,0
2026-10-31,六,2,,2026,10,31,5,1,1,0,0,0,407,2,0
2026-11-01,日,2,,2026,11,1,6,1,1,0,0,0,407,2,0
2026-11-02,一,0,,2026,11,2,0,0,0,0,0,0,408,0,0
2026-11-03,二,0,,2026,11,3,1,0,0,0,0,0,408,0,0
2026-11-04,三,0,,2026,11,4,2,0,0,0,0,0,408,0,0
2026-11-05,四,0,,2026,11,5,3,0,0,0,0,0,408,0,0
2026-11-06,五,0,,2026,11,6,4,0,0,0,0,0,408,0,0
2026-11-07,六,2,,2026,11,7,5,1,1,0,0,0,409,2,0
2026-11-08,日,2,,2026,11,8,6,1,1,0,0,0,409,2,0
2026-11-09,一,0,,2026,11,9,0,0,0,0,0,0,410,0,0
2026-11-10,二,0,,2026,11,10,1,0,0,0,0,0,410,0,0
2026-11-11,三,0,,2026,11,11,2,0,0,0,0,0,410,0,0
2026-11-12,四,0,,2026,11,12,3,0,0,0,0,0,410,0,0
2026-11-13,五,0,,2026,11,13,4,0,0,0,0,0,410,0,0
2026-11-14,六,2,,2026,11,14,5,1,1,0,0,0,411,2,0
2026-11-15,日,2,,2026,11,15,6,1,1,0,0,0,411,2,0
2026-11-16,一,0,,2026,11,16,0,0,0,0,0,0,412,0,0
2026-11-17,二,0,,2026,11,17,1,0,0,0,0,0,412,0,0
2026-11-18,三,0,,2026,11,18,2,0,0,0,0,0,412,0,0
2026-11-19,四,0,,2026,11,19,3,0,0,0,0,0,412,0,0
2026-11-20,五,0,,2026,11,20,4,0,0,0,0,0,412,0,0
2026-11-21,六,2,,2026,11,21,5,1,1,0,0,0,413,2,0
2026-11-22,日,2,,2026,11,22,6,1,1,0,0,0,413,2,0
2026-11-23,一,0,,2026,11,23,0,0,0,0,0,0,414,0,0
2026-11-24,二,0,,2026,11,24,1,0,0,0,0,0,414,0,0
2026-11-25,三,0,,2026,11,25,2,0,0,0,0,0,414,0,0
2026-11-26,四,0,,2026,11,26,3,0,0,0,0,0,414,0,0
2026-11-27,五,0,,2026,11,27,4,0,0,0,0,0,414,0,0
2026-11-28,六,2,,2026,11,28,5,1,1,0,0,0,415,2,0
2026-11-29,日,2,,2026,11,29,6,1,1,0,0,0,415,2,0
2026-11-30,一,0,,2026,11,30,0,0,0,0,0,0,416,0,0
2026-12-01,二,0,,2026,12,1,1,0,0,0,0,0,416,0,0
2026-12-02,三,0,,2026,12,2,2,0,0,0,0,0,416,0,0
2026-12-03,四,0,,2026,12,3,3,0,0,0,0,0,416,0,0
2026-12-04,五,0,,2026,12,4,4,0,0,0,0,0,416,0,0
2026-12-05,六,2,,2026,12,5,5,1,1,0,0,0,417,2,0
2026-12-06,日,2,,2026,12,6,6,1,1,0,0,0,417,2,0
2026-12-07,一,0,,2026,12,7,0,0,0,0,0,0,418,0,0
2026-12-08,二,0,,2026,12,8,1,0,0,0,0,0,418,0,0
2026-12-09,三,0,,2026,12,9,2,0,0,0,0,0,418,0,0
2026-12-10,四,0,,2026,12,10,3,0,0,0,0,0,418,0,0
2026-12-11,五,0,,2026,12,11,4,0,0,0,0,0,418,0,0
2026-12-12,六,2,,2026,12,12,5,1,1,0,0,0,419,2,0
2026-12-13,日,2,,2026,12,13,6,1,1,0,0,0,419,2,0
2026-12-14,一,0,,2026,12,14,0,0,0,0,0,0,420,0,0
2026-12-15,二,0,,2026,12,15,1,0,0,0,0,0,420,0,0
2026-12-16,三,0,,2026,12,16,2,0,0,0,0,0,420,0,0
2026-12-17,四,0,,2026,12,17,3,0,0,0,0,0,420,0,0
2026-12-18,五,0,,2026,12,18,4,0,0,0,0,0,420,0,0
2026-12-19,六,2,,2026,12,19,5,1,1,0,0,0,421,2,0
2026-12-20,日,2,,2026,12,20,6,1,1,0,0,0,421,2,0
2026-12-21,一,0,,2026,12,21,0,0,0,0,0,0,422,0,0
2026-12-22,二,0,,2026,12,22,1,0,0,0,0,0,422,0,0
2026-12-23,三,0,,2026,12,23,2,0,0,0,0,0,422,0,0
2026-12-24,四,0,,2026,12,24,3,0,0,0,0,0,422,0,0
2026-12-25,五,2,行憲紀念日,2026,12,25,4,0,1,1,0,0,423,3,1
2026-12-26,六,2,,2026,12,26,5,1,1,0,0,0,423,3,1
2026-12-27,日,2,,2026,12,27,6,1,1,0,0,0,423,3,1
2026-12-28,一,0,,2026,12,28,0,0,0,0,0,0,424,0,0
2026-12-29,二,0,,2026,12,29,1,0,0,0,0,0,424,0,0
2026-12-30,三,0,,2026,12,30,2,0,0,0,0,0,424,0,0
2026-12-31,四,0,,2026,12,31,3,0,0,0,0,0,424,0,0
2027-01-01,五,2,開國紀念日,2027,1,1,4,0,1,1,0,0,425,3,1
2027-01-02,六,2,,2027,1,2,5,1,1,0,0,0,425,3,1
2027-01-03,日,2,,2027,1,3,6,1,1,0,0,0,425,3,1
2027-01-04,一,0,,2027,1,4,0,0,0,0,0,0,426,0,0
2027-01-05,二,0,,2027,1,5,1,0,0,0,0,0,426,0,0
2027-01-06,三,0,,2027,1,6,2,0,0,0,0,0,426,0,0
2027-01-07,四,0,,2027,1,7,3,0,0,0,0,0,426,0,0
2027-01-08,五,0,,2027,1,8,4,0,0,0,0,0,426,0,0
2027-01-09,六,2,,2027,1,9,5,1,1,0,0,0,427,2,0
2027-01-10,日,2,,2027,1,10,6,1,1,0,0,0,427,2,0
2027-01-11,一,0,,2027,1,11,0,0,0,0,0,0,428,0,0
2027-01-12,二,0,,2027,1,12,1,0,0,0,0,0,428,0,0
2027-01-13,三,0,,2027,1,13,2,0,0,0,0,0,428,0,0
2027-01-14,四,0,,2027,1,14,3,0,0,0,0,0,428,0,0
2027-01-15,五,0,,2027,1,15,4,0,0,0,0,0,428,0,0
2027-01-16,六,2,,2027,1,16,5,1,1,0,0,0,429,2,0
2027-01-17,日,2,,2027,1,17,6,1,1,0,0,0,429,2,0
2027-01-18,一,0,,2027,1,18,0,0,0,0,0,0,430,0,0
2027-01-19,二,0,,2027,1,19,1,0,0,0,0,0,430,0,0
2027-01-20,三,0,,2027,1,20,2,0,0,0,0,0,430,0,0
2027-01-21,四,0,,2027,1,21,3,0,0,0,0,0,430,0,0
2027-01-22,五,0,,2027,1,22,4,0,0,0,0,0,430,0,0
2027-01-23,六,2,,2027,1,23,5,1,1,0,0,0,431,2,0
2027-01-24,日,2,,2027,1,24,6,1,1,0,0,0,431,2,0
2027-01-25,一,0,,2027,1,25,0,0,0,0,0,0,432,0,0
2027-01-26,二,0,,2027,1,26,1,0,0,0,0,0,432,0,0
2027-01-27,三,0,,2027,1,27,2,0,0,0,0,0,432,0,0
2027-01-28,四,0,,2027,1,28,3,0,0,0,0,0,432,0,0
2027-01-29,五,0,,2027,1,29,4,0,0,0,0,0,432,0,0
2027-01-30,六,2,,2027,1,30,5,1,1,0,0,0,433,2,0
2027-01-31,日,2,,2027,1,31,6,1,1,0,0,0,433,2,0
2027-02-01,一,0,,2027,2,1,0,0,0,0,0,0,434,0,0
2027-02-02,二,0,,2027,2,2,1,0,0,0,0,0,434,0,0
2027-02-03,三,0,,2027,2,3,2,0,0,0,0,0,434,0,0
2027-02-04,四,2,小年夜,2027,2,4,3,0,1,1,0,1,435,7,1
2027-02-05,五,2,農曆除夕,2027,2,5,4,0,1,1,0,1,435,7,1
2027-02-06,六,2,春節,2027,2,6,5,1,1,0,0,1,435,7,1
2027-02-07,日,2,春節,2027,2,7,6,1,1,0,0,1,435,7,1
2027-02-08,一,2,春節,2027,2,8,0,0,1,1,0,1,435,7,1
2027-02-09,二,2,補假,2027,2,9,1,0,1,1,0,0,435,7,1
2027-02-10,三,2,補假,2027,2,10,2,0,1,1,0,0,435,7,1
2027-02-11,四,0,,2027,2,11,3,0,0,0,0,0,436,0,0
2027-02-12,五,0,,2027,2,12,4,0,0,0,0,0,436,0,0
2027-02-13,六,2,,2027,2,13,5,1,1,0,0,0,437,2,0
2027-02-14,日,2,,2027,2,14,6,1,1,0,0,0,437,2,0
2027-02-15,一,0,,2027,2,15,0,0,0,0,0,0,438,0,0
2027-02-16,二,0,,2027,2,16,1,0,0,0,0,0,438,0,0
2027-02-17,三,0,,2027,2,17,2,0,0,0,0,0,438,0,0
2027-02-18,四,0,,2027,2,18,3,0,0,0,0,0,438,0,0
2027-02-19,五,0,,2027,2,19,4,0,0,0,0,0,438,0,0
2027-02-20,六,2,,2027,2,20,5,1,1,0,0,0,439,2,0
2027-02-21,日,2,,2027,2,21,6,1,1,0,0,0,439,2,0
2027-02-22,一,0,,2027,2,22,0,0,0,0,0,0,440,0,0
2027-02-23,二,0,,2027,2,23,1,0,0,0,0,0,440,0,0
2027-02-24,三,0,,2027,2,24,2,0,0,0,0,0,440,0,0
2027-02-25,四,0,,2027,2,25,3,0,0,0,0,0,440,0,0
2027-02-26,五,0,,2027,2,26,4,0,0,0,0,0,440,0,0
2027-02-27,六,2,,2027,2,27,5,1,1,0,0,0,441,3,1
2027-02-28,日,2,和平紀念日,2027,2,28,6,1,1,0,0,0,441,3,1
2027-03-01,一,2,補假,2027,3,1,0,0,1,1,0,0,441,3,1
2027-03-02,二,0,,2027,3,2,1,0,0,0,0,0,442,0,0
2027-03-03,三,0,,2027,3,3,2,0,0,0,0,0,442,0,0
2027-03-04,四,0,,2027,3,4,3,0,0,0,0,0,442,0,0
2027-03-05,五,0,,2027,3,5,4,0,0,0,0,0,442,0,0
2027-03-06,六,2,,2027,3,6,5,1,1,0,0,0,443,2,0
2027-03-07,日,2,,2027,3,7,6,1,1,0,0,0,443,2,0
2027-03-08,一,0,,2027,3,8,0,0,0,0,0,0,444,0,0
2027-03-09,二,0,,2027,3,9,1,0,0,0,0,0,444,0,0
2027-03-10,三,0,,2027,3,10,2,0,0,0,0,0,444,0,0
2027-03-11,四,0,,2027,3,11,3,0,0,0,0,0,444,0,0
2027-03-12,五,0,,2027,3,12,4,0,0,0,0,0,444,0,0
2027-03-13,六,2,,2027,3,13,5,1,1,0,0,0,445,2,0
2027-03-14,日,2,,2027,3,14,6,1,1,0,0,0,445,2,0
2027-03-15,一,0,,2027,3,15,0,0,0,0,0,0,446,0,0
2027-03-16,二,0,,2027,3,16,1,0,0,0,0,0,446,0,0
2027-03-17,三,0,,2027,3,17,2,0,0,0,0,0,446,0,0
2027-03-18,四,0,,2027,3,18,3,0,0,0,0,0,446,0,0
2027-03-19,五,0,,2027,3,19,4,0,0,0,0,0,446,0,0
2027-03-20,六,2,,2027,3,20,5,1,1,0,0,0,447,2,0
2027-03-21,日,2,,2027,3,21,6,1,1,0,0,0,447,2,0
2027-03-22,一,0,,2027,3,22,0,0,0,0,0,0,448,0,0
2027-03-23,二,0,,2027,3,23,1,0,0,0,0,0,448,0,0
2027-03-24,三,0,,2027,3,24,2,0,0,0,0,0,448,0,0
2027-03-25,四,0,,2027,3,25,3,0,0,0,0,0,448,0,0
2027-03-26,五,0,,2027,3,26,4,0,0,0,0,0,448,0,0
2027-03-27,六,2,,2027,3,27,5,1,1,0,0,0,449,2,0
2027-03-28,日,2,,2027,3,28,6,1,1,0,0,0,449,2,0
2027-03-29,一,0,,2027,3,29,0,0,0,0,0,0,450,0,0
2027-03-30,二,0,,2027,3,30,1,0,0,0,0,0,450,0,0
2027-03-31,三,0,,2027,3,31,2,0,0,0,0,0,450,0,0
2027-04-01,四,0,,2027,4,1,3,0,0,0,0,0,450,0,0
2027-04-02,五,0,,2027,4,2,4,0,0,0,0,0,450,0,0
2027-04-03,六,2,,2027,4,3,5,1,1,0,0,0,451,4,1
2027-04-04,日,2,兒童節,2027,4,4,6,1,1,0,0,0,451,4,1
2027-04-05,一,2,清明節,2027,4,5,0,0,1,1,0,0,451,4,1
2027-04-06,二,2,補假,2027,4,6,1,0,1,1,0,0,451,4,1
2027-04-07,三,0,,2027,4,7,2,0,0,0,0,0,452,0,0
2027-04-08,四,0,,2027,4,8,3,0,0,0,0,0,452,0,0
2027-04-09,五,0,,2027,4,9,4,0,0,0,0,0,452,0,0
2027-04-10,六,2,,2027,4,10,5,1,1,0,0,0,453,2,0
2027-04-11,日,2,,2027,4,11,6,1,1,0,0,0,453,2,0
2027-04-12,一,0,,2027,4,12,0,0,0,0,0,0,454,0,0
2027-04-13,二,0,,2027,4,13,1,0,0,0,0,0,454,0,0
2027-04-14,三,0,,2027,4,14,2,0,0,0,0,0,454,0,0
2027-04-15,四,0,,2027,4,15,3,0,0,0,0,0,454,0,0
2027-04-16,五,0,,2027,4,16,4,0,0,0,0,0,454,0,0
2027-04-17,六,2,,2027,4,17,5,1,1,0,0,0,455,2,0
2027-04-18,日,2,,2027,4,18,6,1,1,0,0,0,455,2,0
2027-04-19,一,0,,2027,4,19,0,0,0,0,0,0,456,0,0
2027-04-20,二,0,,2027,4,20,1,0,0,0,0,0,456,0,0
2027-04-21,三,0,,2027,4,21,2,0,0,0,0,0,456,0,0
2027-04-22,四,0,,2027,4,22,3,0,0,0,0,0,456,0,0
2027-04-23,五,0,,2027,4,23,4,0,0,0,0,0,456,0,0
2027-04-24,六,2,,2027,4,24,5,1,1,0,0,0,457,2,0
2027-04-25,日,2,,2027,4,25,6,1,1,0,0,0,457,2,0
2027-04-26,一,0,,2027,4,26,0,0,0,0,0,0,458,0,0
2027-04-27,二,0,,2027,4,27,1,0,0,0,0,0,458,0,0
2027-04-28,三,0,,2027,4,28,2,0,0,0,0,0,458,0,0
2027-04-29,四,0,,2027,4,29,3,0,0,0,0,0,458,0,0
2027-04-30,五,2,補假,2027,4,30,4,0,1,1,0,0,459,3,1
2027-05-01,六,2,勞動節,2027,5,1,5,1,1,0,0,0,459,3,1
2027-05-02,日,2,,2027,5,2,6,1,1,0,0,0,459,3,1
2027-05-03,一,0,,2027,5,3,0,0,0,0,0,0,460,0,0
2027-05-04,二,0,,2027,5,4,1,0,0,0,0,0,460,0,0
2027-05-05,三,0,,2027,5,5,2,0,0,0,0,0,460,0,0
2027-05-06,四,0,,2027,5,6,3,0,0,0,0,0,460,0,0
2027-05-07,五,0,,2027,5,7,4,0,0,0,0,0,460,0,0
2027-05-08,六,2,,2027,5,8,5,1,1,0,0,0,461,2,0
2027-05-09,日,2,,2027,5,9,6,1,1,0,0,0,461,2,0
2027-05-10,一,0,,2027,5,10,0,0,0,0,0,0,462,0,0
2027-05-11,二,0,,2027,5,11,1,0,0,0,0,0,462,0,0
2027-05-12,三,0,,2027,5,12,2,0,0,0,0,0,462,0,0
2027-05-13,四,0,,2027,5,13,3,0,0,0,0,0,462,0,0
2027-05-14,五,0,,2027,5,14,4,0,0,0,0,0,462,0,0
2027-05-15,六,2,,2027,5,15,5,1,1,0,0,0,463,2,0
2027-05-16,日,2,,2027,5,16,6,1,1,0,0,0,463,2,0
2027-05-17,一,0,,2027,5,17,0,0,0,0,0,0,464,0,0
2027-05-18,二,0,,2027,5,18,1,0,0,0,0,0,464,0,0
2027-05-19,三,0,,2027,5,19,2,0,0,0,0,0,464,0,0
2027-05-20,四,0,,2027,5,20,3,0,0,0,0,0,464,0,0
2027-05-21,五,0,,2027,5,21,4,0,0,0,0,0,464,0,0
2027-05-22,六,2,,2027,5,22,5,1,1,0,0,0,465,2,0
2027-05-23,日,2,,2027,5,23,6,1,1,0,0,0,465,2,0
2027-05-24,一,0,,2027,5,24,0,0,0,0,0,0,466,0,0
2027-05-25,二,0,,2027,5,25,1,0,0,0,0,0,466,0,0
2027-05-26,三,0,,2027,5,26,2,0,0,0,0,0,466,0,0
2027-05-27,四,0,,2027,5,27,3,0,0,0,0,0,466,0,0
2027-05-28,五,0,,2027,5,28,4,0,0,0,0,0,466,0,0
2027-05-29,六,2,,2027,5,29,5,1,1,0,0,0,467,2,0
2027-05-30,日,2,,2027,5,30,6,1,1,0,0,0,467,2,0
2027-05-31,一,0,,2027,5,31,0,0,0,0,0,0,468,0,0
2027-06-01,二,0,,2027,6,1,1,0,0,0,0,0,468,0,0
2027-06-02,三,0,,2027,6,2,2,0,0,0,0,0,468,0,0
2027-06-03,四,0,,2027,6,3,3,0,0,0,0,0,468,0,0
2027-06-04,五,0,,2027,6,4,4,0,0,0,0,0,468,0,0
2027-06-05,六,2,,2027,6,5,5,1,1,0,0,0,469,2,0
2027-06-06,日,2,,2027,6,6,6,1,1,0,0,0,469,2,0
2027-06-07,一,0,,2027,6,7,0,0,0,0,0,0,470,0,0
2027-06-08,二,0,,2027,6,8,1,0,0,0,0,0,470,0,0
2027-06-09,三,2,端午節,2027,6,9,2,0,1,1,0,0,471,1,0
2027-06-10,四,0,,2027,6,10,3,0,0,0,0,0,472,0,0
2027-06-11,五,0,,2027,6,11,4,0,0,0,0,0,472,0,0
2027-06-12,六,2,,2027,6,12,5,1,1,0,0,0,473,2,0
2027-06-13,日,2,,2027,6,13,6,1,1,0,0,0,473,2,0
2027-06-14,一,0,,2027,6,14,0,0,0,0,0,0,474,0,0
2027-06-15,二,0,,2027,6,15,1,0,0,0,0,0,474,0,0
2027-06-16,三,0,,2027,6,16,2,0,0,0,0,0,474,0,0
2027-06-17,四,0,,2027,6,17,3,0,0,0,0,0,474,0,0
2027-06-18,五,0,,2027,6,18,4,0,0,0,0,0,474,0,0
2027-06-19,六,2,,2027,6,19,5,1,1,0,0,0,475,2,0
2027-06-20,日,2,,2027,6,20,6,1,1,0,0,0,475,2,0
2027-06-21,一,0,,2027,6,21,0,0,0,0,0,0,476,0,0
2027-06-22,二,0,,2027,6,22,1,0,0,0,0,0,476,0,0
2027-06-23,三,0,,2027,6,23,2,0,0,0,0,0,476,0,0
2027-06-24,四,0,,2027,6,24,3,0,0,0,0,0,476,0,0
2027-06-25,五,0,,2027,6,25,4,0,0,0,0,0,476,0,0
2027-06-26,六,2,,2027,6,26,5,1,1,0,0,0,477,2,0
2027-06-27,日,2,,2027,6,27,6,1,1,0,0,0,477,2,0
2027-06-28,一,0,,2027,6,28,0,0,0,0,0,0,478,0,0
2027-06-29,二,0,,2027,6,29,1,0,0,0,0,0,478,0,0
2027-06-30,三,0,,2027,6,30,2,0,0,0,0,0,478,0,0
2027-07-01,四,0,,2027,7,1,3,0,0,0,0,0,478,0,0
2027-07-02,五,0,,2027,7,2,4,0,0,0,0,0,478,0,0
2027-07-03,六,2,,2027,7,3,5,1,1,0,0,0,479,2,0
2027-07-04,日,2,,2027,7,4,6,1,1,0,0,0,479,2,0
2027-07-05,一,0,,2027,7,5,0,0,0,0,0,0,480,0,0
2027-07-06,二,0,,2027,7,6,1,0,0,0,0,0,480,0,0
2027-07-07,三,0,,2027,7,7,2,0,0,0,0,0,480,0,0
2027-07-08,四,0,,2027,7,8,3,0,0,0,0,0,480,0,0
2027-07-09,五,0,,2027,7,9,4,0,0,0,0,0,480,0,0
2027-07-10,六,2,,2027,7,10,5,1,1,0,0,0,481,2,0
2027-07-11,日,2,,2027,7,11,6,1,1,0,0,0,481,2,0
2027-07-12,一,0,,2027,7,12,0,0,0,0,0,0,482,0,0
2027-07-13,二,0,,2027,7,13,1,0,0,0,0,0,482,0,0
2027-07-14,三,0,,2027,7,14,2,0,0,0,0,0,482,0,0
2027-07-15,四,0,,2027,7,15,3,0,0,0,0,0,482,0,0
2027-07-16,五,0,,2027,7,16,4,0,0,0,0,0,482,0,0
2027-07-17,六,2,,2027,7,17,5,1,1,0,0,0,483,2,0
2027-07-18,日,2,,2027,7,18,6,1,1,0,0,0,483,2,0
2027-07-19,一,0,,2027,7,19,0,0,0,0,0,0,484,0,0
2027-07-20,二,0,,2027,7,20,1,0,0,0,0,0,484,0,0
2027-07-21,三,0,,2027,7,21,2,0,0,0,0,0,484,0,0
2027-07-22,四,0,,2027,7,22,3,0,0,0,0,0,484,0,0
2027-07-23,五,0,,2027,7,23,4,0,0,0,0,0,484,0,0
2027-07-24,六,2,,2027,7,24,5,1,1,0,0,0,485,2,0
2027-07-25,日,2,,2027,7,25,6,1,1,0,0,0,485,2,0
2027-07-26,一,0,,2027,7,26,0,0,0,0,0,0,486,0,0
2027-07-27,二,0,,2027,7,27,1,0,0,0,0,0,486,0,0
2027-07-28,三,0,,2027,7,28,2,0,0,0,0,0,486,0,0
2027-07-29,四,0,,2027,7,29,3,0,0,0,0,0,486,0,0
2027-07-30,五,0,,2027,7,30,4,0,0,0,0,0,486,0,0
2027-07-31,六,2,,2027,7,31,5,1,1,0,0,0,487,2,0
2027-08-01,日,2,,2027,8,1,6,1,1,0,0,0,487,2,0
2027-08-02,一,0,,2027,8,2,0,0,0,0,0,0,488,0,0
2027-08-03,二,0,,2027,8,3,1,0,0,0,0,0,488,0,0
2027-08-04,三,0,,2027,8,4,2,0,0,0,0,0,488,0,0
2027-08-05,四,0,,2027,8,5,3,0,0,0,0,0,488,0,0
2027-08-06,五,0,,2027,8,6,4,0,0,0,0,0,488,0,0
2027-08-07,六,2,,2027,8,7,5,1,1,0,0,0,489,2,0
2027-08-08,日,2,,2027,8,8,6,1,1,0,0,0,489,2,0
2027-08-09,一,0,,2027,8,9,0,0,0,0,0,0,490,0,0
2027-08-10,二,0,,2027,8,10,1,0,0,0,0,0,490,0,0
2027-08-11,三,0,,2027,8,11,2,0,0,0,0,0,490,0,0
2027-08-12,四,0,,2027,8,12,3,0,0,0,0,0,490,0,0
2027-08-13,五,0,,2027,8,13,4,0,0,0,0,0,490,0,0
2027-08-14,六,2,,2027,8,14,5,1,1,0,0,0,491,2,0
2027-08-15,日,2,,2027,8,15,6,1,1,0,0,0,491,2,0
2027-08-16,一,0,,2027,8,16,0,0,0,0,0,0,492,0,0
2027-08-17,二,0,,2027,8,17,1,0,0,0,0,0,492,0,0
2027-08-18,三,0,,2027,8,18,2,0,0,0,0,0,492,0,0
2027-08-19,四,0,,2027,8,19,3,0,0,0,0,0,492,0,0
2027-08-20,五,0,,2027,8,20,4,0,0,0,0,0,492,0,0
2027-08-21,六,2,,2027,8,21,5,1,1,0,0,0,493,2,0
2027-08-22,日,2,,2027,8,22,6,1,1,0,0,0,493,2,0
2027-08-23,一,0,,2027,8,23,0,0,0,0,0,0,494,0,0
2027-08-24,二,0,,2027,8,24,1,0,0,0,0,0,494,0,0
2027-08-25,三,0,,2027,8,25,2,0,0,0,0,0,494,0,0
2027-08-26,四,0,,2027,8,26,3,0,0,0,0,0,494,0,0
2027-08-27,五,0,,2027,8,27,4,0,0,0,0,0,494,0,0
2027-08-28,六,2,,2027,8,28,5,1,1,0,0,0,495,2,0
2027-08-29,日,2,,2027,8,29,6,1,1,0,0,0,495,2,0
2027-08-30,一,0,,2027,8,30,0,0,0,0,0,0,496,0,0
2027-08-31,二,0,,2027,8,31,1,0,0,0,0,0,496,0,0
2027-09-01,三,0,,2027,9,1,2,0,0,0,0,0,496,0,0
2027-09-02,四,0,,2027,9,2,3,0,0,0,0,0,496,0,0
2027-09-03,五,0,,2027,9,3,4,0,0,0,0,0,496,0,0
2027-09-04,六,2,,2027,9,4,5,1,1,0,0,0,497,2,0
2027-09-05,日,2,,2027,9,5,6,1,1,0,0,0,497,2,0
2027-09-06,一,0,,2027,9,6,0,0,0,0,0,0,498,0,0
2027-09-07,二,0,,2027,9,7,1,0,0,0,0,0,498,0,0
2027-09-08,三,0,,2027,9,8,2,0,0,0,0,0,498,0,0
2027-09-09,四,0,,2027,9,9,3,0,0,0,0,0,498,0,0
2027-09-10,五,0,,2027,9,10,4,0,0,0,0,0,498,0,0
2027-09-11,六,2,,2027,9,11,5,1,1,0,0,0,499,2,0
2027-09-12,日,2,,2027,9,12,6,1,1,0,0,0,499,2,0
2027-09-13,一,0,,2027,9,13,0,0,0,0,0,0,500,0,0
2027-09-14,二,0,,2027,9,14,1,0,0,0,0,0,500,0,0
2027-09-15,三,2,中秋節,2027,9,15,2,0,1,1,0,0,501,1,0
2027-09-16,四,0,,2027,9,16,3,0,0,0,0,0,502,0,0
2027-09-17,五,0,,2027,9,17,4,0,0,0,0,0,502,0,0
2027-09-18,六,2,,2027,9,18,5,1,1,0,0,0,503,2,0
2027-09-19,日,2,,2027,9,19,6,1,1,0,0,0,503,2,0
2027-09-20,一,0,,2027,9,20,0,0,0,0,0,0,504,0,0
2027-09-21,二,0,,2027,9,21,1,0,0,0,0,0,504,0,0
2027-09-22,三,0,,2027,9,22,2,0,0,0,0,0,504,0,0
2027-09-23,四,0,,2027,9,23,3,0,0,0,0,0,504,0,0
2027-09-24,五,0,,2027,9,24,4,0,0,0,0,0,504,0,0
2027-09-25,六,2,,2027,9,25,5,1,1,0,0,0,505,2,0
2027-09-26,日,2,,2027,9,26,6,1,1,0,0,0,505,2,0
2027-09-27,一,0,,2027,9,27,0,0,0,0,0,0,506,0,0
2027-09-28,二,2,孔子誕辰紀念日/教師節,2027,9,28,1,0,1,1,0,0,507,1,0
2027-09-29,三,0,,2027,9,29,2,0,0,0,0,0,508,0,0
2027-09-30,四,0,,2027,9,30,3,0,0,0,0,0,508,0,0
2027-10-01,五,0,,2027,10,1,4,0,0,0,0,0,508,0,0
2027-10-02,六,2,,2027,10,2,5,1,1,0,0,0,509,2,0
2027-10-03,日,2,,2027,10,3,6,1,1,0,0,0,509,2,0
2027-10-04,一,0,,2027,10,4,0,0,0,0,0,0,510,0,0
2027-10-05,二,0,,2027,10,5,1,0,0,0,0,0,510,0,0
2027-10-06,三,0,,2027,10,6,2,0,0,0,0,0,510,0,0
2027-10-07,四,0,,2027,10,7,3,0,0,0,0,0,510,0,0
2027-10-08,五,0,,2027,10,8,4,0,0,0,0,0,510,0,0
2027-10-09,六,2,,2027,10,9,5,1,1,0,0,0,511,3,1
2027-10-10,日,2,國慶日,2027,10,10,6,1,1,0,0,0,511,3,1
2027-10-11,一,2,補假,2027,10,11,0,0,1,1,0,0,511,3,1
2027-10-12,二,0,,2027,10,12,1,0,0,0,0,0,512,0,0
2027-10-13,三,0,,2027,10,13,2,0,0,0,0,0,512,0,0
2027-10-14,四,0,,2027,10,14,3,0,0,0,0,0,512,0,0
2027-10-15,五,0,,2027,10,15,4,0,0,0,0,0,512,0,0
2027-10-16,六,2,,2027,10,16,5,1,1,0,0,0,513,2,0
2027-10-17,日,2,,2027,10,17,6,1,1,0,0,0,513,2,0
2027-10-18,一,0,,2027,10,18,0,0,0,0,0,0,514,0,0
2027-10-19,二,0,,2027,10,19,1,0,0,0,0,0,514,0,0
2027-10-20,三,0,,2027,10,20,2,0,0,0,0,0,514,0,0
2027-10-21,四,0,,2027,10,21,3,0,0,0,0,0,514,0,0
2027-10-22,五,0,,2027,10,22,4,0,0,0,0,0,514,0,0
2027-10-23,六,2,,2027,10,23,5,1,1,0,0,0,515,3,1
2027-10-24,日,2,,2027,10,24,6,1,1,0,0,0,515,3,1
2027-10-25,一,2,臺灣光復暨金門古寧頭大捷紀念日,2027,10,25,0,0,1,1,0,0,515,3,1
2027-10-26,二,0,,2027,10,26,1,0,0,0,0,0,516,0,0
2027-10-27,三,0,,2027,10,27,2,0,0,0,0,0,516,0,0
2027-10-28,四,0,,2027,10,28,3,0,0,0,0,0,516,0,0
2027-10-29,五,0,,2027,10,29,4,0,0,0,0,0,516,0,0
2027-10-30,六,2,,2027,10,30,5,1,1,0,0,0,517,2,0
2027-10-31,日,2,,2027,10,31,6,1,1,0,0,0,517,2,0
2027-11-01,一,0,,2027,11,1,0,0,0,0,0,0,518,0,0
2027-11-02,二,0,,2027,11,2,1,0,0,0,0,0,518,0,0
2027-11-03,三,0,,2027,11,3,2,0,0,0,0,0,518,0,0
2027-11-04,四,0,,2027,11,4,3,0,0,0,0,0,518,0,0
2027-11-05,五,0,,2027,11,5,4,0,0,0,0,0,518,0,0
2027-11-06,六,2,,2027,11,6,5,1,1,0,0,0,519,2,0
2027-11-07,日,2,,2027,11,7,6,1,1,0,0,0,519,2,0
2027-11-08,一,0,,2027,11,8,0,0,0,0,0,0,520,0,0
2027-11-09,二,0,,2027,11,9,1,0,0,0,0,0,520,0,0
2027-11-10,三,0,,2027,11,10,2,0,0,0,0,0,520,0,0
2027-11-11,四,0,,2027,11,11,3,0,0,0,0,0,520,0,0
2027-11-12,五,0,,2027,11,12,4,0,0,0,0,0,520,0,0
2027-11-13,六,2,,2027,11,13,5,1,1,0,0,0,521,2,0
2027-11-14,日,2,,2027,11,14,6,1,1,0,0,0,521,2,0
2027-11-15,一,0,,2027,11,15,0,0,0,0,0,0,522,0,0
2027-11-16,二,0,,2027,11,16,1,0,0,0,0,0,522,0,0
2027-11-17,三,0,,2027,11,17,2,0,0,0,0,0,522,0,0
2027-11-18,四,0,,2027,11,18,3,0,0,0,0,0,522,0,0
2027-11-19,五,0,,2027,11,19,4,0,0,0,0,0,522,0,0
2027-11-20,六,2,,2027,11,20,5,1,1,0,0,0,523,2,0
2027-11-21,日,2,,2027,11,21,6,1,1,0,0,0,523,2,0
2027-11-22,一,0,,2027,11,22,0,0,0,0,0,0,524,0,0
2027-11-23,二,0,,2027,11,23,1,0,0,0,0,0,524,0,0
2027-11-24,三,0,,2027,11,24,2,0,0,0,0,0,524,0,0
2027-11-25,四,0,,2027,11,25,3,0,0,0,0,0,524,0,0
2027-11-26,五,0,,2027,11,26,4,0,0,0,0,0,524,0,0
2027-11-27,六,2,,2027,11,27,5,1,1,0,0,0,525,2,0
2027-11-28,日,2,,2027,11,28,6,1,1,0,0,0,525,2,0
2027-11-29,一,0,,2027,11,29,0,0,0,0,0,0,526,0,0
2027-11-30,二,0,,2027,11,30,1,0,0,0,0,0,526,0,0
2027-12-01,三,0,,2027,12,1,2,0,0,0,0,0,526,0,0
2027-12-02,四,0,,2027,12,2,3,0,0,0,0,0,526,0,0
2027-12-03,五,0,,2027,12,3,4,0,0,0,0,0,526,0,0
2027-12-04,六,2,,2027,12,4,5,1,1,0,0,0,527,2,0
2027-12-05,日,2,,2027,12,5,6,1,1,0,0,0,527,2,0
2027-12-06,一,0,,2027,12,6,0,0,0,0,0,0,528,0,0
2027-12-07,二,0,,2027,12,7,1,0,0,0,0,0,528,0,0
2027-12-08,三,0,,2027,12,8,2,0,0,0,0,0,528,0,0
2027-12-09,四,0,,2027,12,9,3,0,0,0,0,0,528,0,0
2027-12-10,五,0,,2027,12,10,4,0,0,0,0,0,528,0,0
2027-12-11,六,2,,2027,12,11,5,1,1,0,0,0,529,2,0
2027-12-12,日,2,,2027,12,12,6,1,1,0,0,0,529,2,0
2027-12-13,一,0,,2027,12,13,0,0,0,0,0,0,530,0,0
2027-12-14,二,0,,2027,12,14,1,0,0,0,0,0,530,0,0
2027-12-15,三,0,,2027,12,15,2,0,0,0,0,0,530,0,0
2027-12-16,四,0,,2027,12,16,3,0,0,0,0,0,530,0,0
2027-12-17,五,0,,2027,12,17,4,0,0,0,0,0,530,0,0
2027-12-18,六,2,,2027,12,18,5,1,1,0,0,0,531,2,0
2027-12-19,日,2,,2027,12,19,6,1,1,0,0,0,531,2,0
2027-12-20,一,0,,2027,12,20,0,0,0,0,0,0,532,0,0
2027-12-21,二,0,,2027,12,21,1,0,0,0,0,0,532,0,0
2027-12-22,三,0,,2027,12,22,2,0,0,0,0,0,532,0,0
2027-12-23,四,0,,2027,12,23,3,0,0,0,0,0,532,0,0
2027-12-24,五,2,補假,2027,12,24,4,0,1,1,0,0,533,3,1
2027-12-25,六,2,行憲紀念日,2027,12,25,5,1,1,0,0,0,533,3,1
2027-12-26,日,2,,2027,12,26,6,1,1,0,0,0,533,3,1
2027-12-27,一,0,,2027,12,27,0,0,0,0,0,0,534,0,0
2027-12-28,二,0,,2027,12,28,1,0,0,0,0,0,534,0,0
2027-12-29,三,0,,2027,12,29,2,0,0,0,0,0,534,0,0
2027-12-30,四,0,,2027,12,30,3,0,0,0,0,0,534,0,0
2027-12-31,五,2,補假,2027,12,31,4,0,1,1,0,0,535,1,0
