date,year,month,city,hotel_name,actual_occupancy,predicted_occupancy,error,absolute_error
2026-01-01,2026,1,台北市,JR東日本大飯店台北,81.83,82.67195963369039,0.8419596336903936,0.8419596336903936
2026-02-01,2026,2,台北市,JR東日本大飯店台北,66.96,83.84907112889688,16.889071128896887,16.889071128896887
2026-03-01,2026,3,台北市,JR東日本大飯店台北,84.44,78.27790465915781,-6.1620953408421855,6.1620953408421855
2026-04-01,2026,4,台北市,JR東日本大飯店台北,83.77,82.18558554258283,-1.584414457417168,1.584414457417168
2026-05-01,2026,5,台北市,JR東日本大飯店台北,80.35,79.59128332351261,-0.7587166764873814,0.7587166764873814
2026-06-01,2026,6,台北市,JR東日本大飯店台北,84.54,79.67335798210593,-4.86664201789408,4.86664201789408
2026-01-01,2026,1,台北市,三德大飯店,54.22,52.97244709578208,-1.247552904217919,1.247552904217919
2026-02-01,2026,2,台北市,三德大飯店,56.8,58.779639679714656,1.9796396797146585,1.9796396797146585
2026-03-01,2026,3,台北市,三德大飯店,76.16,60.07441913227505,-16.08558086772495,16.08558086772495
2026-04-01,2026,4,台北市,三德大飯店,62.18,67.62034066988936,5.440340669889359,5.440340669889359
2026-05-01,2026,5,台北市,三德大飯店,57.69,59.051854545166485,1.3618545451664872,1.3618545451664872
2026-06-01,2026,6,台北市,三德大飯店,48.06,60.31829856117599,12.258298561175991,12.258298561175991
2026-01-01,2026,1,台北市,亞都麗緻大飯店,58.10999999999999,66.89282864558008,8.78282864558009,8.78282864558009
2026-02-01,2026,2,台北市,亞都麗緻大飯店,59.870000000000005,63.879139954344836,4.009139954344832,4.009139954344832
2026-03-01,2026,3,台北市,亞都麗緻大飯店,79.13,68.53339448338485,-10.596605516615142,10.596605516615142
2026-04-01,2026,4,台北市,亞都麗緻大飯店,68.26,70.71264878635807,2.4526487863580684,2.4526487863580684
2026-05-01,2026,5,台北市,亞都麗緻大飯店,60.83,65.89716234426467,5.067162344264673,5.067162344264673
2026-06-01,2026,6,台北市,亞都麗緻大飯店,66.04,57.840987072582706,-8.1990129274173,8.1990129274173
2026-01-01,2026,1,台北市,兄弟大飯店,48.54,62.746819020110614,14.206819020110615,14.206819020110615
2026-02-01,2026,2,台北市,兄弟大飯店,48.09,58.89780273951094,10.807802739510933,10.807802739510933
2026-03-01,2026,3,台北市,兄弟大飯店,69.25,58.07343711997281,-11.176562880027191,11.176562880027191
2026-04-01,2026,4,台北市,兄弟大飯店,62.74999999999999,63.42715198782581,0.6771519878258161,0.6771519878258161
2026-05-01,2026,5,台北市,兄弟大飯店,56.720000000000006,58.98716735630437,2.2671673563043626,2.2671673563043626
2026-06-01,2026,6,台北市,兄弟大飯店,63.07000000000001,57.97827975962981,-5.091720240370201,5.091720240370201
2026-01-01,2026,1,台中市,全國大飯店,49.67,51.3233658359149,1.6533658359148973,1.6533658359148973
2026-02-01,2026,2,台中市,全國大飯店,51.52,51.76654454646302,0.2465445464630136,0.2465445464630136
2026-03-01,2026,3,台中市,全國大飯店,53.75,54.527539107944555,0.7775391079445555,0.7775391079445555
2026-04-01,2026,4,台中市,全國大飯店,51.57000000000001,52.10690503812105,0.5369050381210414,0.5369050381210414
2026-05-01,2026,5,台中市,全國大飯店,49.53,50.92981474146709,1.3998147414670896,1.3998147414670896
2026-06-01,2026,6,台中市,全國大飯店,52.23,51.129348469958664,-1.1006515300413326,1.1006515300413326
2026-01-01,2026,1,新北市,八里福朋喜來登酒店,26.62,45.450157555014094,18.830157555014093,18.830157555014093
2026-02-01,2026,2,新北市,八里福朋喜來登酒店,27.860000000000003,35.80675187510519,7.946751875105189,7.946751875105189
2026-03-01,2026,3,新北市,八里福朋喜來登酒店,30.260000000000005,35.815088267195996,5.555088267195991,5.555088267195991
2026-04-01,2026,4,新北市,八里福朋喜來登酒店,28.78,38.833264322380984,10.053264322380983,10.053264322380983
2026-05-01,2026,5,新北市,八里福朋喜來登酒店,28.08,33.29815916549816,5.2181591654981645,5.2181591654981645
2026-06-01,2026,6,新北市,八里福朋喜來登酒店,32.85,31.47206391353366,-1.3779360864663417,1.3779360864663417
2026-01-01,2026,1,屏東縣,凱撒大飯店,56.61999999999999,56.02000814458164,-0.5999918554183523,0.5999918554183523
2026-02-01,2026,2,屏東縣,凱撒大飯店,72.93,55.54683672690724,-17.38316327309277,17.38316327309277
2026-03-01,2026,3,屏東縣,凱撒大飯店,62.0,70.57765249769838,8.57765249769838,8.57765249769838
2026-04-01,2026,4,屏東縣,凱撒大飯店,80.01,66.06019701440978,-13.949802985590225,13.949802985590225
2026-05-01,2026,5,屏東縣,凱撒大飯店,80.13,74.06755991083186,-6.062440089168135,6.062440089168135
2026-06-01,2026,6,屏東縣,凱撒大飯店,79.55,77.14052694074485,-2.4094730592551485,2.4094730592551485
2026-01-01,2026,1,宜蘭縣,凱渡廣場酒店,21.48,28.38260386780947,6.902603867809468,6.902603867809468
2026-02-01,2026,2,宜蘭縣,凱渡廣場酒店,33.42,28.744038386671438,-4.675961613328564,4.675961613328564
2026-03-01,2026,3,宜蘭縣,凱渡廣場酒店,24.48,33.3758188116819,8.895818811681902,8.895818811681902
2026-04-01,2026,4,宜蘭縣,凱渡廣場酒店,33.12,29.268358397704343,-3.851641602295654,3.851641602295654
2026-05-01,2026,5,宜蘭縣,凱渡廣場酒店,42.73,34.01927398213659,-8.710726017863408,8.710726017863408
2026-06-01,2026,6,宜蘭縣,凱渡廣場酒店,52.22,42.32220939582222,-9.897790604177779,9.897790604177779
2026-01-01,2026,1,台北市,北投老爺酒店,74.06,75.49409003166522,1.434090031665221,1.434090031665221
2026-02-01,2026,2,台北市,北投老爺酒店,80.57,75.22918315680423,-5.340816843195768,5.340816843195768
2026-03-01,2026,3,台北市,北投老爺酒店,86.65,84.98634653085055,-1.6636534691494518,1.6636534691494518
2026-04-01,2026,4,台北市,北投老爺酒店,76.4,80.73877852617981,4.338778526179809,4.338778526179809
2026-05-01,2026,5,台北市,北投老爺酒店,66.19,75.14112381905633,8.951123819056335,8.951123819056335
2026-06-01,2026,6,台北市,北投老爺酒店,68.07,65.83151948334785,-2.238480516652146,2.238480516652146
2026-01-01,2026,1,台北市,北投麗禧溫泉酒店,78.4,72.28362930209443,-6.11637069790558,6.11637069790558
2026-02-01,2026,2,台北市,北投麗禧溫泉酒店,79.27,75.59939963213854,-3.6706003678614536,3.6706003678614536
2026-03-01,2026,3,台北市,北投麗禧溫泉酒店,64.86,75.74628118574795,10.886281185747947,10.886281185747947
2026-04-01,2026,4,台北市,北投麗禧溫泉酒店,57.02,62.774465407679145,5.754465407679142,5.754465407679142
2026-05-01,2026,5,台北市,北投麗禧溫泉酒店,53.52,53.884858569370024,0.36485856937002126,0.36485856937002126
2026-06-01,2026,6,台北市,北投麗禧溫泉酒店,45.76,48.93463225719569,3.1746322571956895,3.1746322571956895
2026-01-01,2026,1,桃園市,南方莊園渡假飯店,42.98,44.94848258288885,1.9684825828888535,1.9684825828888535
2026-02-01,2026,2,桃園市,南方莊園渡假飯店,47.1,45.67113104355191,-1.4288689564480919,1.4288689564480919
2026-03-01,2026,3,桃園市,南方莊園渡假飯店,34.79,42.43083391123773,7.640833911237728,7.640833911237728
2026-04-01,2026,4,桃園市,南方莊園渡假飯店,36.97,39.66744091563735,2.697440915637351,2.697440915637351
2026-05-01,2026,5,桃園市,南方莊園渡假飯店,29.469999999999995,37.14307748445027,7.673077484450271,7.673077484450271
2026-06-01,2026,6,桃園市,南方莊園渡假飯店,35.89,34.63210757963556,-1.257892420364442,1.257892420364442
2026-01-01,2026,1,桃園市,古華花園飯店,92.79,87.38880623019263,-5.401193769807378,5.401193769807378
2026-02-01,2026,2,桃園市,古華花園飯店,88.14,87.71188423646977,-0.4281157635302293,0.4281157635302293
2026-03-01,2026,3,桃園市,古華花園飯店,89.64,90.95258639834947,1.3125863983494668,1.3125863983494668
2026-04-01,2026,4,桃園市,古華花園飯店,89.03,89.74367032404558,0.7136703240455802,0.7136703240455802
2026-05-01,2026,5,桃園市,古華花園飯店,82.64,86.4858023783407,3.845802378340693,3.845802378340693
2026-06-01,2026,6,桃園市,古華花園飯店,83.49,86.38761288576029,2.897612885760296,2.897612885760296
2026-01-01,2026,1,台中市,台中港酒店,62.44,68.34692154024744,5.906921540247438,5.906921540247438
2026-02-01,2026,2,台中市,台中港酒店,65.13,67.66420730917028,2.5342073091702844,2.5342073091702844
2026-03-01,2026,3,台中市,台中港酒店,75.68,72.37791970695089,-3.3020802930491158,3.3020802930491158
2026-04-01,2026,4,台中市,台中港酒店,84.73,75.58479760293865,-9.145202397061354,9.145202397061354
2026-05-01,2026,5,台中市,台中港酒店,73.6,80.62243131282429,7.0224313128242954,7.0224313128242954
2026-06-01,2026,6,台中市,台中港酒店,76.13,77.41842402343833,1.2884240234383384,1.2884240234383384
2026-01-01,2026,1,台中市,台中福華大飯店,91.03,84.61269241724786,-6.417307582752144,6.417307582752144
2026-02-01,2026,2,台中市,台中福華大飯店,88.25,88.56371129546484,0.31371129546484156,0.31371129546484156
2026-03-01,2026,3,台中市,台中福華大飯店,86.37,91.45838292007271,5.0883829200727035,5.0883829200727035
2026-04-01,2026,4,台中市,台中福華大飯店,87.96,87.71050864329911,-0.2494913567008865,0.2494913567008865
2026-05-01,2026,5,台中市,台中福華大飯店,87.12,84.8596867153065,-2.2603132846935097,2.2603132846935097
2026-06-01,2026,6,台中市,台中福華大飯店,87.96,86.90657834415342,-1.0534216558465772,1.0534216558465772
2026-01-01,2026,1,台中市,台中金典酒店,72.35,63.06056160377446,-9.289438396225535,9.289438396225535
2026-02-01,2026,2,台中市,台中金典酒店,72.96,71.08296644975802,-1.8770335502419755,1.8770335502419755
2026-03-01,2026,3,台中市,台中金典酒店,74.22,74.48032131851426,0.2603213185142579,0.2603213185142579
2026-04-01,2026,4,台中市,台中金典酒店,74.79,73.33715097554568,-1.4528490244543235,1.4528490244543235
2026-05-01,2026,5,台中市,台中金典酒店,78.26,71.8177137173667,-6.4422862826333045,6.4422862826333045
2026-06-01,2026,6,台中市,台中金典酒店,79.76,74.71045850704185,-5.049541492958156,5.049541492958156
2026-01-01,2026,1,台北市,台北W飯店,77.06,76.06553259929119,-0.9944674007088139,0.9944674007088139
2026-02-01,2026,2,台北市,台北W飯店,72.94,79.94604591311928,7.00604591311928,7.00604591311928
2026-03-01,2026,3,台北市,台北W飯店,91.32,79.51042860438568,-11.809571395614313,11.809571395614313
2026-04-01,2026,4,台北市,台北W飯店,86.48,83.21109658010151,-3.2689034198984928,3.2689034198984928
2026-05-01,2026,5,台北市,台北W飯店,83.78,80.09269385341545,-3.6873061465845467,3.6873061465845467
2026-06-01,2026,6,台北市,台北W飯店,86.06,82.12913532389237,-3.930864676107632,3.930864676107632
2026-01-01,2026,1,台北市,台北中山雅樂軒酒店,86.8,79.45781321857721,-7.342186781422782,7.342186781422782
2026-02-01,2026,2,台北市,台北中山雅樂軒酒店,74.39,86.12686108095268,11.736861080952679,11.736861080952679
2026-03-01,2026,3,台北市,台北中山雅樂軒酒店,92.56,83.28722804170968,-9.27277195829032,9.27277195829032
2026-04-01,2026,4,台北市,台北中山雅樂軒酒店,87.5,88.38158525715316,0.8815852571531622,0.8815852571531622
2026-05-01,2026,5,台北市,台北中山雅樂軒酒店,83.32,84.13760338897558,0.8176033889755843,0.8176033889755843
2026-06-01,2026,6,台北市,台北中山雅樂軒酒店,79.47,84.9627645626135,5.492764562613502,5.492764562613502
2026-01-01,2026,1,台北市,台北凱撒大飯店,93.15,84.64687435229919,-8.503125647700813,8.503125647700813
2026-02-01,2026,2,台北市,台北凱撒大飯店,88.68,90.06609541789523,1.3860954178952198,1.3860954178952198
2026-03-01,2026,3,台北市,台北凱撒大飯店,97.68,92.3249406741175,-5.355059325882507,5.355059325882507
2026-04-01,2026,4,台北市,台北凱撒大飯店,94.25,90.98697147745118,-3.2630285225488223,3.2630285225488223
2026-05-01,2026,5,台北市,台北凱撒大飯店,91.15,90.78294803214864,-0.36705196785136707,0.36705196785136707
2026-06-01,2026,6,台北市,台北凱撒大飯店,85.86,89.39314882626577,3.533148826265773,3.533148826265773
2026-01-01,2026,1,台北市,台北君品大酒店,72.13,75.38533609858241,3.2553360985824185,3.2553360985824185
2026-02-01,2026,2,台北市,台北君品大酒店,67.02,75.51726721233678,8.49726721233678,8.49726721233678
2026-03-01,2026,3,台北市,台北君品大酒店,79.53,75.77995871045779,-3.75004128954221,3.75004128954221
2026-04-01,2026,4,台北市,台北君品大酒店,82.35,74.71277295145524,-7.637227048544759,7.637227048544759
2026-05-01,2026,5,台北市,台北君品大酒店,76.9,76.6815469397561,-0.21845306024390254,0.21845306024390254
2026-06-01,2026,6,台北市,台北君品大酒店,71.54,74.70169323275255,3.1616932327525404,3.1616932327525404
2026-01-01,2026,1,台北市,台北君悅酒店,84.16,80.47776878843722,-3.6822312115627795,3.6822312115627795
2026-02-01,2026,2,台北市,台北君悅酒店,75.42,82.66863890355944,7.2486389035594385,7.2486389035594385
2026-03-01,2026,3,台北市,台北君悅酒店,83.08,82.33768957065767,-0.742310429342325,0.742310429342325
2026-04-01,2026,4,台北市,台北君悅酒店,83.33,79.9745988098563,-3.355401190143695,3.355401190143695
2026-05-01,2026,5,台北市,台北君悅酒店,79.65,77.30571727069653,-2.3442827293034725,2.3442827293034725
2026-06-01,2026,6,台北市,台北君悅酒店,79.6,79.51682596342027,-0.08317403657972022,0.08317403657972022
2026-01-01,2026,1,台北市,台北寒舍喜來登大飯店,72.18,76.91592047719406,4.735920477194057,4.735920477194057
2026-02-01,2026,2,台北市,台北寒舍喜來登大飯店,66.6,76.91559810993591,10.31559810993592,10.31559810993592
2026-03-01,2026,3,台北市,台北寒舍喜來登大飯店,77.9,76.71765579656135,-1.1823442034386602,1.1823442034386602
2026-04-01,2026,4,台北市,台北寒舍喜來登大飯店,74.45,75.49066019289367,1.040660192893668,1.040660192893668
2026-05-01,2026,5,台北市,台北寒舍喜來登大飯店,71.63,73.43478480000579,1.8047848000057911,1.8047848000057911
2026-06-01,2026,6,台北市,台北寒舍喜來登大飯店,76.64,72.85297166495002,-3.787028335049982,3.787028335049982
2026-01-01,2026,1,台北市,台北寒舍艾美酒店,86.33,82.71741113838023,-3.61258886161977,3.61258886161977
2026-02-01,2026,2,台北市,台北寒舍艾美酒店,80.29,87.14514669591605,6.855146695916048,6.855146695916048
2026-03-01,2026,3,台北市,台北寒舍艾美酒店,89.78,88.44425304000343,-1.3357469599965697,1.3357469599965697
2026-04-01,2026,4,台北市,台北寒舍艾美酒店,88.52,87.48450450076882,-1.0354954992311747,1.0354954992311747
2026-05-01,2026,5,台北市,台北寒舍艾美酒店,86.79,84.26367362843494,-2.5263263715650623,2.5263263715650623
2026-06-01,2026,6,台北市,台北寒舍艾美酒店,88.79,87.06938146079612,-1.7206185392038833,1.7206185392038833
2026-01-01,2026,1,台北市,台北漢來大飯店,50.45,56.349584367666566,5.899584367666563,5.899584367666563
2026-02-01,2026,2,台北市,台北漢來大飯店,59.260000000000005,55.54307349688005,-3.716926503119957,3.716926503119957
2026-03-01,2026,3,台北市,台北漢來大飯店,63.09,57.47954291913827,-5.610457080861735,5.610457080861735
2026-04-01,2026,4,台北市,台北漢來大飯店,62.93,61.67549537556573,-1.2545046244342686,1.2545046244342686
2026-05-01,2026,5,台北市,台北漢來大飯店,60.99,60.93098471572932,-0.05901528427067859,0.05901528427067859
2026-06-01,2026,6,台北市,台北漢來大飯店,64.11,57.77802466363844,-6.331975336361559,6.331975336361559
2026-01-01,2026,1,台北市,台北美福大飯店,60.04999999999999,65.67448479557311,5.624484795573117,5.624484795573117
2026-02-01,2026,2,台北市,台北美福大飯店,57.34,62.197214688889375,4.857214688889371,4.857214688889371
2026-03-01,2026,3,台北市,台北美福大飯店,70.9,65.39717095830689,-5.5028290416931185,5.5028290416931185
2026-04-01,2026,4,台北市,台北美福大飯店,66.19,70.13059919044815,3.940599190448154,3.940599190448154
2026-05-01,2026,5,台北市,台北美福大飯店,64.36,64.59085404207522,0.2308540420752223,0.2308540420752223
2026-06-01,2026,6,台北市,台北美福大飯店,66.19,60.98979114133441,-5.20020885866559,5.20020885866559
2026-01-01,2026,1,台北市,台北艾麗酒店,74.48,77.95932510573176,3.4793251057317605,3.4793251057317605
2026-02-01,2026,2,台北市,台北艾麗酒店,69.44,78.86890846512115,9.428908465121154,9.428908465121154
2026-03-01,2026,3,台北市,台北艾麗酒店,86.79,79.27555644725622,-7.514443552743785,7.514443552743785
2026-04-01,2026,4,台北市,台北艾麗酒店,82.34,80.0224773313223,-2.3175226686776966,2.3175226686776966
2026-05-01,2026,5,台北市,台北艾麗酒店,80.91,79.16679700627883,-1.7432029937211695,1.7432029937211695
2026-06-01,2026,6,台北市,台北艾麗酒店,82.5,80.14777648802364,-2.352223511976362,2.352223511976362
2026-01-01,2026,1,台北市,台北花園大酒店,91.79,86.45429377780403,-5.335706222195981,5.335706222195981
2026-02-01,2026,2,台北市,台北花園大酒店,81.45,90.9454123383051,9.495412338305101,9.495412338305101
2026-03-01,2026,3,台北市,台北花園大酒店,93.05,89.46786758836795,-3.5821324116320454,3.5821324116320454
2026-04-01,2026,4,台北市,台北花園大酒店,88.11,88.59538841895419,0.4853884189541873,0.4853884189541873
2026-05-01,2026,5,台北市,台北花園大酒店,88.8,84.76404396823081,-4.035956031769189,4.035956031769189
2026-06-01,2026,6,台北市,台北花園大酒店,82.41,86.23625531044212,3.8262553104421215,3.8262553104421215
2026-01-01,2026,1,台北市,台北萬豪酒店,87.59,83.64679003314687,-3.943209966853132,3.943209966853132
2026-02-01,2026,2,台北市,台北萬豪酒店,77.02,87.26231168577601,10.242311685776016,10.242311685776016
2026-03-01,2026,3,台北市,台北萬豪酒店,96.49,86.67076081801088,-9.819239181989118,9.819239181989118
2026-04-01,2026,4,台北市,台北萬豪酒店,94.48,89.55895946990067,-4.921040530099333,4.921040530099333
2026-05-01,2026,5,台北市,台北萬豪酒店,91.69,86.8018463371701,-4.888153662829893,4.888153662829893
2026-06-01,2026,6,台北市,台北萬豪酒店,88.18,88.86882829911728,0.6888282991172758,0.6888282991172758
2026-01-01,2026,1,台北市,台北遠東香格里拉,72.04,75.62281932206217,3.5828193220621642,3.5828193220621642
2026-02-01,2026,2,台北市,台北遠東香格里拉,68.59,75.07325812652336,6.483258126523353,6.483258126523353
2026-03-01,2026,3,台北市,台北遠東香格里拉,82.23,74.8286900051626,-7.401309994837405,7.401309994837405
2026-04-01,2026,4,台北市,台北遠東香格里拉,77.68,78.41873859227434,0.7387385922743306,0.7387385922743306
2026-05-01,2026,5,台北市,台北遠東香格里拉,71.04,72.75774978211204,1.7177497821120369,1.7177497821120369
2026-06-01,2026,6,台北市,台北遠東香格里拉,68.48,73.44481686729804,4.96481686729804,4.96481686729804
2026-01-01,2026,1,台南市,台南大員皇冠假日酒店,67.25,66.29631596407656,-0.9536840359234446,0.9536840359234446
2026-02-01,2026,2,台南市,台南大員皇冠假日酒店,72.17,67.3324510812202,-4.837548918779802,4.837548918779802
2026-03-01,2026,3,台南市,台南大員皇冠假日酒店,53.81,70.57753990761877,16.76753990761877,16.76753990761877
2026-04-01,2026,4,台南市,台南大員皇冠假日酒店,63.84000000000001,59.27153512421211,-4.568464875787903,4.568464875787903
2026-05-01,2026,5,台南市,台南大員皇冠假日酒店,63.13999999999999,63.300833530195526,0.16083353019553215,0.16083353019553215
2026-06-01,2026,6,台南市,台南大員皇冠假日酒店,65.01,60.81302581891043,-4.196974181089573,4.196974181089573
2026-01-01,2026,1,台南市,台南大飯店,61.71,63.160915861630684,1.4509158616306834,1.4509158616306834
2026-02-01,2026,2,台南市,台南大飯店,69.48,65.63374552156509,-3.846254478434915,3.846254478434915
2026-03-01,2026,3,台南市,台南大飯店,73.64,70.88738657349379,-2.7526134265062154,2.7526134265062154
2026-04-01,2026,4,台南市,台南大飯店,73.33,69.47377915629889,-3.8562208437011094,3.8562208437011094
2026-05-01,2026,5,台南市,台南大飯店,81.56,64.55578449370218,-17.004215506297825,17.004215506297825
2026-06-01,2026,6,台南市,台南大飯店,72.02,71.17886051492535,-0.841139485074649,0.841139485074649
2026-01-01,2026,1,台南市,台南遠東香格里拉,71.39,73.14280188240484,1.7528018824048388,1.7528018824048388
2026-02-01,2026,2,台南市,台南遠東香格里拉,73.81,74.66130764350127,0.8513076435012721,0.8513076435012721
2026-03-01,2026,3,台南市,台南遠東香格里拉,76.24,77.09080665168077,0.8508066516807702,0.8508066516807702
2026-04-01,2026,4,台南市,台南遠東香格里拉,78.31,77.37306194551526,-0.9369380544847417,0.9369380544847417
2026-05-01,2026,5,台南市,台南遠東香格里拉,76.79,74.19047443595313,-2.5995255640468713,2.5995255640468713
2026-06-01,2026,6,台南市,台南遠東香格里拉,70.33,75.30209742562337,4.9720974256233745,4.9720974256233745
2026-01-01,2026,1,台東縣,台東桂田喜來登酒店,38.45,44.85967138559561,6.409671385595608,6.409671385595608
2026-02-01,2026,2,台東縣,台東桂田喜來登酒店,50.1,41.497933982205545,-8.602066017794456,8.602066017794456
2026-03-01,2026,3,台東縣,台東桂田喜來登酒店,52.15,50.697627373438394,-1.4523726265616048,1.4523726265616048
2026-04-01,2026,4,台東縣,台東桂田喜來登酒店,58.43000000000001,52.60751516468514,-5.822484835314867,5.822484835314867
2026-05-01,2026,5,台東縣,台東桂田喜來登酒店,52.96999999999999,52.89096657025987,-0.07903342974012162,0.07903342974012162
2026-06-01,2026,6,台東縣,台東桂田喜來登酒店,48.24,51.72669586514623,3.486695865146231,3.486695865146231
2026-01-01,2026,1,台南市,台糖長榮酒店(台南),63.01,54.06585878887321,-8.94414121112679,8.94414121112679
2026-02-01,2026,2,台南市,台糖長榮酒店(台南),82.29,67.07943447364289,-15.210565526357115,15.210565526357115
2026-03-01,2026,3,台南市,台糖長榮酒店(台南),69.53,77.37183512223852,7.841835122238521,7.841835122238521
2026-04-01,2026,4,台南市,台糖長榮酒店(台南),71.08,71.63690523990235,0.5569052399023491,0.5569052399023491
2026-05-01,2026,5,台南市,台糖長榮酒店(台南),77.21,71.15306219682806,-6.056937803171934,6.056937803171934
2026-06-01,2026,6,台南市,台糖長榮酒店(台南),76.97,73.45412737972121,-3.5158726202787847,3.5158726202787847
2026-01-01,2026,1,桃園市,名人堂花園大飯店,31.2,38.022391877803834,6.822391877803835,6.822391877803835
2026-02-01,2026,2,桃園市,名人堂花園大飯店,39.01,37.93167922443969,-1.0783207755603073,1.0783207755603073
2026-03-01,2026,3,桃園市,名人堂花園大飯店,29.44,36.25312842410587,6.813128424105866,6.813128424105866
2026-04-01,2026,4,桃園市,名人堂花園大飯店,33.54,38.65624916460796,5.116249164607957,5.116249164607957
2026-05-01,2026,5,桃園市,名人堂花園大飯店,39.72,35.60330966837173,-4.11669033162827,4.11669033162827
2026-06-01,2026,6,桃園市,名人堂花園大飯店,39.4,39.29500953644364,-0.1049904635563621,0.1049904635563621
2026-01-01,2026,1,嘉義縣,名都觀光渡假大飯店,8.05,20.778390688976486,12.728390688976486,12.728390688976486
2026-02-01,2026,2,嘉義縣,名都觀光渡假大飯店,16.24,16.010728116582452,-0.229271883417546,0.229271883417546
2026-03-01,2026,3,嘉義縣,名都觀光渡假大飯店,24.71,18.147521839567784,-6.562478160432217,6.562478160432217
2026-04-01,2026,4,嘉義縣,名都觀光渡假大飯店,21.51,23.552501522237744,2.0425015222377425,2.0425015222377425
2026-05-01,2026,5,嘉義縣,名都觀光渡假大飯店,19.95,21.104309466517613,1.1543094665176135,1.1543094665176135
2026-06-01,2026,6,嘉義縣,名都觀光渡假大飯店,13.2,18.849038012108966,5.649038012108967,5.649038012108967
2026-01-01,2026,1,桃園市,和逸飯店桃園青埔館,74.99,75.34217152208426,0.3521715220842623,0.3521715220842623
2026-02-01,2026,2,桃園市,和逸飯店桃園青埔館,74.39,76.0481182900553,1.6581182900552989,1.6581182900552989
2026-03-01,2026,3,桃園市,和逸飯店桃園青埔館,80.26,77.27228454380622,-2.987715456193783,2.987715456193783
2026-04-01,2026,4,桃園市,和逸飯店桃園青埔館,73.7,76.2288907866868,2.5288907866868016,2.5288907866868016
2026-05-01,2026,5,桃園市,和逸飯店桃園青埔館,77.42,71.07106221218388,-6.348937787816126,6.348937787816126
2026-06-01,2026,6,桃園市,和逸飯店桃園青埔館,79.72,75.1717520968864,-4.548247903113605,4.548247903113605
2026-01-01,2026,1,台北市,國王大飯店,64.62,62.8110728085009,-1.8089271914991016,1.8089271914991016
2026-02-01,2026,2,台北市,國王大飯店,52.65,69.46833874155607,16.81833874155607,16.81833874155607
2026-03-01,2026,3,台北市,國王大飯店,82.77,65.71945970079707,-17.050540299202922,17.050540299202922
2026-04-01,2026,4,台北市,國王大飯店,60.07,74.61279378648774,14.542793786487742,14.542793786487742
2026-05-01,2026,5,台北市,國王大飯店,65.71,61.48828429018651,-4.2217157098134805,4.2217157098134805
2026-06-01,2026,6,台北市,國王大飯店,56.11999999999999,67.59269309382262,11.472693093822627,11.472693093822627
2026-01-01,2026,1,台北市,國聯大飯店,41.35,52.61943841695014,11.269438416950138,11.269438416950138
2026-02-01,2026,2,台北市,國聯大飯店,39.95,48.52701479219486,8.57701479219486,8.57701479219486
2026-03-01,2026,3,台北市,國聯大飯店,42.96,47.47549787673219,4.515497876732191,4.515497876732191
2026-04-01,2026,4,台北市,國聯大飯店,44.79,45.84883336659724,1.0588333665972414,1.0588333665972414
2026-05-01,2026,5,台北市,國聯大飯店,49.21,46.927542941906275,-2.2824570580937262,2.2824570580937262
2026-06-01,2026,6,台北市,國聯大飯店,53.53,49.97748648047028,-3.552513519529718,3.552513519529718
2026-01-01,2026,1,台北市,圓山大飯店,66.14,74.60832684996207,8.468326849962068,8.468326849962068
2026-02-01,2026,2,台北市,圓山大飯店,56.77,72.58424472209902,15.814244722099012,15.814244722099012
2026-03-01,2026,3,台北市,圓山大飯店,75.07,69.48282530660649,-5.587174693393507,5.587174693393507
2026-04-01,2026,4,台北市,圓山大飯店,68.89,71.66325574547595,2.77325574547595,2.77325574547595
2026-05-01,2026,5,台北市,圓山大飯店,83.5,67.26126063119503,-16.23873936880497,16.23873936880497
2026-06-01,2026,6,台北市,圓山大飯店,80.22,77.23462938471859,-2.9853706152814112,2.9853706152814112
2026-01-01,2026,1,屏東縣,墾丁怡灣渡假酒店,35.98,42.08140044328657,6.101400443286572,6.101400443286572
2026-02-01,2026,2,屏東縣,墾丁怡灣渡假酒店,46.26,37.50778745837439,-8.75221254162561,8.75221254162561
2026-03-01,2026,3,屏東縣,墾丁怡灣渡假酒店,32.41,44.67308520012715,12.26308520012715,12.26308520012715
2026-04-01,2026,4,屏東縣,墾丁怡灣渡假酒店,47.83,39.18204043268459,-8.64795956731541,8.64795956731541
2026-05-01,2026,5,屏東縣,墾丁怡灣渡假酒店,47.31,46.49776629585855,-0.8122337041414553,0.8122337041414553
2026-06-01,2026,6,屏東縣,墾丁怡灣渡假酒店,51.38,47.76609258884184,-3.6139074111581593,3.6139074111581593
2026-01-01,2026,1,屏東縣,墾丁福華渡假飯店,34.98,34.85241560205342,-0.1275843979465776,0.1275843979465776
2026-02-01,2026,2,屏東縣,墾丁福華渡假飯店,31.9,37.4476001808459,5.547600180845905,5.547600180845905
2026-03-01,2026,3,屏東縣,墾丁福華渡假飯店,45.12,35.51209719363748,-9.607902806362517,9.607902806362517
2026-04-01,2026,4,屏東縣,墾丁福華渡假飯店,54.95,45.568012320957806,-9.381987679042197,9.381987679042197
2026-05-01,2026,5,屏東縣,墾丁福華渡假飯店,53.77000000000001,49.25945778637594,-4.5105422136240705,4.5105422136240705
2026-06-01,2026,6,屏東縣,墾丁福華渡假飯店,53.36,49.46984326564673,-3.890156734353269,3.890156734353269
2026-01-01,2026,1,新北市,大板根渡假酒店,78.61,72.66526889713697,-5.944731102863031,5.944731102863031
2026-02-01,2026,2,新北市,大板根渡假酒店,84.81,76.47426564077308,-8.335734359226919,8.335734359226919
2026-03-01,2026,3,新北市,大板根渡假酒店,75.28,79.63673063195914,4.356730631959138,4.356730631959138
2026-04-01,2026,4,新北市,大板根渡假酒店,77.05,75.24051294285842,-1.809487057141581,1.809487057141581
2026-05-01,2026,5,新北市,大板根渡假酒店,74.77,75.0239030067285,0.25390300672850685,0.25390300672850685
2026-06-01,2026,6,新北市,大板根渡假酒店,72.49,71.9323287114842,-0.5576712885157917,0.5576712885157917
2026-01-01,2026,1,台北市,天成大飯店,92.06,85.58332342672854,-6.476676573271462,6.476676573271462
2026-02-01,2026,2,台北市,天成大飯店,82.9,89.42864338839885,6.528643388398848,6.528643388398848
2026-03-01,2026,3,台北市,天成大飯店,94.43,91.86233986802196,-2.5676601319780445,2.5676601319780445
2026-04-01,2026,4,台北市,天成大飯店,98.7,90.60067282423292,-8.099327175767087,8.099327175767087
2026-05-01,2026,5,台北市,天成大飯店,95.5,89.98051230159633,-5.519487698403665,5.519487698403665
2026-06-01,2026,6,台北市,天成大飯店,98.85,90.91422107920988,-7.9357789207901135,7.9357789207901135
2026-01-01,2026,1,花蓮縣,太魯閣晶英酒店,21.09,24.92211744367297,3.8321174436729706,3.8321174436729706
2026-02-01,2026,2,花蓮縣,太魯閣晶英酒店,35.29,23.20812198414784,-12.081878015852158,12.081878015852158
2026-03-01,2026,3,花蓮縣,太魯閣晶英酒店,34.88,34.82510450891082,-0.05489549108918368,0.05489549108918368
2026-04-01,2026,4,花蓮縣,太魯閣晶英酒店,42.67,33.61088797341208,-9.059112026587918,9.059112026587918
2026-05-01,2026,5,花蓮縣,太魯閣晶英酒店,38.75,36.93189267305607,-1.818107326943931,1.818107326943931
2026-06-01,2026,6,花蓮縣,太魯閣晶英酒店,46.1,37.49197985930877,-8.608020140691231,8.608020140691231
2026-01-01,2026,1,台東縣,娜路彎大酒店,57.98,49.67343633673266,-8.30656366326734,8.30656366326734
2026-02-01,2026,2,台東縣,娜路彎大酒店,47.61,53.14508635048028,5.535086350480277,5.535086350480277
2026-03-01,2026,3,台東縣,娜路彎大酒店,53.93,49.77771443656633,-4.152285563433672,4.152285563433672
2026-04-01,2026,4,台東縣,娜路彎大酒店,52.92,53.56584980259491,0.6458498025949098,0.6458498025949098
2026-05-01,2026,5,台東縣,娜路彎大酒店,52.91,48.60359392932766,-4.306406070672338,4.306406070672338
2026-06-01,2026,6,台東縣,娜路彎大酒店,49.16,51.004897139934734,1.8448971399347371,1.8448971399347371
2026-01-01,2026,1,高雄市,寒軒國際大飯店,66.77,74.35614288985714,7.586142889857143,7.586142889857143
2026-02-01,2026,2,高雄市,寒軒國際大飯店,62.9,69.76615387377025,6.866153873770251,6.866153873770251
2026-03-01,2026,3,高雄市,寒軒國際大飯店,76.26,72.26087366196064,-3.9991263380393605,3.9991263380393605
2026-04-01,2026,4,高雄市,寒軒國際大飯店,74.37,75.43978704519283,1.0697870451928253,1.0697870451928253
2026-05-01,2026,5,高雄市,寒軒國際大飯店,86.69,70.73920521642331,-15.950794783576683,15.950794783576683
2026-06-01,2026,6,高雄市,寒軒國際大飯店,85.1,79.77411766293577,-5.325882337064229,5.325882337064229
2026-01-01,2026,1,澎湖縣,寶華大飯店,4.32,2.8477650575397018,-1.4722349424602985,1.4722349424602985
2026-02-01,2026,2,澎湖縣,寶華大飯店,3.67,9.097414136623932,5.427414136623932,5.427414136623932
2026-03-01,2026,3,澎湖縣,寶華大飯店,11.94,10.310114801410814,-1.6298851985891858,1.6298851985891858
2026-04-01,2026,4,澎湖縣,寶華大飯店,13.47,19.037995497883134,5.567995497883134,5.567995497883134
2026-05-01,2026,5,澎湖縣,寶華大飯店,32.04,19.515022768805483,-12.524977231194516,12.524977231194516
2026-06-01,2026,6,澎湖縣,寶華大飯店,28.559999999999995,31.35640841842741,2.796408418427415,2.796408418427415
2026-01-01,2026,1,桃園市,尊爵大飯店,66.56,64.78104744865294,-1.7789525513470608,1.7789525513470608
2026-02-01,2026,2,桃園市,尊爵大飯店,59.58,66.97118065440507,7.391180654405076,7.391180654405076
2026-03-01,2026,3,桃園市,尊爵大飯店,73.5,65.4294052910778,-8.0705947089222,8.0705947089222
2026-04-01,2026,4,桃園市,尊爵大飯店,66.25,70.7639854552529,4.513985455252893,4.513985455252893
2026-05-01,2026,5,桃園市,尊爵大飯店,60.150000000000006,65.59587297520599,5.445872975205987,5.445872975205987
2026-06-01,2026,6,桃園市,尊爵大飯店,60.89,60.4470149511152,-0.4429850488848004,0.4429850488848004
2026-01-01,2026,1,桃園市,尊爵天際大飯店,89.2,80.04130502762324,-9.158694972376765,9.158694972376765
2026-02-01,2026,2,桃園市,尊爵天際大飯店,78.09,86.86951665649299,8.779516656492987,8.779516656492987
2026-03-01,2026,3,桃園市,尊爵天際大飯店,88.06,86.56341997487283,-1.496580025127173,1.496580025127173
2026-04-01,2026,4,桃園市,尊爵天際大飯店,78.61,84.07940561399006,5.469405613990062,5.469405613990062
2026-05-01,2026,5,桃園市,尊爵天際大飯店,73.85,77.01755457724748,3.1675545772474862,3.1675545772474862
2026-06-01,2026,6,桃園市,尊爵天際大飯店,70.83,74.81256380553758,3.9825638055375805,3.9825638055375805
2026-01-01,2026,1,宜蘭縣,山泉大飯店,73.02,66.91561506269201,-6.104384937307984,6.104384937307984
2026-02-01,2026,2,宜蘭縣,山泉大飯店,54.75,70.06249298593548,15.312492985935478,15.312492985935478
2026-03-01,2026,3,宜蘭縣,山泉大飯店,71.72,62.852594237083444,-8.867405762916555,8.867405762916555
2026-04-01,2026,4,宜蘭縣,山泉大飯店,67.37,68.54377092966668,1.1737709296666736,1.1737709296666736
2026-05-01,2026,5,宜蘭縣,山泉大飯店,49.09,64.93762590828507,15.847625908285067,15.847625908285067
2026-06-01,2026,6,宜蘭縣,山泉大飯店,44.47,56.9406019197973,12.470601919797303,12.470601919797303
2026-01-01,2026,1,宜蘭縣,幼獅大飯店,7.429999999999999,10.835158360799715,3.4051583607997165,3.4051583607997165
2026-02-01,2026,2,宜蘭縣,幼獅大飯店,16.85,8.59373656387227,-8.256263436127732,8.256263436127732
2026-03-01,2026,3,宜蘭縣,幼獅大飯店,10.3,15.876049750615378,5.576049750615377,5.576049750615377
2026-04-01,2026,4,宜蘭縣,幼獅大飯店,13.77,15.079502925395094,1.309502925395094,1.309502925395094
2026-05-01,2026,5,宜蘭縣,幼獅大飯店,10.96,13.157353400352456,2.197353400352455,2.197353400352455
2026-06-01,2026,6,宜蘭縣,幼獅大飯店,11.38,13.296208144575196,1.9162081445751955,1.9162081445751955
2026-01-01,2026,1,宜蘭縣,悅川酒店,67.9,71.08292473849721,3.1829247384972064,3.1829247384972064
2026-02-01,2026,2,宜蘭縣,悅川酒店,68.2,71.50342855457616,3.3034285545761577,3.3034285545761577
2026-03-01,2026,3,宜蘭縣,悅川酒店,69.65,68.25103584609388,-1.398964153906121,1.398964153906121
2026-04-01,2026,4,宜蘭縣,悅川酒店,66.63,69.01664761443436,2.3866476144343665,2.3866476144343665
2026-05-01,2026,5,宜蘭縣,悅川酒店,73.94,64.80902976114778,-9.130970238852214,9.130970238852214
2026-06-01,2026,6,宜蘭縣,悅川酒店,78.77,70.65543260397257,-8.114567396027425,8.114567396027425
2026-01-01,2026,1,新竹縣,新竹喜來登大飯店,76.98,69.95410296623034,-7.025897033769667,7.025897033769667
2026-02-01,2026,2,新竹縣,新竹喜來登大飯店,65.21,79.07010740781386,13.86010740781387,13.86010740781387
2026-03-01,2026,3,新竹縣,新竹喜來登大飯店,88.37,73.46003323329927,-14.909966766700734,14.909966766700734
2026-04-01,2026,4,新竹縣,新竹喜來登大飯店,84.69,79.80829913800888,-4.881700861991121,4.881700861991121
2026-05-01,2026,5,新竹縣,新竹喜來登大飯店,87.28,78.35605268636222,-8.923947313637782,8.923947313637782
2026-06-01,2026,6,新竹縣,新竹喜來登大飯店,93.49,84.50548629656676,-8.984513703433237,8.984513703433237
2026-01-01,2026,1,新竹市,新竹國賓大飯店,58.5,59.17032016585654,0.6703201658565376,0.6703201658565376
2026-02-01,2026,2,新竹市,新竹國賓大飯店,53.31,63.91538605044154,10.605386050441538,10.605386050441538
2026-03-01,2026,3,新竹市,新竹國賓大飯店,72.96,60.271082689203936,-12.688917310796057,12.688917310796057
2026-04-01,2026,4,新竹市,新竹國賓大飯店,70.45,71.25599891849757,0.8059989184975649,0.8059989184975649
2026-05-01,2026,5,新竹市,新竹國賓大飯店,67.57,69.29766877813341,1.7276687781334203,1.7276687781334203
2026-06-01,2026,6,新竹市,新竹國賓大飯店,77.55,68.9626068319355,-8.587393168064494,8.587393168064494
2026-01-01,2026,1,新竹市,新竹老爺大酒店,70.24,66.14085847449432,-4.099141525505672,4.099141525505672
2026-02-01,2026,2,新竹市,新竹老爺大酒店,59.77,75.13527007503606,15.365270075036058,15.365270075036058
2026-03-01,2026,3,新竹市,新竹老爺大酒店,79.37,65.55689779832149,-13.813102201678518,13.813102201678518
2026-04-01,2026,4,新竹市,新竹老爺大酒店,75.14,75.18519127593045,0.04519127593044914,0.04519127593044914
2026-05-01,2026,5,新竹市,新竹老爺大酒店,74.78,72.46082283313721,-2.3191771668627865,2.3191771668627865
2026-06-01,2026,6,新竹市,新竹老爺大酒店,79.05,76.1363730277639,-2.913626972236102,2.913626972236102
2026-01-01,2026,1,台北市,日勝生加賀屋國際溫泉飯店,38.42,42.75702747774989,4.337027477749885,4.337027477749885
2026-02-01,2026,2,台北市,日勝生加賀屋國際溫泉飯店,48.35,40.27803012805848,-8.07196987194152,8.07196987194152
2026-03-01,2026,3,台北市,日勝生加賀屋國際溫泉飯店,34.87,43.160728858822935,8.290728858822938,8.290728858822938
2026-04-01,2026,4,台北市,日勝生加賀屋國際溫泉飯店,32.17,38.10327209455782,5.933272094557822,5.933272094557822
2026-05-01,2026,5,台北市,日勝生加賀屋國際溫泉飯店,27.940000000000005,29.657686428856113,1.7176864288561084,1.7176864288561084
2026-06-01,2026,6,台北市,日勝生加賀屋國際溫泉飯店,27.45,28.805911053139887,1.355911053139888,1.355911053139888
2026-01-01,2026,1,南投縣,日月潭力麗溫德姆溫泉酒店,41.51,53.73618863482713,12.226188634827132,12.226188634827132
2026-02-01,2026,2,南投縣,日月潭力麗溫德姆溫泉酒店,58.11999999999999,46.98814868272879,-11.131851317271199,11.131851317271199
2026-03-01,2026,3,南投縣,日月潭力麗溫德姆溫泉酒店,39.91,53.00804838092888,13.09804838092888,13.09804838092888
2026-04-01,2026,4,南投縣,日月潭力麗溫德姆溫泉酒店,42.59,44.30049712881494,1.7104971288149358,1.7104971288149358
2026-05-01,2026,5,南投縣,日月潭力麗溫德姆溫泉酒店,41.03,42.30486338518409,1.2748633851840907,1.2748633851840907
2026-06-01,2026,6,南投縣,日月潭力麗溫德姆溫泉酒店,40.96,41.550181252524524,0.5901812525245234,0.5901812525245234
2026-01-01,2026,1,台北市,晶華酒店,84.47,80.77347150168922,-3.6965284983107836,3.6965284983107836
2026-02-01,2026,2,台北市,晶華酒店,79.21,82.93465482537935,3.7246548253793605,3.7246548253793605
2026-03-01,2026,3,台北市,晶華酒店,85.56,85.64326445167633,0.08326445167632812,0.08326445167632812
2026-04-01,2026,4,台北市,晶華酒店,84.34,84.02680889242623,-0.3131911075737719,0.3131911075737719
2026-05-01,2026,5,台北市,晶華酒店,85.78,78.89673298200312,-6.883267017996886,6.883267017996886
2026-06-01,2026,6,台北市,晶華酒店,83.4,83.21198408802039,-0.18801591197961898,0.18801591197961898
2026-01-01,2026,1,新北市,板橋凱撒大飯店,90.16,84.32791986747837,-5.832080132521625,5.832080132521625
2026-02-01,2026,2,新北市,板橋凱撒大飯店,86.59,89.89250626797262,3.3025062679726176,3.3025062679726176
2026-03-01,2026,3,新北市,板橋凱撒大飯店,92.28,93.21832843745804,0.9383284374580398,0.9383284374580398
2026-04-01,2026,4,新北市,板橋凱撒大飯店,93.88,90.22016883027055,-3.6598311697294434,3.6598311697294434
2026-05-01,2026,5,新北市,板橋凱撒大飯店,96.33,91.306511322326,-5.0234886776739955,5.0234886776739955
2026-06-01,2026,6,新北市,板橋凱撒大飯店,93.0,92.04478407620161,-0.9552159237983915,0.9552159237983915
2026-01-01,2026,1,桃園市,桃園喜來登酒店,58.82000000000001,53.51809266024865,-5.301907339751359,5.301907339751359
2026-02-01,2026,2,桃園市,桃園喜來登酒店,44.54,57.22852950098278,12.688529500982781,12.688529500982781
2026-03-01,2026,3,桃園市,桃園喜來登酒店,70.97,53.884870644036944,-17.085129355963055,17.085129355963055
2026-04-01,2026,4,桃園市,桃園喜來登酒店,49.74,59.76539176293235,10.025391762932351,10.025391762932351
2026-05-01,2026,5,桃園市,桃園喜來登酒店,50.91,51.031079369425086,0.12107936942508957,0.12107936942508957
2026-06-01,2026,6,桃園市,桃園喜來登酒店,41.9,50.50991421830712,8.609914218307118,8.609914218307118
2026-01-01,2026,1,桃園市,桃園國際機場凱悅酒店,63.91,58.88454070724852,-5.025459292751478,5.025459292751478
2026-02-01,2026,2,桃園市,桃園國際機場凱悅酒店,57.25,68.32731377769973,11.077313777699729,11.077313777699729
2026-03-01,2026,3,桃園市,桃園國際機場凱悅酒店,71.08,65.06237738958376,-6.01762261041624,6.01762261041624
2026-04-01,2026,4,桃園市,桃園國際機場凱悅酒店,67.43,71.1611291020167,3.731129102016695,3.731129102016695
2026-05-01,2026,5,桃園市,桃園國際機場凱悅酒店,63.35999999999999,65.15129055379572,1.7912905537957258,1.7912905537957258
2026-06-01,2026,6,桃園市,桃園國際機場凱悅酒店,58.4,63.57916870978102,5.179168709781024,5.179168709781024
2026-01-01,2026,1,台東縣,樂樂日暉溫泉酒店,26.280000000000005,30.221357486139993,3.9413574861399887,3.9413574861399887
2026-02-01,2026,2,台東縣,樂樂日暉溫泉酒店,57.89,25.775014627081163,-32.11498537291884,32.11498537291884
2026-03-01,2026,3,台東縣,樂樂日暉溫泉酒店,14.05,45.75043094156768,31.700430941567678,31.700430941567678
2026-04-01,2026,4,台東縣,樂樂日暉溫泉酒店,31.46,23.23344737723996,-8.226552622760043,8.226552622760043
2026-05-01,2026,5,台東縣,樂樂日暉溫泉酒店,41.26,27.798357857531443,-13.461642142468556,13.461642142468556
2026-06-01,2026,6,台東縣,樂樂日暉溫泉酒店,30.760000000000005,35.10866941452315,4.348669414523144,4.348669414523144
2026-01-01,2026,1,台北市,歐華酒店,41.27,45.423935611282396,4.153935611282392,4.153935611282392
2026-02-01,2026,2,台北市,歐華酒店,36.26,44.91592795859848,8.655927958598483,8.655927958598483
2026-03-01,2026,3,台北市,歐華酒店,55.3,44.967405193698035,-10.332594806301962,10.332594806301962
2026-04-01,2026,4,台北市,歐華酒店,47.05,52.19969306042588,5.149693060425882,5.149693060425882
2026-05-01,2026,5,台北市,歐華酒店,39.06,44.705604032782766,5.645604032782764,5.645604032782764
2026-06-01,2026,6,台北市,歐華酒店,45.86,37.56682625525055,-8.293173744749453,8.293173744749453
2026-01-01,2026,1,南投縣,涵碧樓大飯店,74.97,80.18083940794934,5.2108394079493365,5.2108394079493365
2026-02-01,2026,2,南投縣,涵碧樓大飯店,81.06,74.45300769988707,-6.606992300112935,6.606992300112935
2026-03-01,2026,3,南投縣,涵碧樓大飯店,78.9,78.88187252537381,-0.01812747462619768,0.01812747462619768
2026-04-01,2026,4,南投縣,涵碧樓大飯店,75.35,76.45958839030806,1.109588390308062,1.109588390308062
2026-05-01,2026,5,南投縣,涵碧樓大飯店,74.87,72.62766505732895,-2.24233494267105,2.24233494267105
2026-06-01,2026,6,南投縣,涵碧樓大飯店,75.59,71.71876387713596,-3.8712361228640475,3.8712361228640475
2026-01-01,2026,1,高雄市,漢來大飯店,71.67,75.98168495900156,4.311684959001553,4.311684959001553
2026-02-01,2026,2,高雄市,漢來大飯店,68.1,74.41018016342032,6.310180163420327,6.310180163420327
2026-03-01,2026,3,高雄市,漢來大飯店,65.84,75.57107270988219,9.731072709882184,9.731072709882184
2026-04-01,2026,4,高雄市,漢來大飯店,70.91,67.64841894166653,-3.261581058333462,3.261581058333462
2026-05-01,2026,5,高雄市,漢來大飯店,59.32999999999999,68.96333205929498,9.633332059294993,9.633332059294993
2026-06-01,2026,6,高雄市,漢來大飯店,62.64999999999999,62.22207563992136,-0.42792436007863444,0.42792436007863444
2026-01-01,2026,1,南投縣,漢來日月行館,48.7,66.22195793657374,17.52195793657374,17.52195793657374
2026-02-01,2026,2,南投縣,漢來日月行館,63.71,54.60438680901748,-9.105613190982524,9.105613190982524
2026-03-01,2026,3,南投縣,漢來日月行館,57.41,61.87579852907878,4.465798529078782,4.465798529078782
2026-04-01,2026,4,南投縣,漢來日月行館,60.42999999999999,54.54146863602197,-5.888531363978025,5.888531363978025
2026-05-01,2026,5,南投縣,漢來日月行館,72.67,53.49544743825214,-19.17455256174786,19.17455256174786
2026-06-01,2026,6,南投縣,漢來日月行館,69.28,68.75368839762862,-0.5263116023713792,0.5263116023713792
2026-01-01,2026,1,台北市,漢普頓酒店,89.26,77.85249354263807,-11.407506457361933,11.407506457361933
2026-02-01,2026,2,台北市,漢普頓酒店,81.81,88.05335994039527,6.2433599403952655,6.2433599403952655
2026-03-01,2026,3,台北市,漢普頓酒店,89.0,87.85309272414194,-1.1469072758580552,1.1469072758580552
2026-04-01,2026,4,台北市,漢普頓酒店,79.11,84.29879857133648,5.188798571336477,5.188798571336477
2026-05-01,2026,5,台北市,漢普頓酒店,75.51,76.79959564801268,1.2895956480126785,1.2895956480126785
2026-06-01,2026,6,台北市,漢普頓酒店,77.61,76.8100411271802,-0.7999588728198006,0.7999588728198006
2026-01-01,2026,1,澎湖縣,澎湖福朋喜來登酒店,20.48,27.61600429911035,7.1360042991103505,7.1360042991103505
2026-02-01,2026,2,澎湖縣,澎湖福朋喜來登酒店,27.84,30.479940992205147,2.6399409922051476,2.6399409922051476
2026-03-01,2026,3,澎湖縣,澎湖福朋喜來登酒店,62.53999999999999,37.478133190679266,-25.061866809320726,25.061866809320726
2026-04-01,2026,4,澎湖縣,澎湖福朋喜來登酒店,64.7,61.504649593096204,-3.195350406903799,3.195350406903799
2026-05-01,2026,5,澎湖縣,澎湖福朋喜來登酒店,70.18,60.58034721286212,-9.599652787137885,9.599652787137885
2026-06-01,2026,6,澎湖縣,澎湖福朋喜來登酒店,72.5,67.54925938333552,-4.950740616664476,4.950740616664476
2026-01-01,2026,1,高雄市,然一酒店,61.75000000000001,51.63069974089349,-10.119300259106517,10.119300259106517
2026-02-01,2026,2,高雄市,然一酒店,46.99,55.937033058306355,8.947033058306353,8.947033058306353
2026-03-01,2026,3,高雄市,然一酒店,52.53,48.94721372639504,-3.5827862736049596,3.5827862736049596
2026-04-01,2026,4,高雄市,然一酒店,51.61,54.50708028654214,2.897080286542142,2.897080286542142
2026-05-01,2026,5,高雄市,然一酒店,59.62,45.95734978549097,-13.662650214509029,13.662650214509029
2026-06-01,2026,6,高雄市,然一酒店,61.03999999999999,52.00980935657535,-9.030190643424639,9.030190643424639
2026-01-01,2026,1,花蓮縣,瑞穗天合國際觀光酒店,43.56,47.65173109351815,4.091731093518149,4.091731093518149
2026-02-01,2026,2,花蓮縣,瑞穗天合國際觀光酒店,59.72,43.56451313356856,-16.15548686643144,16.15548686643144
2026-03-01,2026,3,花蓮縣,瑞穗天合國際觀光酒店,37.65,49.780076780114115,12.130076780114116,12.130076780114116
2026-04-01,2026,4,花蓮縣,瑞穗天合國際觀光酒店,58.3,40.0943225963617,-18.205677403638298,18.205677403638298
2026-05-01,2026,5,花蓮縣,瑞穗天合國際觀光酒店,55.33,49.53463146542631,-5.79536853457369,5.79536853457369
2026-06-01,2026,6,花蓮縣,瑞穗天合國際觀光酒店,69.44,53.458547780390106,-15.981452219609892,15.981452219609892
2026-01-01,2026,1,新北市,瓏山林台北中和飯店,55.91,59.087493802591574,3.1774938025915773,3.1774938025915773
2026-02-01,2026,2,新北市,瓏山林台北中和飯店,50.91,59.80446729219748,8.894467292197483,8.894467292197483
2026-03-01,2026,3,新北市,瓏山林台北中和飯店,63.13,58.75819502824587,-4.3718049717541305,4.3718049717541305
2026-04-01,2026,4,新北市,瓏山林台北中和飯店,57.54,59.76673608614528,2.22673608614528,2.22673608614528
2026-05-01,2026,5,新北市,瓏山林台北中和飯店,54.63,56.918907435823385,2.2889074358233827,2.2889074358233827
2026-06-01,2026,6,新北市,瓏山林台北中和飯店,62.78,54.122521714889714,-8.657478285110287,8.657478285110287
2026-01-01,2026,1,台東縣,知本老爺大酒店,88.23,76.16558601156727,-12.064413988432733,12.064413988432733
2026-02-01,2026,2,台東縣,知本老爺大酒店,94.7,81.67935724883296,-13.020642751167046,13.020642751167046
2026-03-01,2026,3,台東縣,知本老爺大酒店,0.0,80.74621741375077,80.74621741375077,80.74621741375077
2026-04-01,2026,4,台東縣,知本老爺大酒店,0.0,35.268123349856694,35.268123349856694,35.268123349856694
2026-05-01,2026,5,台東縣,知本老爺大酒店,0.0,15.70699860478448,15.70699860478448,15.70699860478448
2026-06-01,2026,6,台東縣,知本老爺大酒店,0.0,14.033000515565298,14.033000515565298,14.033000515565298
2026-01-01,2026,1,新北市,碧特弗大飯店,15.37,11.159758655624806,-4.210241344375193,4.210241344375193
2026-02-01,2026,2,新北市,碧特弗大飯店,9.29,15.061369766720315,5.771369766720316,5.771369766720316
2026-03-01,2026,3,新北市,碧特弗大飯店,13.720000000000002,13.624628673370035,-0.09537132662996761,0.09537132662996761
2026-04-01,2026,4,新北市,碧特弗大飯店,13.269999999999998,16.25388919769662,2.9838891976966213,2.9838891976966213
2026-05-01,2026,5,新北市,碧特弗大飯店,18.12,15.073072225135721,-3.0469277748642796,3.0469277748642796
2026-06-01,2026,6,新北市,碧特弗大飯店,15.7,15.761469948290138,0.06146994829013863,0.06146994829013863
2026-01-01,2026,1,宜蘭縣,礁溪老爺酒店,76.88,78.5233759968413,1.6433759968413,1.6433759968413
2026-02-01,2026,2,宜蘭縣,礁溪老爺酒店,85.53,80.17227743796501,-5.3577225620349935,5.3577225620349935
2026-03-01,2026,3,宜蘭縣,礁溪老爺酒店,78.71,81.30904325577622,2.5990432557762233,2.5990432557762233
2026-04-01,2026,4,宜蘭縣,礁溪老爺酒店,73.28,76.88465389703559,3.6046538970355897,3.6046538970355897
2026-05-01,2026,5,宜蘭縣,礁溪老爺酒店,71.87,72.84992330423385,0.97992330423385,0.97992330423385
2026-06-01,2026,6,宜蘭縣,礁溪老爺酒店,71.22,72.0214480589505,0.8014480589504984,0.8014480589504984
2026-01-01,2026,1,宜蘭縣,礁溪麒麟酒店,79.12,72.09174055165032,-7.0282594483496865,7.0282594483496865
2026-02-01,2026,2,宜蘭縣,礁溪麒麟酒店,82.89,78.91068385639419,-3.979316143605814,3.979316143605814
2026-03-01,2026,3,宜蘭縣,礁溪麒麟酒店,75.04,78.67402246768775,3.6340224676877426,3.6340224676877426
2026-04-01,2026,4,宜蘭縣,礁溪麒麟酒店,71.76,75.08110509878942,3.321105098789417,3.321105098789417
2026-05-01,2026,5,宜蘭縣,礁溪麒麟酒店,67.65,71.01612430832195,3.366124308321943,3.366124308321943
2026-06-01,2026,6,宜蘭縣,礁溪麒麟酒店,66.09,66.75536309103498,0.6653630910349762,0.6653630910349762
2026-01-01,2026,1,新北市,福容大飯店    淡水漁人碼頭,53.16,51.30069271886352,-1.8593072811364735,1.8593072811364735
2026-02-01,2026,2,新北市,福容大飯店    淡水漁人碼頭,47.91,55.60225786414278,7.692257864142782,7.692257864142782
2026-03-01,2026,3,新北市,福容大飯店    淡水漁人碼頭,64.39,54.65348300737012,-9.73651699262988,9.73651699262988
2026-04-01,2026,4,新北市,福容大飯店    淡水漁人碼頭,62.81,60.26026997772186,-2.5497300222781405,2.5497300222781405
2026-05-01,2026,5,新北市,福容大飯店    淡水漁人碼頭,55.73,55.59034847075971,-0.13965152924028956,0.13965152924028956
2026-06-01,2026,6,新北市,福容大飯店    淡水漁人碼頭,76.45,57.663296522527084,-18.78670347747292,18.78670347747292
2026-01-01,2026,1,桃園市,福容大飯店   桃園,62.74000000000001,60.422389608971066,-2.3176103910289427,2.3176103910289427
2026-02-01,2026,2,桃園市,福容大飯店   桃園,70.13,68.67714439168547,-1.4528556083145219,1.4528556083145219
2026-03-01,2026,3,桃園市,福容大飯店   桃園,78.02,74.49295087307394,-3.527049126926059,3.527049126926059
2026-04-01,2026,4,桃園市,福容大飯店   桃園,71.25,75.6620565549023,4.412056554902307,4.412056554902307
2026-05-01,2026,5,桃園市,福容大飯店   桃園,66.0,69.72226882452158,3.722268824521578,3.722268824521578
2026-06-01,2026,6,桃園市,福容大飯店   桃園,75.84,68.19957921265906,-7.640420787340943,7.640420787340943
2026-01-01,2026,1,台北市,福容大飯店  台北一館,56.18,64.7502717995161,8.5702717995161,8.5702717995161
2026-02-01,2026,2,台北市,福容大飯店  台北一館,62.77,60.850121640903076,-1.919878359096927,1.919878359096927
2026-03-01,2026,3,台北市,福容大飯店  台北一館,72.69,65.85035072667797,-6.839649273322024,6.839649273322024
2026-04-01,2026,4,台北市,福容大飯店  台北一館,75.69,68.94903807118068,-6.740961928819317,6.740961928819317
2026-05-01,2026,5,台北市,福容大飯店  台北一館,73.87,70.46641011058335,-3.4035898894166507,3.4035898894166507
2026-06-01,2026,6,台北市,福容大飯店  台北一館,74.06,67.47798166751727,-6.582018332482733,6.582018332482733
2026-01-01,2026,1,新北市,福容大飯店 福隆,14.26,31.632866124304023,17.372866124304025,17.372866124304025
2026-02-01,2026,2,新北市,福容大飯店 福隆,32.14,22.914675669234008,-9.225324330765993,9.225324330765993
2026-03-01,2026,3,新北市,福容大飯店 福隆,29.770000000000003,31.480989790590236,1.710989790590233,1.710989790590233
2026-04-01,2026,4,新北市,福容大飯店 福隆,37.13,41.50778115406482,4.37778115406482,4.37778115406482
2026-05-01,2026,5,新北市,福容大飯店 福隆,41.49,39.09170855813063,-2.3982914418693753,2.3982914418693753
2026-06-01,2026,6,新北市,福容大飯店 福隆,55.71,45.46724519760551,-10.242754802394494,10.242754802394494
2026-01-01,2026,1,高雄市,福容大飯店 高雄,57.43000000000001,59.61707283347589,2.187072833475881,2.187072833475881
2026-02-01,2026,2,高雄市,福容大飯店 高雄,61.57,60.52051427083011,-1.0494857291698878,1.0494857291698878
2026-03-01,2026,3,高雄市,福容大飯店 高雄,51.03,65.85035000760867,14.820350007608667,14.820350007608667
2026-04-01,2026,4,高雄市,福容大飯店 高雄,55.93,57.57619314189668,1.6461931418966813,1.6461931418966813
2026-05-01,2026,5,高雄市,福容大飯店 高雄,59.43000000000001,57.882004654552865,-1.5479953454471413,1.5479953454471413
2026-06-01,2026,6,高雄市,福容大飯店 高雄,46.35,59.06868541571383,12.718685415713828,12.718685415713828
2026-01-01,2026,1,桃園市,福容徠旅 林口,79.61,82.24440605071042,2.6344060507104246,2.6344060507104246
2026-02-01,2026,2,桃園市,福容徠旅 林口,84.8,83.17894595431112,-1.6210540456888793,1.6210540456888793
2026-03-01,2026,3,桃園市,福容徠旅 林口,96.43,87.45210861287376,-8.977891387126249,8.977891387126249
2026-04-01,2026,4,桃園市,福容徠旅 林口,89.73,85.39709075043058,-4.3329092495694255,4.3329092495694255
2026-05-01,2026,5,桃園市,福容徠旅 林口,84.61,87.02457493290171,2.414574932901715,2.414574932901715
2026-06-01,2026,6,桃園市,福容徠旅 林口,85.17,85.1178252918813,-0.05217470811869873,0.05217470811869873
2026-01-01,2026,1,台北市,福華大飯店,66.58,73.00686781158662,6.426867811586618,6.426867811586618
2026-02-01,2026,2,台北市,福華大飯店,48.87,70.41605370728419,21.546053707284194,21.546053707284194
2026-03-01,2026,3,台北市,福華大飯店,44.23,65.3316786535765,21.101678653576506,21.101678653576506
2026-04-01,2026,4,台北市,福華大飯店,27.48,54.877120248249504,27.397120248249504,27.397120248249504
2026-05-01,2026,5,台北市,福華大飯店,0.59,38.39024261712443,37.800242617124425,37.800242617124425
2026-06-01,2026,6,台北市,福華大飯店,0.57,16.839838072749423,16.269838072749423,16.269838072749423
2026-01-01,2026,1,台北市,第一大飯店,38.21,44.29070111418403,6.080701114184031,6.080701114184031
2026-02-01,2026,2,台北市,第一大飯店,38.96,42.82811601559331,3.8681160155933085,3.8681160155933085
2026-03-01,2026,3,台北市,第一大飯店,56.82000000000001,45.95619728543516,-10.863802714564848,10.863802714564848
2026-04-01,2026,4,台北市,第一大飯店,46.7,49.68544359572573,2.9854435957257266,2.9854435957257266
2026-05-01,2026,5,台北市,第一大飯店,38.58,44.40343876008926,5.82343876008926,5.82343876008926
2026-06-01,2026,6,台北市,第一大飯店,29.45,35.11583854827927,5.665838548279272,5.665838548279272
2026-03-01,2026,3,宜蘭縣,紅羽莊園,0.0,54.206870195121645,54.206870195121645,54.206870195121645
2026-04-01,2026,4,宜蘭縣,紅羽莊園,0.0,0.619445469562198,0.619445469562198,0.619445469562198
2026-05-01,2026,5,宜蘭縣,紅羽莊園,1.98,0.0,-1.98,1.98
2026-06-01,2026,6,宜蘭縣,紅羽莊園,10.0,3.7615760040422366,-6.238423995957763,6.238423995957763
2026-01-01,2026,1,宜蘭縣,綠舞國際觀光飯店,33.36,54.40688810377834,21.046888103778343,21.046888103778343
2026-02-01,2026,2,宜蘭縣,綠舞國際觀光飯店,47.31,39.9731430737243,-7.336856926275701,7.336856926275701
2026-03-01,2026,3,宜蘭縣,綠舞國際觀光飯店,26.26,45.46165912559139,19.201659125591387,19.201659125591387
2026-04-01,2026,4,宜蘭縣,綠舞國際觀光飯店,32.83,32.29085202556821,-0.5391479744317849,0.5391479744317849
2026-05-01,2026,5,宜蘭縣,綠舞國際觀光飯店,40.66,36.84453088488794,-3.8154691151120588,3.8154691151120588
2026-06-01,2026,6,宜蘭縣,綠舞國際觀光飯店,38.33,41.70970512810486,3.3797051281048596,3.3797051281048596
2026-01-01,2026,1,花蓮縣,美侖大飯店,44.83,38.174819834855505,-6.655180165144493,6.655180165144493
2026-02-01,2026,2,花蓮縣,美侖大飯店,53.7,42.78457090633399,-10.915429093666013,10.915429093666013
2026-03-01,2026,3,花蓮縣,美侖大飯店,40.82,48.47663452212047,7.65663452212047,7.65663452212047
2026-04-01,2026,4,花蓮縣,美侖大飯店,52.6,41.52298626522414,-11.07701373477586,11.07701373477586
2026-05-01,2026,5,花蓮縣,美侖大飯店,57.95,46.41701360132329,-11.532986398676712,11.532986398676712
2026-06-01,2026,6,花蓮縣,美侖大飯店,60.0,50.11287629031152,-9.887123709688481,9.887123709688481
2026-01-01,2026,1,台北市,美麗信花園酒店,96.41,88.13677344097584,-8.273226559024152,8.273226559024152
2026-02-01,2026,2,台北市,美麗信花園酒店,95.3,92.20559562653906,-3.0944043734609323,3.0944043734609323
2026-03-01,2026,3,台北市,美麗信花園酒店,97.09,94.79015060822975,-2.299849391770252,2.299849391770252
2026-04-01,2026,4,台北市,美麗信花園酒店,99.0,92.98320599591284,-6.01679400408716,6.01679400408716
2026-05-01,2026,5,台北市,美麗信花園酒店,97.63,91.96587882757366,-5.664121172426334,5.664121172426334
2026-06-01,2026,6,台北市,美麗信花園酒店,96.7,92.70415158144927,-3.995848418550736,3.995848418550736
2026-01-01,2026,1,新北市,美麗春天大飯店,1.71,0.0,-1.71,1.71
2026-02-01,2026,2,新北市,美麗春天大飯店,1.16,3.122427060510017,1.9624270605100171,1.9624270605100171
2026-03-01,2026,3,新北市,美麗春天大飯店,1.71,3.1713320002644996,1.4613320002644996,1.4613320002644996
2026-04-01,2026,4,新北市,美麗春天大飯店,1.67,3.502568470754109,1.8325684707541092,1.8325684707541092
2026-05-01,2026,5,新北市,美麗春天大飯店,2.09,1.601275625628135,-0.4887243743718648,0.4887243743718648
2026-06-01,2026,6,新北市,美麗春天大飯店,1.76,2.70726446793691,0.94726446793691,0.94726446793691
2026-01-01,2026,1,高雄市,義大皇家酒店,42.73,46.2235877114541,3.4935877114541043,3.4935877114541043
2026-02-01,2026,2,高雄市,義大皇家酒店,55.44,46.42649501192997,-9.013504988070025,9.013504988070025
2026-03-01,2026,3,高雄市,義大皇家酒店,40.76,54.3152811485314,13.5552811485314,13.5552811485314
2026-04-01,2026,4,高雄市,義大皇家酒店,48.49,45.78890122982885,-2.70109877017115,2.70109877017115
2026-05-01,2026,5,高雄市,義大皇家酒店,41.59,44.86632922078925,3.2763292207892434,3.2763292207892434
2026-06-01,2026,6,高雄市,義大皇家酒店,45.84,44.97313789615526,-0.8668621038447455,0.8668621038447455
2026-01-01,2026,1,台北市,義華酒店,66.53,54.48207565897622,-12.04792434102378,12.04792434102378
2026-02-01,2026,2,台北市,義華酒店,48.78,69.04743085422045,20.26743085422045,20.26743085422045
2026-03-01,2026,3,台北市,義華酒店,74.47,62.36831407116162,-12.101685928838378,12.101685928838378
2026-04-01,2026,4,台北市,義華酒店,65.28,70.1658323623595,4.885832362359494,4.885832362359494
2026-05-01,2026,5,台北市,義華酒店,64.23,60.953880979389005,-3.2761190206109987,3.2761190206109987
2026-06-01,2026,6,台北市,義華酒店,57.79,61.96268695144454,4.17268695144454,4.17268695144454
2026-01-01,2026,1,台北市,老爺大酒店,82.39,84.1249412012983,1.734941201298298,1.734941201298298
2026-02-01,2026,2,台北市,老爺大酒店,80.37,85.46678277670046,5.096782776700451,5.096782776700451
2026-03-01,2026,3,台北市,老爺大酒店,92.83,89.60097888520649,-3.229021114793511,3.229021114793511
2026-04-01,2026,4,台北市,老爺大酒店,90.31,88.45676547336825,-1.853234526631752,1.853234526631752
2026-05-01,2026,5,台北市,老爺大酒店,87.34,85.69803864747493,-1.6419613525250725,1.6419613525250725
2026-06-01,2026,6,台北市,老爺大酒店,85.05,84.84539375019118,-0.20460624980881903,0.20460624980881903
2026-01-01,2026,1,嘉義市,耐斯王子大飯店,41.17,47.00863867355056,5.838638673550555,5.838638673550555
2026-02-01,2026,2,嘉義市,耐斯王子大飯店,40.77,42.51908834463554,1.7490883446355383,1.7490883446355383
2026-03-01,2026,3,嘉義市,耐斯王子大飯店,66.15,47.39211952299717,-18.757880477002836,18.757880477002836
2026-04-01,2026,4,嘉義市,耐斯王子大飯店,69.18,60.152222422231326,-9.027777577768681,9.027777577768681
2026-05-01,2026,5,嘉義市,耐斯王子大飯店,64.23,56.71100691746858,-7.5189930825314235,7.5189930825314235
2026-06-01,2026,6,嘉義市,耐斯王子大飯店,54.48,59.21339654575488,4.733396545754886,4.733396545754886
2026-01-01,2026,1,宜蘭縣,蘭城晶英酒店,46.9,67.1623014120997,20.262301412099696,20.262301412099696
2026-02-01,2026,2,宜蘭縣,蘭城晶英酒店,59.79,57.42665596719686,-2.363344032803141,2.363344032803141
2026-03-01,2026,3,宜蘭縣,蘭城晶英酒店,27.36,55.24914880832419,27.889148808324194,27.889148808324194
2026-04-01,2026,4,宜蘭縣,蘭城晶英酒店,49.22,40.105302521847875,-9.114697478152124,9.114697478152124
2026-05-01,2026,5,宜蘭縣,蘭城晶英酒店,53.75,53.28909667006557,-0.46090332993443184,0.46090332993443184
2026-06-01,2026,6,宜蘭縣,蘭城晶英酒店,58.93000000000001,57.74616436561234,-1.1838356343876697,1.1838356343876697
2026-01-01,2026,1,台中市,裕元花園酒店,77.72,77.1885105819027,-0.5314894180972942,0.5314894180972942
2026-02-01,2026,2,台中市,裕元花園酒店,71.0,79.80864047810347,8.80864047810347,8.80864047810347
2026-03-01,2026,3,台中市,裕元花園酒店,78.46,78.24681390486407,-0.21318609513592435,0.21318609513592435
2026-04-01,2026,4,台中市,裕元花園酒店,76.96,79.39977393218274,2.439773932182746,2.439773932182746
2026-05-01,2026,5,台中市,裕元花園酒店,78.65,77.30525131925413,-1.3447486807458802,1.3447486807458802
2026-06-01,2026,6,台中市,裕元花園酒店,79.91,80.50172387095732,0.591723870957324,0.591723870957324
2026-01-01,2026,1,新竹縣,豐邑喜來登大飯店,51.59,47.609822737694614,-3.9801772623053893,3.9801772623053893
2026-02-01,2026,2,新竹縣,豐邑喜來登大飯店,43.69,53.340282232938065,9.650282232938068,9.650282232938068
2026-03-01,2026,3,新竹縣,豐邑喜來登大飯店,59.21999999999999,50.591978578330746,-8.628021421669246,8.628021421669246
2026-04-01,2026,4,新竹縣,豐邑喜來登大飯店,56.75,53.50486995114761,-3.2451300488523884,3.2451300488523884
2026-05-01,2026,5,新竹縣,豐邑喜來登大飯店,58.48,53.09938734315827,-5.380612656841727,5.380612656841727
2026-06-01,2026,6,新竹縣,豐邑喜來登大飯店,62.64999999999999,55.19695558732396,-7.453044412676029,7.453044412676029
2026-01-01,2026,1,台北市,豪景大酒店,61.61,62.42257594872597,0.8125759487259714,0.8125759487259714
2026-02-01,2026,2,台北市,豪景大酒店,52.99,66.52313947867722,13.53313947867722,13.53313947867722
2026-03-01,2026,3,台北市,豪景大酒店,70.52,64.42769490879401,-6.092305091205986,6.092305091205986
2026-04-01,2026,4,台北市,豪景大酒店,59.03,66.04430137682913,7.014301376829124,7.014301376829124
2026-05-01,2026,5,台北市,豪景大酒店,56.64,54.78010918419748,-1.8598908158025225,1.8598908158025225
2026-06-01,2026,6,台北市,豪景大酒店,55.04,55.300040126495254,0.2600401264952552,0.2600401264952552
2026-01-01,2026,1,台南市,趣淘漫旅,77.89,58.535644437424615,-19.354355562575385,19.354355562575385
2026-02-01,2026,2,台南市,趣淘漫旅,95.33,69.33731169485587,-25.992688305144128,25.992688305144128
2026-03-01,2026,3,台南市,趣淘漫旅,83.18,83.01954962167436,-0.160450378325649,0.160450378325649
2026-04-01,2026,4,台南市,趣淘漫旅,67.46,75.9681185035379,8.5081185035379,8.5081185035379
2026-05-01,2026,5,台南市,趣淘漫旅,69.08,67.0120787175531,-2.0679212824469033,2.0679212824469033
2026-06-01,2026,6,台南市,趣淘漫旅,53.97,68.91710092165903,14.947100921659029,14.947100921659029
2026-01-01,2026,1,台中市,通豪大飯店,40.67,44.26108008961046,3.5910800896104575,3.5910800896104575
2026-02-01,2026,2,台中市,通豪大飯店,46.08,46.282801648675814,0.20280164867581618,0.20280164867581618
2026-03-01,2026,3,台中市,通豪大飯店,35.08,49.25740515779442,14.177405157794425,14.177405157794425
2026-04-01,2026,4,台中市,通豪大飯店,37.92,41.943948280100194,4.023948280100193,4.023948280100193
2026-05-01,2026,5,台中市,通豪大飯店,39.01,38.85022116549817,-0.15977883450182873,0.15977883450182873
2026-06-01,2026,6,台中市,通豪大飯店,46.87,37.95563577115537,-8.914364228844626,8.914364228844626
2026-01-01,2026,1,台南市,遠百企業觀光旅館,12.9,8.439541160576196,-4.460458839423804,4.460458839423804
2026-02-01,2026,2,台南市,遠百企業觀光旅館,14.29,13.250901108795869,-1.0390988912041301,1.0390988912041301
2026-03-01,2026,3,台南市,遠百企業觀光旅館,11.29,15.019073203716184,3.729073203716185,3.729073203716185
2026-04-01,2026,4,台南市,遠百企業觀光旅館,15.560000000000002,14.065399615473902,-1.4946003845261,1.4946003845261
2026-05-01,2026,5,台南市,遠百企業觀光旅館,15.05,13.306793966279816,-1.7432060337201847,1.7432060337201847
2026-06-01,2026,6,台南市,遠百企業觀光旅館,15.560000000000002,12.9188991075784,-2.641100892421603,2.641100892421603
2026-01-01,2026,1,花蓮縣,遠雄悅來大飯店,33.4,30.7855804094564,-2.614419590543598,2.614419590543598
2026-02-01,2026,2,花蓮縣,遠雄悅來大飯店,47.05,34.59243831654834,-12.457561683451658,12.457561683451658
2026-03-01,2026,3,花蓮縣,遠雄悅來大飯店,30.06,42.135940489684835,12.075940489684836,12.075940489684836
2026-04-01,2026,4,花蓮縣,遠雄悅來大飯店,42.08,35.59363313136952,-6.486366868630476,6.486366868630476
2026-05-01,2026,5,花蓮縣,遠雄悅來大飯店,46.44,41.299509445165356,-5.140490554834642,5.140490554834642
2026-06-01,2026,6,花蓮縣,遠雄悅來大飯店,55.02,48.43982820041818,-6.5801717995818265,6.5801717995818265
2026-01-01,2026,1,嘉義市,鈺通大飯店,44.38,40.31956686408454,-4.06043313591546,4.06043313591546
2026-02-01,2026,2,嘉義市,鈺通大飯店,59.73,47.34532305498868,-12.384676945011314,12.384676945011314
2026-03-01,2026,3,嘉義市,鈺通大飯店,64.44,49.29162207453589,-15.14837792546411,15.14837792546411
2026-04-01,2026,4,嘉義市,鈺通大飯店,45.22,54.48335655658646,9.263356556586459,9.263356556586459
2026-05-01,2026,5,嘉義市,鈺通大飯店,43.47,44.72840254110741,1.258402541107408,1.258402541107408
2026-06-01,2026,6,嘉義市,鈺通大飯店,26.61,39.42138348588638,12.811383485886381,12.811383485886381
2026-01-01,2026,1,台中市,長榮桂冠酒店(台中),67.27,58.14636034963549,-9.123639650364503,9.123639650364503
2026-02-01,2026,2,台中市,長榮桂冠酒店(台中),78.01,61.17435992479596,-16.835640075204047,16.835640075204047
2026-03-01,2026,3,台中市,長榮桂冠酒店(台中),77.76,71.8780955193947,-5.8819044806053,5.8819044806053
2026-04-01,2026,4,台中市,長榮桂冠酒店(台中),77.83,71.6152130561624,-6.214786943837595,6.214786943837595
2026-05-01,2026,5,台中市,長榮桂冠酒店(台中),74.96,70.8800479997482,-4.079952000251794,4.079952000251794
2026-06-01,2026,6,台中市,長榮桂冠酒店(台中),74.39,72.14447784237586,-2.245522157624137,2.245522157624137
2026-01-01,2026,1,基隆市,長榮桂冠酒店(基隆),75.44,78.89305225258953,3.4530522525895293,3.4530522525895293
2026-02-01,2026,2,基隆市,長榮桂冠酒店(基隆),83.16,77.84186723234237,-5.31813276765763,5.31813276765763
2026-03-01,2026,3,基隆市,長榮桂冠酒店(基隆),86.45,86.04976038191798,-0.40023961808202557,0.40023961808202557
2026-04-01,2026,4,基隆市,長榮桂冠酒店(基隆),83.52,85.55245655963837,2.0324565596383763,2.0324565596383763
2026-05-01,2026,5,基隆市,長榮桂冠酒店(基隆),85.76,82.9320451595794,-2.8279548404206025,2.8279548404206025
2026-06-01,2026,6,基隆市,長榮桂冠酒店(基隆),84.02,85.84257514144844,1.8225751414484392,1.8225751414484392
2026-01-01,2026,1,宜蘭縣,長榮鳳凰酒店(礁溪),61.96,66.11507904200607,4.155079042006072,4.155079042006072
2026-02-01,2026,2,宜蘭縣,長榮鳳凰酒店(礁溪),70.01,64.03191433470845,-5.978085665291559,5.978085665291559
2026-03-01,2026,3,宜蘭縣,長榮鳳凰酒店(礁溪),56.81,62.77343593015337,5.963435930153366,5.963435930153366
2026-04-01,2026,4,宜蘭縣,長榮鳳凰酒店(礁溪),67.37,59.00068096075847,-8.369319039241532,8.369319039241532
2026-05-01,2026,5,宜蘭縣,長榮鳳凰酒店(礁溪),57.79,64.09822277863996,6.308222778639966,6.308222778639966
2026-06-01,2026,6,宜蘭縣,長榮鳳凰酒店(礁溪),51.4,58.25486447568952,6.854864475689524,6.854864475689524
2026-01-01,2026,1,嘉義縣,阿里山賓館(歷史館),30.510000000000005,35.72069026581611,5.210690265816105,5.210690265816105
2026-02-01,2026,2,嘉義縣,阿里山賓館(歷史館),34.9,30.270839457961955,-4.6291605420380435,4.6291605420380435
2026-03-01,2026,3,嘉義縣,阿里山賓館(歷史館),51.97999999999999,33.43166069777068,-18.54833930222931,18.54833930222931
2026-04-01,2026,4,嘉義縣,阿里山賓館(歷史館),54.86,45.34015485863432,-9.519845141365678,9.519845141365678
2026-05-01,2026,5,嘉義縣,阿里山賓館(歷史館),43.13,45.22497239028361,2.0949723902836084,2.0949723902836084
2026-06-01,2026,6,嘉義縣,阿里山賓館(歷史館),45.71,39.36493841541118,-6.345061584588819,6.345061584588819
2026-01-01,2026,1,嘉義縣,阿里山賓館(現代館),27.23,61.79018557591241,34.56018557591241,34.56018557591241
2026-02-01,2026,2,嘉義縣,阿里山賓館(現代館),39.38,37.690274720544146,-1.6897252794558568,1.6897252794558568
2026-03-01,2026,3,嘉義縣,阿里山賓館(現代館),47.28,40.53404363396842,-6.745956366031578,6.745956366031578
2026-04-01,2026,4,嘉義縣,阿里山賓館(現代館),48.71,49.39174391798137,0.6817439179813718,0.6817439179813718
2026-05-01,2026,5,嘉義縣,阿里山賓館(現代館),42.23,47.178438197161526,4.948438197161529,4.948438197161529
2026-06-01,2026,6,嘉義縣,阿里山賓館(現代館),45.77,46.81276129655213,1.0427612965521291,1.0427612965521291
2026-01-01,2026,1,金門縣,陸島酒店,30.47,37.41650352310492,6.946503523104923,6.946503523104923
2026-02-01,2026,2,金門縣,陸島酒店,26.14,31.793079305607723,5.653079305607722,5.653079305607722
2026-03-01,2026,3,金門縣,陸島酒店,35.83,37.38633198155268,1.556331981552681,1.556331981552681
2026-04-01,2026,4,金門縣,陸島酒店,53.26,41.21651169039284,-12.043488309607156,12.043488309607156
2026-05-01,2026,5,金門縣,陸島酒店,72.75,48.19033322812372,-24.55966677187628,24.55966677187628
2026-06-01,2026,6,金門縣,陸島酒店,77.09,57.59807036211124,-19.491929637888767,19.491929637888767
2026-01-01,2026,1,台北市,雀客旅館台北南京,86.41,84.15038479766996,-2.259615202330039,2.259615202330039
2026-02-01,2026,2,台北市,雀客旅館台北南京,87.18,85.0314604465489,-2.1485395534511014,2.1485395534511014
2026-03-01,2026,3,台北市,雀客旅館台北南京,92.97,90.59781092435068,-2.3721890756493167,2.3721890756493167
2026-04-01,2026,4,台北市,雀客旅館台北南京,87.8,85.62183946654521,-2.178160533454786,2.178160533454786
2026-05-01,2026,5,台北市,雀客旅館台北南京,86.87,88.43022205281568,1.560222052815675,1.560222052815675
2026-06-01,2026,6,台北市,雀客旅館台北南京,84.05,83.63151983367788,-0.41848016632211227,0.41848016632211227
2026-01-01,2026,1,台北市,雀客藏居台北陽明山,68.13,57.84661009297078,-10.283389907029218,10.283389907029218
2026-02-01,2026,2,台北市,雀客藏居台北陽明山,65.93,69.88641701730552,3.9564170173055118,3.9564170173055118
2026-03-01,2026,3,台北市,雀客藏居台北陽明山,60.31999999999999,67.69553206568074,7.375532065680744,7.375532065680744
2026-04-01,2026,4,台北市,雀客藏居台北陽明山,52.33,62.083548930511306,9.753548930511307,9.753548930511307
2026-05-01,2026,5,台北市,雀客藏居台北陽明山,48.06,51.79835687430792,3.738356874307918,3.738356874307918
2026-06-01,2026,6,台北市,雀客藏居台北陽明山,44.0,47.01714080435903,3.0171408043590304,3.0171408043590304
2026-01-01,2026,1,南投縣,雲品溫泉酒店日月潭,64.24,72.2881949286738,8.048194928673809,8.048194928673809
2026-02-01,2026,2,南投縣,雲品溫泉酒店日月潭,74.57,68.12899683146807,-6.441003168531921,6.441003168531921
2026-03-01,2026,3,南投縣,雲品溫泉酒店日月潭,62.16,72.52251233413028,10.362512334130287,10.362512334130287
2026-04-01,2026,4,南投縣,雲品溫泉酒店日月潭,66.34,65.4325924161611,-0.9074075838389035,0.9074075838389035
2026-05-01,2026,5,南投縣,雲品溫泉酒店日月潭,64.19,64.67340703041394,0.48340703041394306,0.48340703041394306
2026-06-01,2026,6,南投縣,雲品溫泉酒店日月潭,67.79,66.26794923656328,-1.5220507634367237,1.5220507634367237
2026-01-01,2026,1,苗栗縣,馥藝金鬱金香酒店,56.63,51.16414450073676,-5.465855499263242,5.465855499263242
2026-02-01,2026,2,苗栗縣,馥藝金鬱金香酒店,63.11,56.33532790233864,-6.774672097661359,6.774672097661359
2026-03-01,2026,3,苗栗縣,馥藝金鬱金香酒店,60.09,57.941715570357715,-2.1482844296422883,2.1482844296422883
2026-04-01,2026,4,苗栗縣,馥藝金鬱金香酒店,62.6,56.74307861085671,-5.856921389143288,5.856921389143288
2026-05-01,2026,5,苗栗縣,馥藝金鬱金香酒店,66.51,57.42984967808992,-9.080150321910082,9.080150321910082
2026-06-01,2026,6,苗栗縣,馥藝金鬱金香酒店,60.65999999999999,64.62169881670546,3.9616988167054714,3.9616988167054714
2026-01-01,2026,1,高雄市,高雄圓山大飯店,62.7,68.88150939196287,6.181509391962862,6.181509391962862
2026-02-01,2026,2,高雄市,高雄圓山大飯店,61.77,66.4232621555862,4.653262155586198,4.653262155586198
2026-03-01,2026,3,高雄市,高雄圓山大飯店,65.15,70.26410090610497,5.114100906104966,5.114100906104966
2026-04-01,2026,4,高雄市,高雄圓山大飯店,66.67,66.96856711506047,0.2985671150604645,0.2985671150604645
2026-05-01,2026,5,高雄市,高雄圓山大飯店,47.07,64.1867681427972,17.116768142797206,17.116768142797206
2026-06-01,2026,6,高雄市,高雄圓山大飯店,42.54,51.585551948870126,9.045551948870127,9.045551948870127
2026-01-01,2026,1,高雄市,高雄福華大飯店,78.5,81.27044747159425,2.7704474715942524,2.7704474715942524
2026-02-01,2026,2,高雄市,高雄福華大飯店,71.48,81.50919280194012,10.029192801940113,10.029192801940113
2026-03-01,2026,3,高雄市,高雄福華大飯店,81.84,82.30093617699077,0.4609361769907707,0.4609361769907707
2026-04-01,2026,4,高雄市,高雄福華大飯店,85.17,79.82514965230037,-5.344850347699634,5.344850347699634
2026-05-01,2026,5,高雄市,高雄福華大飯店,77.86,79.94513414825352,2.085134148253516,2.085134148253516
2026-06-01,2026,6,高雄市,高雄福華大飯店,77.4,79.4273494971274,2.027349497127389,2.027349497127389
2026-01-01,2026,1,高雄市,高雄萬豪酒店,63.61,63.59446634135273,-0.015533658647271409,0.015533658647271409
2026-02-01,2026,2,高雄市,高雄萬豪酒店,59.66,66.92329301461939,7.263293014619393,7.263293014619393
2026-03-01,2026,3,高雄市,高雄萬豪酒店,61.75999999999999,64.48106398359941,2.7210639835994215,2.7210639835994215
2026-04-01,2026,4,高雄市,高雄萬豪酒店,52.24,62.99349241775793,10.753492417757926,10.753492417757926
2026-05-01,2026,5,高雄市,高雄萬豪酒店,59.150000000000006,55.02332310143245,-4.126676898567553,4.126676898567553
2026-06-01,2026,6,高雄市,高雄萬豪酒店,56.74,58.12250132192036,1.3825013219203584,1.3825013219203584
2026-01-01,2026,1,高雄市,麗尊大酒店,60.3,68.00404933353961,7.704049333539615,7.704049333539615
2026-02-01,2026,2,高雄市,麗尊大酒店,61.8,62.765010178014215,0.965010178014218,0.965010178014218
2026-03-01,2026,3,高雄市,麗尊大酒店,59.59,66.37250836976759,6.782508369767584,6.782508369767584
2026-04-01,2026,4,高雄市,麗尊大酒店,63.13999999999999,60.24672224960494,-2.8932777503950504,2.8932777503950504
2026-05-01,2026,5,高雄市,麗尊大酒店,51.63,60.176156856157405,8.546156856157403,8.546156856157403
2026-06-01,2026,6,高雄市,麗尊大酒店,50.74000000000001,52.98109430541867,2.241094305418663,2.241094305418663
2026-01-01,2026,1,台中市,龍谷大飯店,17.05,22.948576325685583,5.898576325685582,5.898576325685582
2026-02-01,2026,2,台中市,龍谷大飯店,21.39,20.284315803038684,-1.1056841969613167,1.1056841969613167
2026-03-01,2026,3,台中市,龍谷大飯店,18.28,23.989318220725355,5.709318220725354,5.709318220725354
2026-04-01,2026,4,台中市,龍谷大飯店,23.26,18.26700918275123,-4.992990817248771,4.992990817248771
2026-05-01,2026,5,台中市,龍谷大飯店,23.91,20.656269576660357,-3.2537304233396434,3.2537304233396434
2026-06-01,2026,6,台中市,龍谷大飯店,17.04,22.055162026819037,5.015162026819038,5.015162026819038
