date,year,month,horizon,city,hotel_name,actual_occupancy,base_prediction,holiday_prediction,seasonal_naive_prediction,base_absolute_error,holiday_absolute_error
2026-01-01,2026,1,1,屏東縣,墾丁福華渡假飯店,34.98,34.85241560205342,34.68088109960717,31.560783208903,0.1275843979465776,0.29911890039282696
2026-01-01,2026,1,1,新北市,八里福朋喜來登酒店,26.62,45.450157555014094,45.63181743639854,47.22259403025,18.830157555014093,19.01181743639854
2026-01-01,2026,1,1,新北市,大板根渡假酒店,78.61,72.66526889713697,73.76781316187147,82.818336162988,5.944731102863031,4.8421868381285265
2026-01-01,2026,1,1,新北市,板橋凱撒大飯店,90.16,84.32791986747837,85.38833398208759,83.782258064516,5.832080132521625,4.771666017912409
2026-01-01,2026,1,1,新北市,瓏山林台北中和飯店,55.91,59.087493802591574,58.43075033107713,51.766513056836,3.1774938025915773,2.5207503310771315
2026-01-01,2026,1,1,新北市,福容大飯店    淡水漁人碼頭,53.16,51.30069271886352,52.27348175505633,46.692733789508,1.8593072811364735,0.8865182449436659
2026-01-01,2026,1,1,新北市,福容大飯店 福隆,14.26,31.632866124304023,32.010613735564476,21.171672228402,17.372866124304025,17.750613735564478
2026-01-01,2026,1,1,新北市,美麗春天大飯店,1.71,0.0,0.0,2.2770398481973,1.71,1.71
2026-01-01,2026,1,1,新竹市,新竹國賓大飯店,58.5,59.17032016585654,59.663701591956155,62.570603740429,0.6703201658565376,1.1637015919561549
2026-01-01,2026,1,1,屏東縣,墾丁怡灣渡假酒店,35.98,42.08140044328657,41.65459296211432,33.140336366143,6.101400443286572,5.674592962114325
2026-01-01,2026,1,1,新北市,碧特弗大飯店,15.37,11.159758655624806,11.290192651162744,10.263929618768,4.210241344375193,4.079807348837255
2026-01-01,2026,1,1,屏東縣,凱撒大飯店,56.61999999999999,56.02000814458164,55.27120371388638,50.591206520491006,0.5999918554183523,1.3487962861136111
2026-01-01,2026,1,1,嘉義市,鈺通大飯店,44.38,40.31956686408454,40.62780361179714,42.795698924731,4.06043313591546,3.7521963882028615
2026-01-01,2026,1,1,宜蘭縣,蘭城晶英酒店,46.9,67.1623014120997,66.1477053423301,71.636302858098,20.262301412099696,19.2477053423301
2026-01-01,2026,1,1,宜蘭縣,綠舞國際觀光飯店,33.36,54.40688810377834,57.237230891426734,49.614616043391,21.046888103778343,23.877230891426734
2026-01-01,2026,1,1,宜蘭縣,礁溪麒麟酒店,79.12,72.09174055165032,71.21791848118721,81.881398493336,7.0282594483496865,7.902081518812793
2026-01-01,2026,1,1,宜蘭縣,礁溪老爺酒店,76.88,78.5233759968413,78.71103166518756,84.149336826592,1.6433759968413,1.8310316651875667
2026-01-01,2026,1,1,宜蘭縣,悅川酒店,67.9,71.08292473849721,70.66180642412917,60.663952395866005,3.1829247384972064,2.761806424129162
2026-01-01,2026,1,1,宜蘭縣,幼獅大飯店,7.429999999999999,10.835158360799715,11.347344434851443,23.18928788801,3.4051583607997165,3.9173444348514446
2026-01-01,2026,1,1,宜蘭縣,山泉大飯店,73.02,66.91561506269201,68.01460125093053,48.608042421564,6.104384937307984,5.005398749069471
2026-01-01,2026,1,1,宜蘭縣,凱渡廣場酒店,21.48,28.38260386780947,29.65447714441335,34.453876627051,6.902603867809468,8.174477144413348
2026-01-01,2026,1,1,基隆市,長榮桂冠酒店(基隆),75.44,78.89305225258953,78.50550841138988,64.815668202765,3.4530522525895293,3.065508411389885
2026-01-01,2026,1,1,嘉義縣,阿里山賓館(現代館),27.23,61.79018557591241,62.099602841941895,41.749379652605,34.56018557591241,34.8696028419419
2026-01-01,2026,1,1,嘉義縣,阿里山賓館(歷史館),30.510000000000005,35.72069026581611,35.93367395852147,25.437788018433,5.210690265816105,5.423673958521462
2026-01-01,2026,1,1,嘉義縣,名都觀光渡假大飯店,8.05,20.778390688976486,20.69986202364804,8.313934153641501,12.728390688976486,12.64986202364804
2026-01-01,2026,1,1,宜蘭縣,長榮鳳凰酒店(礁溪),61.96,66.11507904200607,65.64584932117566,65.004887585533,4.155079042006072,3.6858493211756596
2026-01-01,2026,1,1,新竹市,新竹老爺大酒店,70.24,66.14085847449432,66.51573144216665,71.541563275434,4.099141525505672,3.7242685578333408
2026-01-01,2026,1,1,高雄市,高雄福華大飯店,78.5,81.27044747159425,81.49612610379008,73.65789786930101,2.7704474715942524,2.9961261037900755
2026-01-01,2026,1,1,新竹縣,豐邑喜來登大飯店,51.59,47.609822737694614,47.34611692882055,45.631720430108,3.9801772623053893,4.243883071179454
2026-01-01,2026,1,1,嘉義市,耐斯王子大飯店,41.17,47.00863867355056,47.42564651563647,36.721527320606,5.838638673550555,6.255646515636471
2026-01-01,2026,1,1,高雄市,高雄圓山大飯店,62.7,68.88150939196287,69.20817954817727,59.50844854070701,6.181509391962862,6.508179548177267
2026-01-01,2026,1,1,高雄市,義大皇家酒店,42.73,46.2235877114541,47.225618860246904,47.674075531078,3.4935877114541043,4.495618860246907
2026-01-01,2026,1,1,高雄市,福容大飯店 高雄,57.43000000000001,59.61707283347589,60.062252306536486,58.58064516129,2.187072833475881,2.632252306536479
2026-01-01,2026,1,1,高雄市,然一酒店,61.75000000000001,51.63069974089349,52.08670546918627,,10.119300259106517,9.663294530813737
2026-01-01,2026,1,1,高雄市,漢來大飯店,71.67,75.98168495900156,76.17204588728406,57.66053662948401,4.311684959001553,4.502045887284055
2026-01-01,2026,1,1,高雄市,寒軒國際大飯店,66.77,74.35614288985714,74.62152460189091,62.142422398052,7.586142889857143,7.851524601890915
2026-01-01,2026,1,1,金門縣,陸島酒店,30.47,37.41650352310492,37.06934513251985,34.93479752917,6.946503523104923,6.599345132519851
2026-01-01,2026,1,1,苗栗縣,馥藝金鬱金香酒店,56.63,51.16414450073676,50.97745785818671,63.874345549738,5.465855499263242,5.652542141813292
2026-01-01,2026,1,1,花蓮縣,遠雄悅來大飯店,33.4,30.7855804094564,29.94136794197862,35.179070358141004,2.614419590543598,3.4586320580213794
2026-01-01,2026,1,1,花蓮縣,美侖大飯店,44.83,38.174819834855505,38.10783857126444,25.277807746251003,6.655180165144493,6.722161428735561
2026-01-01,2026,1,1,新竹縣,新竹喜來登大飯店,76.98,69.95410296623034,70.2293666144342,68.101286979776,7.025897033769667,6.750633385565806
2026-01-01,2026,1,1,花蓮縣,瑞穗天合國際觀光酒店,43.56,47.65173109351815,46.981018283462724,59.367872271098,4.091731093518149,3.421018283462722
2026-01-01,2026,1,1,澎湖縣,澎湖福朋喜來登酒店,20.48,27.61600429911035,27.285496228616104,27.823798850015,7.1360042991103505,6.805496228616104
2026-01-01,2026,1,1,澎湖縣,寶華大飯店,4.32,2.8477650575397018,2.8197269881951863,4.2284219703575,1.4722349424602985,1.500273011804814
2026-01-01,2026,1,1,桃園市,福容徠旅 林口,79.61,82.24440605071042,82.88941412614759,65.03572201775299,2.6344060507104246,3.2794141261475858
2026-01-01,2026,1,1,桃園市,福容大飯店   桃園,62.74000000000001,60.422389608971066,60.52955493186316,70.31194611839801,2.3176103910289427,2.210445068136849
2026-01-01,2026,1,1,桃園市,桃園國際機場凱悅酒店,63.91,58.88454070724852,57.415490128294316,50.840336134454,5.025459292751478,6.494509871705681
2026-01-01,2026,1,1,桃園市,桃園喜來登酒店,58.82000000000001,53.51809266024865,54.24426586175059,54.61682881037701,5.301907339751359,4.575734138249416
2026-01-01,2026,1,1,桃園市,尊爵天際大飯店,89.2,80.04130502762324,80.70377853384942,82.838709677419,9.158694972376765,8.496221466150587
2026-01-01,2026,1,1,桃園市,尊爵大飯店,66.56,64.78104744865294,65.52219441867442,62.118970109500005,1.7789525513470608,1.0378055813255855
2026-01-01,2026,1,1,桃園市,和逸飯店桃園青埔館,74.99,75.34217152208426,74.52175840468065,78.100029594555,0.3521715220842623,0.4682415953193413
2026-01-01,2026,1,1,桃園市,名人堂花園大飯店,31.2,38.022391877803834,38.7222096224881,47.958669354839,6.822391877803835,7.522209622488102
2026-01-01,2026,1,1,桃園市,古華花園飯店,92.79,87.38880623019263,86.72434414825086,83.428209993675,5.401193769807378,6.065655851749142
2026-01-01,2026,1,1,桃園市,南方莊園渡假飯店,42.98,44.94848258288885,45.16490584040951,47.54431851206,1.9684825828888535,2.184905840409513
2026-01-01,2026,1,1,花蓮縣,太魯閣晶英酒店,21.09,24.92211744367297,23.627744537051413,,3.8321174436729706,2.537744537051413
2026-01-01,2026,1,1,台東縣,知本老爺大酒店,88.23,76.16558601156727,75.20794424534765,58.93300248139,12.064413988432733,13.022055754652357
2026-01-01,2026,1,1,台北市,台北花園大酒店,91.79,86.45429377780403,85.84512517214287,83.094632579307,5.335706222195981,5.944874827857134
2026-01-01,2026,1,1,台東縣,娜路彎大酒店,57.98,49.67343633673266,49.45512137456113,45.205479452055,8.30656366326734,8.524878625438866
2026-01-01,2026,1,1,台北市,台北寒舍喜來登大飯店,72.18,76.91592047719406,77.18243384992866,68.243623405851,4.735920477194057,5.00243384992865
2026-01-01,2026,1,1,台北市,台北君悅酒店,84.16,80.47776878843722,81.22073470976503,72.812144212524,3.6822312115627795,2.939265290234971
2026-01-01,2026,1,1,台北市,台北君品大酒店,72.13,75.38533609858241,75.15566867087571,64.23415294383,3.2553360985824185,3.0256686708757172
2026-01-01,2026,1,1,台北市,台北凱撒大飯店,93.15,84.64687435229919,85.27356146175748,82.325550006749,8.503125647700813,7.876438538242525
2026-01-01,2026,1,1,台北市,台北中山雅樂軒酒店,86.8,79.45781321857721,79.39638898267137,79.362170087977,7.342186781422782,7.403611017328629
2026-01-01,2026,1,1,台北市,台北W飯店,77.06,76.06553259929119,76.53557305771055,65.121465551573,0.9944674007088139,0.5244269422894519
2026-01-01,2026,1,1,台北市,北投麗禧溫泉酒店,78.4,72.28362930209443,72.92644232948693,75.85532746823101,6.11637069790558,5.473557670513074
2026-01-01,2026,1,1,台北市,北投老爺酒店,74.06,75.49409003166522,75.70637627017388,77.48387096774199,1.434090031665221,1.6463762701738744
2026-01-01,2026,1,1,台北市,兄弟大飯店,48.54,62.746819020110614,63.864271957389626,56.632258064516,14.206819020110615,15.324271957389627
2026-01-01,2026,1,1,台北市,亞都麗緻大飯店,58.10999999999999,66.89282864558008,65.88249694511065,39.593460008838,8.78282864558009,7.772496945110653
2026-01-01,2026,1,1,台北市,三德大飯店,54.22,52.97244709578208,53.70699288136503,35.202877374396,1.247552904217919,0.5130071186349667
2026-01-01,2026,1,1,台北市,JR東日本大飯店台北,81.83,82.67195963369039,83.24235887641457,82.84050179211499,0.8419596336903936,1.4123588764145723
2026-01-01,2026,1,1,台中市,龍谷大飯店,17.05,22.948576325685583,23.85436309169925,20.15702338283,5.898576325685582,6.804363091699248
2026-01-01,2026,1,1,台中市,長榮桂冠酒店(台中),67.27,58.14636034963549,58.30563464785005,59.130672498633,9.123639650364503,8.964365352149947
2026-01-01,2026,1,1,台中市,通豪大飯店,40.67,44.26108008961046,43.92682041155132,61.061946902655,3.5910800896104575,3.256820411551317
2026-01-01,2026,1,1,台中市,裕元花園酒店,77.72,77.1885105819027,77.40986680110304,75.947174713141,0.5314894180972942,0.31013319889696334
2026-01-01,2026,1,1,台中市,台中金典酒店,72.35,63.06056160377446,63.826224226983996,66.114501598373,9.289438396225535,8.523775773015998
2026-01-01,2026,1,1,台中市,台中福華大飯店,91.03,84.61269241724786,84.5241054025289,82.976066597294,6.417307582752144,6.505894597471098
2026-01-01,2026,1,1,台中市,台中港酒店,62.44,68.34692154024744,67.95020140402653,61.209677419355,5.906921540247438,5.510201404026532
2026-01-01,2026,1,1,台中市,全國大飯店,49.67,51.3233658359149,51.11412289801198,44.816962667633,1.6533658359148973,1.444122898011976
2026-01-01,2026,1,1,南投縣,雲品溫泉酒店日月潭,64.24,72.2881949286738,72.95755416292631,73.211781206171,8.048194928673809,8.71755416292632
2026-01-01,2026,1,1,南投縣,漢來日月行館,48.7,66.22195793657374,65.89238250314808,34.269857787027,17.52195793657374,17.19238250314808
2026-01-01,2026,1,1,南投縣,涵碧樓大飯店,74.97,80.18083940794934,81.10924115516052,84.106182795699,5.2108394079493365,6.139241155160519
2026-01-01,2026,1,1,南投縣,日月潭力麗溫德姆溫泉酒店,41.51,53.73618863482713,54.25833683631779,56.148681840511,12.226188634827132,12.74833683631779
2026-01-01,2026,1,1,高雄市,高雄萬豪酒店,63.61,63.59446634135273,63.300315632582524,70.165898617512,0.015533658647271409,0.30968436741747496
2026-01-01,2026,1,1,台北市,台北寒舍艾美酒店,86.33,82.71741113838023,84.78949037281903,84.072580645161,3.61258886161977,1.5405096271809668
2026-01-01,2026,1,1,台北市,台北漢來大飯店,50.45,56.349584367666566,55.468203225683,40.086731588558,5.899584367666563,5.018203225682996
2026-01-01,2026,1,1,台北市,台北美福大飯店,60.04999999999999,65.67448479557311,65.42662101067587,61.71011931065,5.624484795573117,5.376621010675883
2026-01-01,2026,1,1,台北市,台北艾麗酒店,74.48,77.95932510573176,78.05712452775401,78.668496911462,3.4793251057317605,3.577124527754009
2026-01-01,2026,1,1,台東縣,台東桂田喜來登酒店,38.45,44.85967138559561,44.84031381637059,37.274749721913,6.409671385595608,6.390313816370586
2026-01-01,2026,1,1,台南市,遠百企業觀光旅館,12.9,8.439541160576196,8.532142560529467,6.451612903225799,4.460458839423804,4.367857439470534
2026-01-01,2026,1,1,台南市,趣淘漫旅,77.89,58.535644437424615,58.206583451534364,51.308581862447,19.354355562575385,19.683416548465637
2026-01-01,2026,1,1,台南市,台糖長榮酒店(台南),63.01,54.06585878887321,54.01530966985991,53.037497953168,8.94414121112679,8.994690330140088
2026-01-01,2026,1,1,台南市,台南遠東香格里拉,71.39,73.14280188240484,73.1264038879917,71.523243348602,1.7528018824048388,1.736403887991699
2026-01-01,2026,1,1,台南市,台南大飯店,61.71,63.160915861630684,62.65175991223351,57.491511035654,1.4509158616306834,0.9417599122335076
2026-01-01,2026,1,1,台南市,台南大員皇冠假日酒店,67.25,66.29631596407656,65.99403203085922,67.152875175316,0.9536840359234446,1.2559679691407837
2026-01-01,2026,1,1,台北市,雀客藏居台北陽明山,68.13,57.84661009297078,57.968509475687576,75.354838709677,10.283389907029218,10.16149052431242
2026-01-01,2026,1,1,台北市,雀客旅館台北南京,86.41,84.15038479766996,82.96088659813577,83.640552995392,2.259615202330039,3.449113401864224
2026-01-01,2026,1,1,台北市,豪景大酒店,61.61,62.42257594872597,63.51173879095419,58.48124710603499,0.8125759487259714,1.901738790954191
2026-01-01,2026,1,1,台北市,老爺大酒店,82.39,84.1249412012983,84.32663119259179,81.140210795273,1.734941201298298,1.9366311925917898
2026-01-01,2026,1,1,台北市,義華酒店,66.53,54.48207565897622,52.68695487742028,46.979865771812,12.04792434102378,13.843045122579724
2026-01-01,2026,1,1,台東縣,樂樂日暉溫泉酒店,26.280000000000005,30.221357486139993,29.90834463106752,39.784946236559,3.9413574861399887,3.6283446310675167
2026-01-01,2026,1,1,台北市,美麗信花園酒店,96.41,88.13677344097584,87.85322934083167,95.121563642142,8.273226559024152,8.556770659168322
2026-01-01,2026,1,1,台北市,福華大飯店,66.58,73.00686781158662,73.01279770823875,61.082721175343,6.426867811586618,6.432797708238752
2026-01-01,2026,1,1,台北市,福容大飯店  台北一館,56.18,64.7502717995161,64.2038514718291,63.602150537634,8.5702717995161,8.023851471829097
2026-01-01,2026,1,1,台北市,漢普頓酒店,89.26,77.85249354263807,79.31392974371852,78.539056251666,11.407506457361933,9.946070256281487
2026-01-01,2026,1,1,台北市,歐華酒店,41.27,45.423935611282396,45.834873197069925,27.851382488479,4.153935611282392,4.564873197069922
2026-01-01,2026,1,1,台北市,晶華酒店,84.47,80.77347150168922,81.27937963690387,77.167526082264,3.6965284983107836,3.19062036309613
2026-01-01,2026,1,1,台北市,日勝生加賀屋國際溫泉飯店,38.42,42.75702747774989,44.264238716207174,55.01993475897101,4.337027477749885,5.8442387162071725
2026-01-01,2026,1,1,台北市,天成大飯店,92.06,85.58332342672854,86.81918181463402,85.620071684588,6.476676573271462,5.240818185365981
2026-01-01,2026,1,1,台北市,圓山大飯店,66.14,74.60832684996207,75.33090213938932,69.385528200232,8.468326849962068,9.190902139389323
2026-01-01,2026,1,1,台北市,國聯大飯店,41.35,52.61943841695014,53.20541222359634,44.081346423562,11.269438416950138,11.855412223596339
2026-01-01,2026,1,1,台北市,國王大飯店,64.62,62.8110728085009,63.83992780432933,48.619886930496,1.8089271914991016,0.7800721956706766
2026-01-01,2026,1,1,台北市,台北遠東香格里拉,72.04,75.62281932206217,76.12889895147643,75.89861751152101,3.5828193220621642,4.088898951476423
2026-01-01,2026,1,1,台北市,台北萬豪酒店,87.59,83.64679003314687,84.44690937121005,87.025765875431,3.943209966853132,3.143090628789949
2026-01-01,2026,1,1,台北市,第一大飯店,38.21,44.29070111418403,44.27789053465918,27.730938416422003,6.080701114184031,6.067890534659178
2026-01-01,2026,1,1,高雄市,麗尊大酒店,60.3,68.00404933353961,67.87830525037894,62.645847632121,7.704049333539615,7.578305250378946
2026-02-01,2026,2,2,屏東縣,墾丁福華渡假飯店,31.9,37.4476001808459,39.93297430825176,31.86,5.547600180845905,8.03297430825176
2026-02-01,2026,2,2,新北市,八里福朋喜來登酒店,27.860000000000003,48.09534850292122,48.93531874368251,48.34,20.235348502921216,21.075318743682505
2026-02-01,2026,2,2,新北市,大板根渡假酒店,84.81,73.03049111488771,74.09521893921685,77.63,11.779508885112293,10.714781060783153
2026-02-01,2026,2,2,新北市,板橋凱撒大飯店,86.59,86.60297953190073,87.66661189807321,91.48,0.01297953190072576,1.0766118980732102
2026-02-01,2026,2,2,新北市,瓏山林台北中和飯店,50.91,60.7011298940761,59.681983065119624,53.03,9.7911298940761,8.771983065119628
2026-02-01,2026,2,2,新北市,福容大飯店    淡水漁人碼頭,47.91,54.21552965372317,54.061379090884884,55.32,6.305529653723177,6.1513790908848875
2026-02-01,2026,2,2,新北市,福容大飯店 福隆,32.14,33.7743821380843,35.81451272590701,24.38,1.6343821380842982,3.6745127259070074
2026-02-01,2026,2,2,新北市,美麗春天大飯店,1.16,2.7404221073928308,1.6314546963516208,3.15,1.5804221073928308,0.47145469635162085
2026-02-01,2026,2,2,新竹市,新竹國賓大飯店,53.31,63.222140600266926,61.82515414885246,68.73,9.912140600266923,8.51515414885246
2026-02-01,2026,2,2,屏東縣,墾丁怡灣渡假酒店,46.26,40.857706365027596,42.39686534141518,28.37,5.402293634972402,3.863134658584819
2026-02-01,2026,2,2,新北市,碧特弗大飯店,9.29,14.619028836185008,14.240000680520048,13.18,5.3290288361850084,4.9500006805200485
2026-02-01,2026,2,2,屏東縣,凱撒大飯店,72.93,55.54683672690724,56.54254410997132,48.06,17.38316327309277,16.38745589002869
2026-02-01,2026,2,2,嘉義市,鈺通大飯店,59.73,43.703271090318964,46.474850992763756,44.32,16.026728909681033,13.255149007236241
2026-02-01,2026,2,2,宜蘭縣,蘭城晶英酒店,59.79,67.42943847645527,67.1818580168058,60.64000000000001,7.639438476455275,7.391858016805806
2026-02-01,2026,2,2,宜蘭縣,綠舞國際觀光飯店,47.31,55.662902764797515,56.77901519655388,34.86,8.352902764797513,9.469015196553876
2026-02-01,2026,2,2,宜蘭縣,礁溪麒麟酒店,82.89,75.99377830758237,74.55095119782123,87.43,6.896221692417626,8.339048802178766
2026-02-01,2026,2,2,宜蘭縣,礁溪老爺酒店,85.53,80.07383207405539,79.99793531904339,87.56,5.456167925944612,5.5320646809566085
2026-02-01,2026,2,2,宜蘭縣,悅川酒店,68.2,73.52418473575977,73.81729106877661,74.2,5.324184735759772,5.617291068776609
2026-02-01,2026,2,2,宜蘭縣,幼獅大飯店,16.85,13.050752351230269,15.385088835147739,13.21,3.7992476487697324,1.4649111648522624
2026-02-01,2026,2,2,宜蘭縣,山泉大飯店,54.75,65.97757795801527,66.2870072164235,55.33,11.227577958015274,11.537007216423504
2026-02-01,2026,2,2,宜蘭縣,凱渡廣場酒店,33.42,30.731120765048278,34.586782109092724,17.28,2.688879234951724,1.166782109092722
2026-02-01,2026,2,2,基隆市,長榮桂冠酒店(基隆),83.16,79.94864581184756,78.74982574171425,76.38,3.2113541881524412,4.41017425828575
2026-02-01,2026,2,2,嘉義縣,阿里山賓館(現代館),39.38,58.169053677339924,59.01076778634645,40.52,18.789053677339922,19.630767786346446
2026-02-01,2026,2,2,嘉義縣,阿里山賓館(歷史館),34.9,32.928544146383906,34.31290751871679,24.69,1.9714558536160922,0.5870924812832072
2026-02-01,2026,2,2,嘉義縣,名都觀光渡假大飯店,16.24,22.772352203880228,25.09207668950538,12.89,6.5323522038802295,8.852076689505381
2026-02-01,2026,2,2,宜蘭縣,長榮鳳凰酒店(礁溪),70.01,67.17787060395534,66.71209972029203,57.440000000000005,2.832129396044664,3.2979002797079744
2026-02-01,2026,2,2,新竹市,新竹老爺大酒店,59.77,70.41498558462015,68.39804774090395,78.25,10.644985584620152,8.628047740903945
2026-02-01,2026,2,2,高雄市,高雄福華大飯店,71.48,82.19085672259284,81.65080911057657,76.15,10.710856722592837,10.17080911057657
2026-02-01,2026,2,2,新竹縣,豐邑喜來登大飯店,43.69,49.78061669160935,50.10516700648226,48.72,6.090616691609355,6.415167006482264
2026-02-01,2026,2,2,嘉義市,耐斯王子大飯店,40.77,45.43430793768392,46.85170574534387,37.16,4.664307937683915,6.081705745343868
2026-02-01,2026,2,2,高雄市,高雄圓山大飯店,61.77,70.07713346709977,69.34389569480213,58.4,8.307133467099767,7.573895694802125
2026-02-01,2026,2,2,高雄市,義大皇家酒店,55.44,48.8499869524368,49.71012496472354,51.02,6.590013047563197,5.729875035276457
2026-02-01,2026,2,2,高雄市,福容大飯店 高雄,61.57,60.684512615058345,58.618944136347004,59.23,0.8854873849416549,2.9510558636529964
2026-02-01,2026,2,2,高雄市,然一酒店,46.99,50.992235766584294,50.35230339099149,40.26,4.002235766584292,3.3623033909914852
2026-02-01,2026,2,2,高雄市,漢來大飯店,68.1,76.84396547261598,77.09724827057411,62.96000000000001,8.743965472615983,8.997248270574119
2026-02-01,2026,2,2,高雄市,寒軒國際大飯店,62.9,74.77597231494914,74.19004420140668,68.6,11.875972314949145,11.29004420140668
2026-02-01,2026,2,2,金門縣,陸島酒店,26.14,34.54559857387736,33.74121323866896,24.62,8.405598573877363,7.6012132386689615
2026-02-01,2026,2,2,苗栗縣,馥藝金鬱金香酒店,63.11,54.0214773872779,53.51920207831279,58.47,9.088522612722102,9.590797921687212
2026-02-01,2026,2,2,花蓮縣,遠雄悅來大飯店,47.05,33.292985032574094,34.88685413053094,32.06,13.757014967425903,12.163145869469055
2026-02-01,2026,2,2,花蓮縣,美侖大飯店,53.7,36.11003698106898,38.85527070791081,20.23,17.589963018931023,14.844729292089191
2026-02-01,2026,2,2,新竹縣,新竹喜來登大飯店,65.21,73.9200620150707,72.9543318262871,72.69,8.710062015070704,7.744331826287109
2026-02-01,2026,2,2,花蓮縣,瑞穗天合國際觀光酒店,59.72,46.44237623697082,47.17883953285129,46.28,13.277623763029176,12.541160467148707
2026-02-01,2026,2,2,澎湖縣,澎湖福朋喜來登酒店,27.84,33.981903878793624,34.77436440519748,27.85,6.141903878793624,6.934364405197481
2026-02-01,2026,2,2,澎湖縣,寶華大飯店,3.67,9.097414136623932,9.110482032450882,8.49,5.427414136623932,5.440482032450882
2026-02-01,2026,2,2,桃園市,福容徠旅 林口,84.8,84.37593102875663,82.80854228638037,74.78,0.42406897124337206,1.9914577136196243
2026-02-01,2026,2,2,桃園市,福容大飯店   桃園,70.13,65.10860114871697,63.15709928736368,76.79,5.021398851283024,6.972900712636317
2026-02-01,2026,2,2,桃園市,桃園國際機場凱悅酒店,57.25,62.34735236315955,58.20572208020832,60.2,5.097352363159551,0.955722080208318
2026-02-01,2026,2,2,桃園市,桃園喜來登酒店,44.54,54.27899774291181,54.80088632284196,50.02,9.738997742911813,10.260886322841962
2026-02-01,2026,2,2,桃園市,尊爵天際大飯店,78.09,83.94310451098225,82.04710588392915,83.73,5.853104510982249,3.9571058839291453
2026-02-01,2026,2,2,桃園市,尊爵大飯店,59.58,66.97118065440507,64.81847780084648,56.7,7.391180654405076,5.238477800846482
2026-02-01,2026,2,2,桃園市,和逸飯店桃園青埔館,74.39,76.6783748289474,74.35948148054777,78.1,2.288374828947397,0.030518519452229498
2026-02-01,2026,2,2,桃園市,名人堂花園大飯店,39.01,40.36207394809803,40.839163228426585,43.75,1.352073948098031,1.8291632284265873
2026-02-01,2026,2,2,桃園市,古華花園飯店,88.14,85.48943112970652,83.49734567986505,80.08,2.6505688702934833,4.642654320134952
2026-02-01,2026,2,2,桃園市,南方莊園渡假飯店,47.1,47.651675472230025,49.2924543005991,56.720000000000006,0.5516754722300234,2.1924543005990955
2026-02-01,2026,2,2,花蓮縣,太魯閣晶英酒店,35.29,23.8741644495985,24.162063694528555,20.87,11.4158355504015,11.127936305471444
2026-02-01,2026,2,2,台東縣,知本老爺大酒店,94.7,76.47040580514941,75.22846393878443,,18.22959419485059,19.471536061215573
2026-02-01,2026,2,2,台北市,台北花園大酒店,81.45,89.75469362909837,87.47993681879915,88.44,8.304693629098367,6.029936818799143
2026-02-01,2026,2,2,台東縣,娜路彎大酒店,47.61,50.99054303996571,52.94063525779257,42.29,3.3805430399657084,5.330635257792572
2026-02-01,2026,2,2,台北市,台北寒舍喜來登大飯店,66.6,78.87064209077823,78.47942015418586,76.25,12.270642090778239,11.879420154185865
2026-02-01,2026,2,2,台北市,台北君悅酒店,75.42,81.19100411492123,81.05504240489364,78.98,5.771004114921226,5.635042404893639
2026-02-01,2026,2,2,台北市,台北君品大酒店,67.02,76.1846191878991,75.29280640888591,70.52,9.164619187899106,8.272806408885913
2026-02-01,2026,2,2,台北市,台北凱撒大飯店,88.68,87.18815639499043,85.95347054457719,86.24,1.4918436050095778,2.7265294554228205
2026-02-01,2026,2,2,台北市,台北中山雅樂軒酒店,74.39,82.42908925308426,79.72081809913075,82.31,8.039089253084256,5.330818099130752
2026-02-01,2026,2,2,台北市,台北W飯店,72.94,78.21834142786103,78.08513920463012,73.62,5.2783414278610365,5.1451392046301265
2026-02-01,2026,2,2,台北市,北投麗禧溫泉酒店,79.27,71.79009573531215,71.14145445686283,68.72,7.479904264687846,8.128545543137164
2026-02-01,2026,2,2,台北市,北投老爺酒店,80.57,75.68765026273523,74.28201147603995,70.86,4.882349737264761,6.287988523960038
2026-02-01,2026,2,2,台北市,兄弟大飯店,48.09,65.40066122096152,66.990549598953,56.50999999999999,17.31066122096152,18.900549598952992
2026-02-01,2026,2,2,台北市,亞都麗緻大飯店,59.870000000000005,67.85397802748105,65.40487396733546,53.72,7.983978027481044,5.534873967335457
2026-02-01,2026,2,2,台北市,三德大飯店,56.8,56.72690103643425,56.53120422112212,44.24,0.07309896356574797,0.2687957788778803
2026-02-01,2026,2,2,台北市,JR東日本大飯店台北,66.96,83.86684277613341,82.83578927675725,81.14,16.906842776133416,15.87578927675726
2026-02-01,2026,2,2,台中市,龍谷大飯店,21.39,24.898581378375393,25.274082865601805,19.1,3.5085813783753927,3.8840828656018047
2026-02-01,2026,2,2,台中市,長榮桂冠酒店(台中),78.01,58.05959955116394,58.93853814314625,48.71,19.950400448836064,19.07146185685375
2026-02-01,2026,2,2,台中市,通豪大飯店,46.08,49.21635102982762,48.69398045870716,51.93,3.1363510298276225,2.613980458707161
2026-02-01,2026,2,2,台中市,裕元花園酒店,71.0,79.80864047810347,79.15605043880741,81.45,8.80864047810347,8.156050438807412
2026-02-01,2026,2,2,台中市,台中金典酒店,72.96,66.9023188148713,66.99067247178365,68.26,6.0576811851287005,5.96932752821634
2026-02-01,2026,2,2,台中市,台中福華大飯店,88.25,86.81332402525479,85.98599946975416,87.72,1.4366759747452136,2.2640005302458377
2026-02-01,2026,2,2,台中市,台中港酒店,65.13,71.4526023462305,69.1562737739787,72.91,6.322602346230511,4.026273773978701
2026-02-01,2026,2,2,台中市,全國大飯店,51.52,52.22201448887088,53.60248952827789,43.78,0.7020144888708799,2.0824895282778897
2026-02-01,2026,2,2,南投縣,雲品溫泉酒店日月潭,74.57,71.85779440339901,72.03454420788137,67.74,2.712205596600981,2.5354557921186256
2026-02-01,2026,2,2,南投縣,漢來日月行館,63.71,64.41157772458,65.94930952134277,30.18,0.7015777245799981,2.2393095213427685
2026-02-01,2026,2,2,南投縣,涵碧樓大飯店,81.06,78.8226971185555,79.45967500134427,71.47,2.2373028814445064,1.6003249986557364
2026-02-01,2026,2,2,南投縣,日月潭力麗溫德姆溫泉酒店,58.11999999999999,53.55191335990836,55.49653555108553,48.75,4.568086640091629,2.6234644489144614
2026-02-01,2026,2,2,高雄市,高雄萬豪酒店,59.66,66.61040883724986,65.254395128084,64.29,6.950408837249867,5.5943951280840025
2026-02-01,2026,2,2,台北市,台北寒舍艾美酒店,80.29,85.22666566119362,86.12391844438652,84.55,4.936665661193615,5.833918444386512
2026-02-01,2026,2,2,台北市,台北漢來大飯店,59.260000000000005,57.54634505932978,58.52990253082736,41.39,1.7136549406702244,0.7300974691726481
2026-02-01,2026,2,2,台北市,台北美福大飯店,57.34,67.66555924067725,65.98658203537566,60.0,10.32555924067725,8.646582035375658
2026-02-01,2026,2,2,台北市,台北艾麗酒店,69.44,81.0466669039994,80.67864709455078,82.13,11.606666903999397,11.238647094550785
2026-02-01,2026,2,2,台東縣,台東桂田喜來登酒店,50.1,46.6745270219098,48.9166964460787,43.49,3.4254729780901982,1.1833035539212986
2026-02-01,2026,2,2,台南市,遠百企業觀光旅館,14.29,12.947282313578462,12.89421886412725,7.139999999999999,1.3427176864215369,1.395781135872749
2026-02-01,2026,2,2,台南市,趣淘漫旅,95.33,58.232568761499216,58.71021484579415,52.88,37.09743123850078,36.61978515420585
2026-02-01,2026,2,2,台南市,台糖長榮酒店(台南),82.29,61.29139928788854,60.825346427497585,71.66,20.998600712111468,21.46465357250242
2026-02-01,2026,2,2,台南市,台南遠東香格里拉,73.81,75.54897285128118,74.82475731775418,74.74,1.7389728512811757,1.0147573177541744
2026-02-01,2026,2,2,台南市,台南大飯店,69.48,66.61255362361628,64.51718108382576,60.97,2.8674463763837252,4.962818916174243
2026-02-01,2026,2,2,台南市,台南大員皇冠假日酒店,72.17,67.3324510812202,66.3488209837213,59.43000000000001,4.837548918779802,5.821179016278705
2026-02-01,2026,2,2,台北市,雀客藏居台北陽明山,65.93,62.34857265323644,60.951850284659166,77.07,3.5814273467635687,4.978149715340841
2026-02-01,2026,2,2,台北市,雀客旅館台北南京,87.18,83.49086464951577,82.0371087419403,79.97,3.6891353504842357,5.142891258059706
2026-02-01,2026,2,2,台北市,豪景大酒店,52.99,66.64240339157752,66.15318554243832,63.38,13.652403391577515,13.16318554243832
2026-02-01,2026,2,2,台北市,老爺大酒店,80.37,85.4908116336538,85.31711962263532,85.11,5.120811633653801,4.947119622635313
2026-02-01,2026,2,2,台北市,義華酒店,48.78,63.41598327248674,58.56698350435889,61.14999999999999,14.63598327248674,9.786983504358886
2026-02-01,2026,2,2,台東縣,樂樂日暉溫泉酒店,57.89,29.71836396998156,30.451138898755154,22.02,28.17163603001844,27.438861101244846
2026-02-01,2026,2,2,台北市,美麗信花園酒店,95.3,90.4444842364098,87.95076569350577,93.84,4.855515763590191,7.349234306494225
2026-02-01,2026,2,2,台北市,福華大飯店,48.87,73.36724081773588,72.52577654752815,61.62,24.49724081773588,23.655776547528156
2026-02-01,2026,2,2,台北市,福容大飯店  台北一館,62.77,65.91875003518733,64.15509439445704,56.07,3.1487500351873265,1.3850943944570346
2026-02-01,2026,2,2,台北市,漢普頓酒店,81.81,83.22054073530298,80.80680925517117,85.01,1.4105407353029733,1.003190744828828
2026-02-01,2026,2,2,台北市,歐華酒店,36.26,47.4975117881973,47.58523773889752,37.66,11.237511788197303,11.32523773889752
2026-02-01,2026,2,2,台北市,晶華酒店,79.21,81.77693051182989,81.51004218490857,79.84,2.566930511829895,2.300042184908577
2026-02-01,2026,2,2,台北市,日勝生加賀屋國際溫泉飯店,48.35,43.02319802723982,44.246774149583295,40.05,5.32680197276018,4.103225850416706
2026-02-01,2026,2,2,台北市,天成大飯店,82.9,87.61755102126186,87.1986427831862,87.33,4.717551021261855,4.298642783186196
2026-02-01,2026,2,2,台北市,圓山大飯店,56.77,76.62933282061122,76.04298073357128,74.06,19.859332820611222,19.27298073357128
2026-02-01,2026,2,2,台北市,國聯大飯店,39.95,56.556915655285124,56.42270911343511,45.41,16.60691565528512,16.47270911343511
2026-02-01,2026,2,2,台北市,國王大飯店,52.65,66.7258479865924,65.97501229048424,64.91,14.0758479865924,13.325012290484246
2026-02-01,2026,2,2,台北市,台北遠東香格里拉,68.59,76.47145057252493,78.07086657060951,70.11,7.881450572524926,9.480866570609507
2026-02-01,2026,2,2,台北市,台北萬豪酒店,77.02,84.84564687763391,85.52435619714362,84.62,7.825646877633915,8.504356197143622
2026-02-01,2026,2,2,台北市,第一大飯店,38.96,49.592674043706026,50.32406499114846,44.5,10.632674043706025,11.36406499114846
2026-02-01,2026,2,2,高雄市,麗尊大酒店,61.8,68.90453141854589,65.3233858111421,58.3,7.104531418545889,3.5233858111421057
2026-03-01,2026,3,3,屏東縣,墾丁福華渡假飯店,45.12,38.037857240745886,38.729369529171684,32.01,7.082142759254111,6.390630470828313
2026-03-01,2026,3,3,新北市,八里福朋喜來登酒店,30.260000000000005,47.5542044154675,49.16564900381207,40.93,17.294204415467497,18.905649003812066
2026-03-01,2026,3,3,新北市,大板根渡假酒店,75.28,72.88005883602636,72.17421604170872,76.43,2.3999411639736365,3.1057839582912834
2026-03-01,2026,3,3,新北市,板橋凱撒大飯店,92.28,92.39866643969181,90.2398569788883,96.28,0.11866643969180757,2.040143021111703
2026-03-01,2026,3,3,新北市,瓏山林台北中和飯店,63.13,65.74423680990495,64.81582851449659,62.08,2.614236809904945,1.6858285144965848
2026-03-01,2026,3,3,新北市,福容大飯店    淡水漁人碼頭,64.39,60.24663978732884,57.8436137521779,66.96,4.143360212671162,6.546386247822099
2026-03-01,2026,3,3,新北市,福容大飯店 福隆,29.770000000000003,34.649186364603956,34.890522349739946,29.03,4.879186364603953,5.120522349739943
2026-03-01,2026,3,3,新北市,美麗春天大飯店,1.71,3.6382593670450127,1.2972870304931279,3.04,1.9282593670450128,0.4127129695068721
2026-03-01,2026,3,3,新竹市,新竹國賓大飯店,72.96,68.38385542667297,66.90558934656515,74.34,4.576144573327028,6.054410653434843
2026-03-01,2026,3,3,屏東縣,墾丁怡灣渡假酒店,32.41,41.42935423229226,39.15107631941422,37.88,9.019354232292265,6.741076319414226
2026-03-01,2026,3,3,新北市,碧特弗大飯店,13.720000000000002,16.934271645584932,15.950025801348726,12.9,3.2142716455849296,2.2300258013487237
2026-03-01,2026,3,3,屏東縣,凱撒大飯店,62.0,61.3977480449696,59.9828875738607,65.46,0.6022519550303969,2.017112426139299
2026-03-01,2026,3,3,嘉義市,鈺通大飯店,64.44,41.54079358588215,43.15030488818525,37.15,22.89920641411785,21.28969511181475
2026-03-01,2026,3,3,宜蘭縣,蘭城晶英酒店,27.36,62.23621044811657,61.76985583027373,46.43,34.876210448116574,34.40985583027373
2026-03-01,2026,3,3,宜蘭縣,綠舞國際觀光飯店,26.26,61.22616964684,58.62774247796545,26.92,34.96616964684,32.36774247796545
2026-03-01,2026,3,3,宜蘭縣,礁溪麒麟酒店,75.04,75.3150885036222,72.94686356616941,76.41,0.27508850362220016,2.093136433830594
2026-03-01,2026,3,3,宜蘭縣,礁溪老爺酒店,78.71,79.41511979421963,79.03136080607312,78.91,0.705119794219641,0.32136080607313033
2026-03-01,2026,3,3,宜蘭縣,悅川酒店,69.65,69.96495198709145,68.08020026696931,55.56,0.31495198709144745,1.5697997330306919
2026-03-01,2026,3,3,宜蘭縣,幼獅大飯店,10.3,14.311839305106037,14.90312394387777,11.99,4.011839305106037,4.603123943877769
2026-03-01,2026,3,3,宜蘭縣,山泉大飯店,71.72,67.60481836251392,66.60565754728701,61.22,4.115181637486074,5.1143424527129895
2026-03-01,2026,3,3,宜蘭縣,凱渡廣場酒店,24.48,31.013952434335458,32.85135981226909,20.11,6.533952434335458,8.371359812269088
2026-03-01,2026,3,3,基隆市,長榮桂冠酒店(基隆),86.45,85.01295733055441,82.04223345846655,83.09,1.4370426694455887,4.407766541533448
2026-03-01,2026,3,3,嘉義縣,阿里山賓館(現代館),47.28,60.44075348819443,58.71783315416185,56.3,13.16075348819443,11.43783315416185
2026-03-01,2026,3,3,嘉義縣,阿里山賓館(歷史館),51.97999999999999,32.74522212690413,34.318264206501745,34.29,19.234777873095858,17.661735793498245
2026-03-01,2026,3,3,嘉義縣,名都觀光渡假大飯店,24.71,25.85616982609621,25.073967943064584,15.1,1.1461698260962088,0.36396794306458347
2026-03-01,2026,3,3,宜蘭縣,長榮鳳凰酒店(礁溪),56.81,62.31002292622799,61.36146045222409,51.72,5.5000229262279845,4.5514604522240845
2026-03-01,2026,3,3,新竹市,新竹老爺大酒店,79.37,74.8089557042393,72.4400975498922,79.78,4.561044295760709,6.929902450107804
2026-03-01,2026,3,3,高雄市,高雄福華大飯店,81.84,88.27779464002107,85.33804966946659,86.01,6.4377946400210675,3.4980496694665817
2026-03-01,2026,3,3,新竹縣,豐邑喜來登大飯店,59.21999999999999,54.463554095242124,54.341159020828336,56.49000000000001,4.756445904757868,4.878840979171656
2026-03-01,2026,3,3,嘉義市,耐斯王子大飯店,66.15,50.54215293748949,49.263064503907074,56.56,15.607847062510515,16.88693549609293
2026-03-01,2026,3,3,高雄市,高雄圓山大飯店,65.15,73.79803201408265,71.18420753313309,64.73,8.648032014082645,6.034207533133085
2026-03-01,2026,3,3,高雄市,義大皇家酒店,40.76,50.84396901051465,50.214601500692936,48.45,10.08396901051465,9.454601500692938
2026-03-01,2026,3,3,高雄市,福容大飯店 高雄,51.03,63.041394994961024,61.75640046105996,65.75,12.011394994961023,10.72640046105996
2026-03-01,2026,3,3,高雄市,然一酒店,52.53,52.532124719854615,53.0360702101724,39.87,0.0021247198546134882,0.5060702101723962
2026-03-01,2026,3,3,高雄市,漢來大飯店,65.84,80.64252773561768,78.93281674293338,72.13,14.802527735617673,13.09281674293338
2026-03-01,2026,3,3,高雄市,寒軒國際大飯店,76.26,79.3389150643052,77.27429901183876,80.24,3.0789150643051926,1.0142990118387587
2026-03-01,2026,3,3,金門縣,陸島酒店,35.83,42.705942511853635,42.438235656057294,45.64,6.875942511853637,6.608235656057296
2026-03-01,2026,3,3,苗栗縣,馥藝金鬱金香酒店,60.09,53.999114964781654,53.04478832719124,52.93,6.090885035218349,7.045211672808762
2026-03-01,2026,3,3,花蓮縣,遠雄悅來大飯店,30.06,35.33242071280932,33.20183920295635,31.290000000000003,5.272420712809325,3.1418392029563513
2026-03-01,2026,3,3,花蓮縣,美侖大飯店,40.82,38.44896889238251,37.266936447477164,27.940000000000005,2.3710311076174904,3.5530635525228362
2026-03-01,2026,3,3,新竹縣,新竹喜來登大飯店,88.37,77.1570706161147,75.95000571415177,84.3,11.21292938388531,12.419994285848233
2026-03-01,2026,3,3,花蓮縣,瑞穗天合國際觀光酒店,37.65,43.617649920421684,42.41675165285144,36.67,5.967649920421685,4.76675165285144
2026-03-01,2026,3,3,澎湖縣,澎湖福朋喜來登酒店,62.53999999999999,42.63139091248885,39.90125239225329,48.99,19.908609087511145,22.6387476077467
2026-03-01,2026,3,3,澎湖縣,寶華大飯店,11.94,15.176870971730128,12.641483085142356,13.3,3.236870971730129,0.7014830851423568
2026-03-01,2026,3,3,桃園市,福容徠旅 林口,96.43,87.44919596317665,85.81844503291599,82.53,8.980804036823358,10.611554967084018
2026-03-01,2026,3,3,桃園市,福容大飯店   桃園,78.02,71.1702107112005,69.19316720315601,76.21,6.849789288799499,8.826832796843988
2026-03-01,2026,3,3,桃園市,桃園國際機場凱悅酒店,71.08,67.56753407063059,63.51853466522919,63.62,3.5124659293694123,7.5614653347708085
2026-03-01,2026,3,3,桃園市,桃園喜來登酒店,70.97,58.666633568235405,58.15843419885414,54.92,12.303366431764594,12.81156580114586
2026-03-01,2026,3,3,桃園市,尊爵天際大飯店,88.06,88.23968487881088,85.53993971033094,82.74,0.1796848788108747,2.520060289669061
2026-03-01,2026,3,3,桃園市,尊爵大飯店,73.5,70.30132652293481,68.90271488657116,62.92,3.198673477065185,4.597285113428839
2026-03-01,2026,3,3,桃園市,和逸飯店桃園青埔館,80.26,81.50754054919089,76.72513903376347,68.14,1.2475405491908873,3.5348609662365362
2026-03-01,2026,3,3,桃園市,名人堂花園大飯店,29.44,40.224005017828105,39.28551280883243,32.76,10.784005017828104,9.845512808832428
2026-03-01,2026,3,3,桃園市,古華花園飯店,89.64,91.00995719511772,87.96440893681864,90.74,1.3699571951177205,1.6755910631813578
2026-03-01,2026,3,3,桃園市,南方莊園渡假飯店,34.79,43.01555316734982,43.3816959864735,32.0,8.225553167349823,8.591695986473503
2026-03-01,2026,3,3,花蓮縣,太魯閣晶英酒店,34.88,26.0828498615555,24.350195140481144,20.14,8.797150138444504,10.529804859518858
2026-03-01,2026,3,3,台東縣,知本老爺大酒店,0.0,75.45204967466182,68.53023917830652,43.99,75.45204967466182,68.53023917830652
2026-03-01,2026,3,3,台北市,台北花園大酒店,93.05,92.16713147962908,90.22892247320925,89.79,0.8828685203709199,2.821077526790745
2026-03-01,2026,3,3,台東縣,娜路彎大酒店,53.93,50.08449189428414,49.420497040719724,42.55,3.845508105715858,4.509502959280276
2026-03-01,2026,3,3,台北市,台北寒舍喜來登大飯店,77.9,82.4462795055318,80.9358351263298,82.64,4.5462795055318,3.0358351263298005
2026-03-01,2026,3,3,台北市,台北君悅酒店,83.08,84.72167206553068,84.20400810161509,81.02,1.6416720655306847,1.1240081016150896
2026-03-01,2026,3,3,台北市,台北君品大酒店,79.53,82.10049192739287,77.82064959727732,76.18,2.5704919273928653,1.7093504027226771
2026-03-01,2026,3,3,台北市,台北凱撒大飯店,97.68,92.13978044185839,89.61929843084734,96.46,5.540219558141615,8.06070156915267
2026-03-01,2026,3,3,台北市,台北中山雅樂軒酒店,92.56,87.85322671137574,84.84136907822645,86.18,4.706773288624262,7.718630921773553
2026-03-01,2026,3,3,台北市,台北W飯店,91.32,81.52321790341351,80.39671611427883,81.68,9.796782096586483,10.923283885721162
2026-03-01,2026,3,3,台北市,北投麗禧溫泉酒店,64.86,70.46331193945214,69.6868761963771,55.23,5.603311939452141,4.8268761963771
2026-03-01,2026,3,3,台北市,北投老爺酒店,86.65,82.50311769364406,79.66802339144442,89.55,4.146882306355948,6.981976608555584
2026-03-01,2026,3,3,台北市,兄弟大飯店,69.25,70.4721575696853,69.78713232692286,73.6,1.2221575696852938,0.5371323269228583
2026-03-01,2026,3,3,台北市,亞都麗緻大飯店,79.13,73.46913740029235,70.89181670277269,63.99,5.660862599707642,8.238183297227309
2026-03-01,2026,3,3,台北市,三德大飯店,76.16,59.22250599214407,58.556727317469324,58.76,16.937494007855925,17.603272682530672
2026-03-01,2026,3,3,台北市,JR東日本大飯店台北,84.44,88.46667004249335,86.87300495507061,83.89,4.02667004249335,2.433004955070615
2026-03-01,2026,3,3,台中市,龍谷大飯店,18.28,25.007588466394253,23.017086121865486,20.81,6.727588466394252,4.7370861218654845
2026-03-01,2026,3,3,台中市,長榮桂冠酒店(台中),77.76,60.39713500701676,59.022909132828744,53.22,17.362864992983248,18.73709086717126
2026-03-01,2026,3,3,台中市,通豪大飯店,35.08,52.65921503820646,52.1161878522259,50.03999999999999,17.579215038206463,17.0361878522259
2026-03-01,2026,3,3,台中市,裕元花園酒店,78.46,85.17817512134685,82.85305261374478,92.83,6.71817512134686,4.393052613744786
2026-03-01,2026,3,3,台中市,台中金典酒店,74.22,71.12952696954815,70.23037343960391,76.61,3.0904730304518466,3.98962656039609
2026-03-01,2026,3,3,台中市,台中福華大飯店,86.37,91.06547006773059,88.44216573662882,89.18,4.695470067730582,2.0721657366288184
2026-03-01,2026,3,3,台中市,台中港酒店,75.68,77.47304301544557,73.78200087268118,88.21,1.793043015445562,1.8979991273188261
2026-03-01,2026,3,3,台中市,全國大飯店,53.75,56.7324561591599,56.771579235199425,51.78,2.982456159159902,3.0215792351994253
2026-03-01,2026,3,3,南投縣,雲品溫泉酒店日月潭,62.16,72.9680858801727,70.8860575040556,58.84,10.808085880172698,8.726057504055603
2026-03-01,2026,3,3,南投縣,漢來日月行館,57.41,64.64786507117425,62.801463710525546,41.31,7.237865071174255,5.391463710525549
2026-03-01,2026,3,3,南投縣,涵碧樓大飯店,78.9,77.78434972753408,77.6293622664343,75.03,1.1156502724659276,1.2706377335657066
2026-03-01,2026,3,3,南投縣,日月潭力麗溫德姆溫泉酒店,39.91,52.70195168322329,52.97346560615601,42.57,12.791951683223296,13.063465606156015
2026-03-01,2026,3,3,高雄市,高雄萬豪酒店,61.75999999999999,69.2912850434868,68.07924914082278,64.63,7.531285043486804,6.319249140822791
2026-03-01,2026,3,3,台北市,台北寒舍艾美酒店,89.78,88.03886275770336,87.80066744130144,88.97,1.7411372422966451,1.9793325586985588
2026-03-01,2026,3,3,台北市,台北漢來大飯店,63.09,61.34280135605021,60.3829922291019,58.32999999999999,1.747198643949794,2.7070077708981017
2026-03-01,2026,3,3,台北市,台北美福大飯店,70.9,70.61716526685841,69.25304526504416,69.69,0.28283473314159835,1.646954734955841
2026-03-01,2026,3,3,台北市,台北艾麗酒店,86.79,85.87479645106075,84.63773300432048,88.03,0.9152035489392603,2.1522669956795255
2026-03-01,2026,3,3,台東縣,台東桂田喜來登酒店,52.15,49.132139187828294,50.36972885829827,47.27,3.0178608121717048,1.780271141701732
2026-03-01,2026,3,3,台南市,遠百企業觀光旅館,11.29,13.547797618643648,12.060753822903912,6.45,2.2577976186436484,0.770753822903913
2026-03-01,2026,3,3,台南市,趣淘漫旅,83.18,59.62572324423056,56.89846693040899,59.57,23.55427675576945,26.281533069591013
2026-03-01,2026,3,3,台南市,台糖長榮酒店(台南),69.53,64.97065956321248,61.85307112224475,69.56,4.559340436787522,7.676928877755252
2026-03-01,2026,3,3,台南市,台南遠東香格里拉,76.24,77.79573999530324,76.86958409411329,77.44,1.5557399953032416,0.629584094113298
2026-03-01,2026,3,3,台南市,台南大飯店,73.64,68.94885187555069,67.99408689991127,57.77,4.691148124449313,5.645913100088734
2026-03-01,2026,3,3,台南市,台南大員皇冠假日酒店,53.81,67.55695654072811,65.78309365969704,57.17,13.746956540728107,11.973093659697042
2026-03-01,2026,3,3,台北市,雀客藏居台北陽明山,60.31999999999999,64.58310743105385,60.84828824769631,64.0,4.263107431053854,0.5282882476963167
2026-03-01,2026,3,3,台北市,雀客旅館台北南京,92.97,89.24077885605311,85.21832546448368,97.06,3.729221143946887,7.751674535516315
2026-03-01,2026,3,3,台北市,豪景大酒店,70.52,70.17273178996885,69.22026541213069,67.4,0.34726821003114594,1.2997345878693096
2026-03-01,2026,3,3,台北市,老爺大酒店,92.83,90.91336081652882,89.15136581770686,93.05,1.916639183471176,3.6786341822931377
2026-03-01,2026,3,3,台北市,義華酒店,74.47,67.82188845121371,61.52195199119169,66.03,6.648111548786289,12.948048008808307
2026-03-01,2026,3,3,台東縣,樂樂日暉溫泉酒店,14.05,29.767268909736043,28.253655314015564,29.57,15.717268909736042,14.203655314015563
2026-03-01,2026,3,3,台北市,美麗信花園酒店,97.09,94.13882829719805,92.79227187556506,96.73,2.9511717028019575,4.29772812443494
2026-03-01,2026,3,3,台北市,福華大飯店,44.23,76.4414874608588,75.3574045707569,72.66,32.2114874608588,31.1274045707569
2026-03-01,2026,3,3,台北市,福容大飯店  台北一館,72.69,70.00827475085669,68.96583833699009,63.33,2.6817252491433123,3.724161663009909
2026-03-01,2026,3,3,台北市,漢普頓酒店,89.0,88.38753182871267,85.49119897793894,83.68,0.6124681712873326,3.508801022061064
2026-03-01,2026,3,3,台北市,歐華酒店,55.3,51.84128938962702,51.85099231750191,54.40999999999999,3.4587106103729752,3.4490076824980846
2026-03-01,2026,3,3,台北市,晶華酒店,85.56,86.72984754503179,85.00790596316992,83.02,1.1698475450317858,0.5520940368300842
2026-03-01,2026,3,3,台北市,日勝生加賀屋國際溫泉飯店,34.87,39.51828887022684,40.997667614493295,27.399999999999995,4.648288870226843,6.127667614493298
2026-03-01,2026,3,3,台北市,天成大飯店,94.43,93.02964011171875,92.55702194987343,94.8,1.4003598882812582,1.8729780501265765
2026-03-01,2026,3,3,台北市,圓山大飯店,75.07,81.99013575354981,80.00214561170323,78.97,6.920135753549815,4.932145611703234
2026-03-01,2026,3,3,台北市,國聯大飯店,42.96,57.35521743710678,57.17489911620956,50.29,14.39521743710678,14.214899116209558
2026-03-01,2026,3,3,台北市,國王大飯店,82.77,71.99421040640286,71.38766050028198,82.47,10.775789593597139,11.382339499718015
2026-03-01,2026,3,3,台北市,台北遠東香格里拉,82.23,79.35754990472732,79.48601645878276,78.09,2.872450095272683,2.743983541217247
2026-03-01,2026,3,3,台北市,台北萬豪酒店,96.49,89.06736050012486,87.99256242855994,87.92,7.422639499875132,8.49743757144006
2026-03-01,2026,3,3,台北市,第一大飯店,56.82000000000001,56.01749666137355,56.22748332271727,59.18,0.8025033386264582,0.5925166772827382
2026-03-01,2026,3,3,高雄市,麗尊大酒店,59.59,72.7162396527788,69.70222541057099,64.41,13.126239652778793,10.112225410570986
2026-04-01,2026,4,4,屏東縣,墾丁福華渡假飯店,54.95,41.00755340478825,41.37590368792282,38.77,13.942446595211756,13.574096312077181
2026-04-01,2026,4,4,新北市,八里福朋喜來登酒店,28.78,49.60756633843324,51.10135730480431,54.85,20.827566338433236,22.32135730480431
2026-04-01,2026,4,4,新北市,大板根渡假酒店,77.05,71.92846460973607,71.7496760004261,79.37,5.121535390263929,5.300323999573891
2026-04-01,2026,4,4,新北市,板橋凱撒大飯店,93.88,89.1379174864852,86.56753132195995,94.94,4.742082513514802,7.312468678040048
2026-04-01,2026,4,4,新北市,瓏山林台北中和飯店,57.54,63.55947527335618,62.057143009341466,56.03,6.0194752733561785,4.517143009341467
2026-04-01,2026,4,4,新北市,福容大飯店    淡水漁人碼頭,62.81,56.19554361143893,55.565373295247106,60.79,6.614456388561074,7.244626704752896
2026-04-01,2026,4,4,新北市,福容大飯店 福隆,37.13,44.126823392337926,47.06165864574506,96.36,6.996823392337923,9.93165864574506
2026-04-01,2026,4,4,新北市,美麗春天大飯店,1.67,3.6528573057192304,1.9058611320901748,2.25,1.9828573057192305,0.2358611320901749
2026-04-01,2026,4,4,新竹市,新竹國賓大飯店,70.45,69.72029548349701,66.1350191826206,74.64,0.7297045165029914,4.314980817379407
2026-04-01,2026,4,4,屏東縣,墾丁怡灣渡假酒店,47.83,45.39575257033727,41.806897817191036,49.34,2.434247429662726,6.023102182808962
2026-04-01,2026,4,4,新北市,碧特弗大飯店,13.269999999999998,17.570604923783034,17.59037645133278,10.48,4.300604923783036,4.320376451332782
2026-04-01,2026,4,4,屏東縣,凱撒大飯店,80.01,62.10780483951944,59.341759787332435,72.79,17.902195160480566,20.66824021266757
2026-04-01,2026,4,4,嘉義市,鈺通大飯店,45.22,41.4325705264268,42.01905946344672,36.81,3.787429473573198,3.2009405365532757
2026-04-01,2026,4,4,宜蘭縣,蘭城晶英酒店,49.22,65.98118781607043,64.65637437173008,67.98,16.761187816070432,15.436374371730082
2026-04-01,2026,4,4,宜蘭縣,綠舞國際觀光飯店,32.83,52.30333592857704,52.24149036356773,37.82,19.473335928577043,19.41149036356773
2026-04-01,2026,4,4,宜蘭縣,礁溪麒麟酒店,71.76,73.78392661087027,70.92910230802384,70.06,2.0239266108702623,0.8308976919761619
2026-04-01,2026,4,4,宜蘭縣,礁溪老爺酒店,73.28,77.56177903541433,76.74744654761443,77.16,4.281779035414331,3.467446547614429
2026-04-01,2026,4,4,宜蘭縣,悅川酒店,66.63,69.78812494178479,69.21958354711433,71.75,3.1581249417847914,2.58958354711433
2026-04-01,2026,4,4,宜蘭縣,幼獅大飯店,13.77,15.148637021151917,15.98726060729071,17.8,1.378637021151917,2.2172606072907097
2026-04-01,2026,4,4,宜蘭縣,山泉大飯店,67.37,66.30969522237484,65.70310680976286,63.52,1.0603047776251628,1.6668931902371469
2026-04-01,2026,4,4,宜蘭縣,凱渡廣場酒店,33.12,32.480496909600106,37.53795936377978,24.32,0.6395030903998915,4.417959363779779
2026-04-01,2026,4,4,基隆市,長榮桂冠酒店(基隆),83.52,85.06599479810485,82.80988458601801,90.17,1.5459947981048572,0.7101154139819812
2026-04-01,2026,4,4,嘉義縣,阿里山賓館(現代館),48.71,57.27999159430031,56.474106526275364,64.23,8.569991594300312,7.764106526275363
2026-04-01,2026,4,4,嘉義縣,阿里山賓館(歷史館),54.86,36.19296324909821,36.32295790777686,39.05,18.667036750901786,18.53704209222314
2026-04-01,2026,4,4,嘉義縣,名都觀光渡假大飯店,21.51,25.498227728685286,26.218566482375053,22.3,3.9882277286852847,4.708566482375051
2026-04-01,2026,4,4,宜蘭縣,長榮鳳凰酒店(礁溪),67.37,61.20978857639067,59.320849366926026,51.56,6.160211423609333,8.049150633073978
2026-04-01,2026,4,4,新竹市,新竹老爺大酒店,75.14,73.3648224863886,70.62251209518926,76.83,1.7751775136113963,4.517487904810736
2026-04-01,2026,4,4,高雄市,高雄福華大飯店,85.17,85.51378437884365,84.13146506195211,84.45,0.343784378843651,1.0385349380478885
2026-04-01,2026,4,4,新竹縣,豐邑喜來登大飯店,56.75,53.50486995114761,52.37101421090264,52.77,3.2451300488523884,4.3789857890973565
2026-04-01,2026,4,4,嘉義市,耐斯王子大飯店,69.18,53.65763882928746,53.103526851515376,61.92999999999999,15.52236117071255,16.07647314848463
2026-04-01,2026,4,4,高雄市,高雄圓山大飯店,66.67,71.53751589535146,69.46398772605824,67.4,4.86751589535146,2.7939877260582335
2026-04-01,2026,4,4,高雄市,義大皇家酒店,48.49,50.56817855028758,50.44554708783652,48.43,2.078178550287575,1.9555470878365213
2026-04-01,2026,4,4,高雄市,福容大飯店 高雄,55.93,64.96455452844732,60.42220596759952,69.69,9.034554528447323,4.492205967599517
2026-04-01,2026,4,4,高雄市,然一酒店,51.61,53.85220983920956,52.69486251617319,,2.2422098392095577,1.0848625161731889
2026-04-01,2026,4,4,高雄市,漢來大飯店,70.91,77.21239730917485,73.92888754680008,63.24999999999999,6.30239730917485,3.0188875468000873
2026-04-01,2026,4,4,高雄市,寒軒國際大飯店,74.37,76.72024365278256,75.42455296015764,77.83,2.3502436527825523,1.0545529601576362
2026-04-01,2026,4,4,金門縣,陸島酒店,53.26,45.54459667117327,43.59344575767812,53.76,7.715403328826731,9.66655424232188
2026-04-01,2026,4,4,苗栗縣,馥藝金鬱金香酒店,62.6,54.67327680336283,53.984143584701464,59.28,7.92672319663717,8.615856415298538
2026-04-01,2026,4,4,花蓮縣,遠雄悅來大飯店,42.08,37.45735613594586,36.543401584960684,37.5,4.62264386405414,5.536598415039315
2026-04-01,2026,4,4,花蓮縣,美侖大飯店,52.6,38.2329514837797,38.1731346001861,36.35,14.3670485162203,14.426865399813899
2026-04-01,2026,4,4,新竹縣,新竹喜來登大飯店,84.69,76.6094354684935,73.16323147915023,78.74,8.080564531506496,11.526768520849771
2026-04-01,2026,4,4,花蓮縣,瑞穗天合國際觀光酒店,58.3,44.91557748911119,44.22078303571144,50.88,13.384422510888804,14.079216964288555
2026-04-01,2026,4,4,澎湖縣,澎湖福朋喜來登酒店,64.7,51.449880749996495,48.278684156589954,66.03,13.250119250003507,16.42131584341005
2026-04-01,2026,4,4,澎湖縣,寶華大飯店,13.47,19.84290624314872,16.206192018578527,30.9,6.372906243148721,2.7361920185785262
2026-04-01,2026,4,4,桃園市,福容徠旅 林口,89.73,84.1912480053078,81.11001049258488,74.59,5.5387519946922055,8.619989507415127
2026-04-01,2026,4,4,桃園市,福容大飯店   桃園,71.25,72.33398999198339,69.44602613874079,80.13,1.0839899919833869,1.8039738612592089
2026-04-01,2026,4,4,桃園市,桃園國際機場凱悅酒店,67.43,67.49226209464518,62.90944052605729,67.17,0.06226209464517751,4.520559473942718
2026-04-01,2026,4,4,桃園市,桃園喜來登酒店,49.74,55.33332237040471,54.37252380381521,50.03999999999999,5.593322370404707,4.632523803815211
2026-04-01,2026,4,4,桃園市,尊爵天際大飯店,78.61,82.89407421111862,80.3056861307917,79.29,4.284074211118622,1.6956861307916995
2026-04-01,2026,4,4,桃園市,尊爵大飯店,66.25,70.54541993189038,67.57967041089222,71.07,4.295419931890379,1.32967041089222
2026-04-01,2026,4,4,桃園市,和逸飯店桃園青埔館,73.7,77.7737292069356,74.06049285054823,72.4,4.073729206935596,0.36049285054822633
2026-04-01,2026,4,4,桃園市,名人堂花園大飯店,33.54,43.86239505802333,41.43348097469946,44.48,10.322395058023332,7.893480974699457
2026-04-01,2026,4,4,桃園市,古華花園飯店,89.03,89.85396934494565,87.59196547827952,100.0,0.8239693449456524,1.438034521720482
2026-04-01,2026,4,4,桃園市,南方莊園渡假飯店,36.97,43.40752177009821,44.96424357120541,42.46,6.437521770098208,7.994243571205409
2026-04-01,2026,4,4,花蓮縣,太魯閣晶英酒店,42.67,27.64394230307379,24.51702151731404,26.06,15.026057696926213,18.152978482685963
2026-04-01,2026,4,4,台東縣,知本老爺大酒店,0.0,68.41396639328599,64.00973351606528,48.96,68.41396639328599,64.00973351606528
2026-04-01,2026,4,4,台北市,台北花園大酒店,88.11,88.99387890581987,86.76076192454158,87.12,0.8838789058198699,1.3492380754584161
2026-04-01,2026,4,4,台東縣,娜路彎大酒店,52.92,51.00466477895949,51.66924682156754,48.18,1.9153352210405146,1.2507531784324613
2026-04-01,2026,4,4,台北市,台北寒舍喜來登大飯店,74.45,78.76105036760278,77.21915616942331,80.35,4.311050367602775,2.7691561694233116
2026-04-01,2026,4,4,台北市,台北君悅酒店,83.33,80.92354686792848,79.74914573558934,78.04,2.406453132071519,3.580854264410661
2026-04-01,2026,4,4,台北市,台北君品大酒店,82.35,79.25366898471663,74.46384154357658,68.15,3.0963310152833685,7.886158456423416
2026-04-01,2026,4,4,台北市,台北凱撒大飯店,94.25,88.82662705354832,86.50290750080136,89.93,5.4233729464516784,7.747092499198644
2026-04-01,2026,4,4,台北市,台北中山雅樂軒酒店,87.5,85.02183641043013,83.02884101387554,85.72,2.478163589569874,4.471158986124465
2026-04-01,2026,4,4,台北市,台北W飯店,86.48,79.33046671680178,78.84671667644255,81.5,7.149533283198224,7.63328332355745
2026-04-01,2026,4,4,台北市,北投麗禧溫泉酒店,57.02,64.0692732013125,62.747039929778154,51.21,7.049273201312495,5.727039929778151
2026-04-01,2026,4,4,台北市,北投老爺酒店,76.4,78.20657880637968,75.86566375834919,76.6,1.806578806379676,0.5343362416508199
2026-04-01,2026,4,4,台北市,兄弟大飯店,62.74999999999999,69.50918675952133,66.84047997291069,61.71,6.759186759521334,4.090479972910693
2026-04-01,2026,4,4,台北市,亞都麗緻大飯店,68.26,67.86702633236038,64.99579749987835,54.0,0.39297366763962316,3.2642025001216552
2026-04-01,2026,4,4,台北市,三德大飯店,62.18,55.277197695320595,54.32800435453762,50.77,6.902802304679405,7.851995645462381
2026-04-01,2026,4,4,台北市,JR東日本大飯店台北,83.77,85.57251112569249,84.6260887985513,81.96,1.8025111256924902,0.8560887985512977
2026-04-01,2026,4,4,台中市,龍谷大飯店,23.26,24.338095749625108,24.61248182908184,24.27,1.0780957496251062,1.3524818290818388
2026-04-01,2026,4,4,台中市,長榮桂冠酒店(台中),77.83,56.0856637272002,54.69519383404118,52.22,21.7443362727998,23.13480616595882
2026-04-01,2026,4,4,台中市,通豪大飯店,37.92,52.07880147240573,52.03244809752406,46.61,14.158801472405727,14.112448097524059
2026-04-01,2026,4,4,台中市,裕元花園酒店,76.96,83.61149133317883,81.89118436801819,82.93,6.651491333178839,4.931184368018194
2026-04-01,2026,4,4,台中市,台中金典酒店,74.79,71.85865857848734,70.60467032553967,75.74,2.93134142151267,4.185329674460334
2026-04-01,2026,4,4,台中市,台中福華大飯店,87.96,88.59396386910701,86.37332286493594,86.3,0.6339638691070206,1.5866771350640505
2026-04-01,2026,4,4,台中市,台中港酒店,84.73,78.63309799031016,74.07471505840631,89.32,6.096902009689842,10.655284941593692
2026-04-01,2026,4,4,台中市,全國大飯店,51.57000000000001,54.86578601752547,55.00310182726211,47.6,3.295786017525465,3.4331018272620994
2026-04-01,2026,4,4,南投縣,雲品溫泉酒店日月潭,66.34,70.82930220277258,69.73208947661344,70.0,4.489302202772578,3.3920894766134353
2026-04-01,2026,4,4,南投縣,漢來日月行館,60.42999999999999,61.55742486989949,60.34917939125181,47.63,1.1274248698994995,0.08082060874818353
2026-04-01,2026,4,4,南投縣,涵碧樓大飯店,75.35,76.70318782316313,76.40494905145688,76.11,1.3531878231631396,1.0549490514568873
2026-04-01,2026,4,4,南投縣,日月潭力麗溫德姆溫泉酒店,42.59,52.46425354926678,52.83011975377022,46.38,9.874253549266776,10.240119753770216
2026-04-01,2026,4,4,高雄市,高雄萬豪酒店,52.24,68.30772166845433,66.75330599402872,64.5,16.067721668454332,14.51330599402872
2026-04-01,2026,4,4,台北市,台北寒舍艾美酒店,88.52,86.9323340107527,86.29218503328657,85.6,1.5876659892472986,2.2278149667134244
2026-04-01,2026,4,4,台北市,台北漢來大飯店,62.93,60.6808542278933,57.70717512717019,61.27,2.2491457721067007,5.222824872829811
2026-04-01,2026,4,4,台北市,台北美福大飯店,66.19,70.251145830921,67.55136817258088,65.14,4.0611458309210064,1.3613681725808817
2026-04-01,2026,4,4,台北市,台北艾麗酒店,82.34,81.71702411441355,80.8663818701275,80.44,0.622975885586456,1.4736181298725057
2026-04-01,2026,4,4,台東縣,台東桂田喜來登酒店,58.43000000000001,51.58444590620283,51.66400715687253,54.05,6.845554093797176,6.765992843127478
2026-04-01,2026,4,4,台南市,遠百企業觀光旅館,15.560000000000002,15.647967670960059,13.973371072280418,6.67,0.08796767096005631,1.586628927719584
2026-04-01,2026,4,4,台南市,趣淘漫旅,67.46,54.40006487066629,54.103057618658234,49.1,13.059935129333702,13.35694238134176
2026-04-01,2026,4,4,台南市,台糖長榮酒店(台南),71.08,64.95029001236912,62.085162845813635,76.8,6.129709987630875,8.994837154186364
2026-04-01,2026,4,4,台南市,台南遠東香格里拉,78.31,77.37306194551526,76.04501286686641,77.61,0.9369380544847417,2.2649871331335873
2026-04-01,2026,4,4,台南市,台南大飯店,73.33,68.53648725195858,66.61645532386466,58.99,4.793512748041422,6.713544676135342
2026-04-01,2026,4,4,台南市,台南大員皇冠假日酒店,63.84000000000001,65.88174004090699,64.16480725842699,56.49000000000001,2.04174004090698,0.3248072584269792
2026-04-01,2026,4,4,台北市,雀客藏居台北陽明山,52.33,65.24709782294242,57.63999607556315,66.53,12.917097822942424,5.309996075563149
2026-04-01,2026,4,4,台北市,雀客旅館台北南京,87.8,84.34113946035359,81.60280274080735,79.94,3.458860539646409,6.197197259192649
2026-04-01,2026,4,4,台北市,豪景大酒店,59.03,68.11071251120414,65.43465921595553,56.78,9.08071251120414,6.404659215955533
2026-04-01,2026,4,4,台北市,老爺大酒店,90.31,88.14660435287679,86.49764914633107,87.49,2.1633956471232096,3.8123508536689314
2026-04-01,2026,4,4,台北市,義華酒店,65.28,64.55599608337735,56.499274580262316,60.67,0.7240039166226495,8.780725419737685
2026-04-01,2026,4,4,台東縣,樂樂日暉溫泉酒店,31.46,32.60628182213672,30.17566810120819,37.08,1.1462818221367215,1.2843318987918124
2026-04-01,2026,4,4,台北市,美麗信花園酒店,99.0,92.98320599591284,89.46568712784625,95.22,6.01679400408716,9.534312872153748
2026-04-01,2026,4,4,台北市,福華大飯店,27.48,75.90317592194721,72.63283981044538,69.39,48.423175921947205,45.15283981044537
2026-04-01,2026,4,4,台北市,福容大飯店  台北一館,75.69,67.7346978531601,66.12033334852254,56.720000000000006,7.955302146839898,9.569666651477462
2026-04-01,2026,4,4,台北市,漢普頓酒店,79.11,81.86936873646758,80.34341010400539,79.34,2.7593687364675787,1.2334101040053866
2026-04-01,2026,4,4,台北市,歐華酒店,47.05,50.42124626663653,49.82526247486664,47.17,3.3712462666365326,2.7752624748666435
2026-04-01,2026,4,4,台北市,晶華酒店,84.34,83.54173066757096,82.21198025128305,80.83,0.7982693324290437,2.1280197487169517
2026-04-01,2026,4,4,台北市,日勝生加賀屋國際溫泉飯店,32.17,39.654288357652334,42.09891606934565,38.54,7.484288357652332,9.928916069345647
2026-04-01,2026,4,4,台北市,天成大飯店,98.7,90.37346751122031,88.31435295885775,91.07,8.32653248877969,10.38564704114225
2026-04-01,2026,4,4,台北市,圓山大飯店,68.89,78.22680441325956,75.32734286045495,68.89,9.336804413259557,6.437342860454947
2026-04-01,2026,4,4,台北市,國聯大飯店,44.79,54.25608033308971,53.43815490945109,46.61,9.466080333089714,8.648154909451094
2026-04-01,2026,4,4,台北市,國王大飯店,60.07,70.13146052558874,68.10676438977933,68.9,10.061460525588735,8.036764389779329
2026-04-01,2026,4,4,台北市,台北遠東香格里拉,77.68,76.84684050149768,76.23129015515792,79.83,0.8331594985023258,1.4487098448420852
2026-04-01,2026,4,4,台北市,台北萬豪酒店,94.48,87.37170053748858,86.57297739273446,91.01,7.108299462511425,7.907022607265546
2026-04-01,2026,4,4,台北市,第一大飯店,46.7,49.516488336218785,49.027555461022544,35.68,2.8164883362187823,2.3275554610225413
2026-04-01,2026,4,4,高雄市,麗尊大酒店,63.13999999999999,71.4919839986676,67.36907177691694,65.74,8.351983998667613,4.229071776916946
2026-05-01,2026,5,5,屏東縣,墾丁福華渡假飯店,53.77000000000001,41.070681828083224,44.56557072174989,40.533878010987,12.699318171916786,9.204429278250117
2026-05-01,2026,5,5,新北市,八里福朋喜來登酒店,28.08,46.629784687903985,49.518729219757375,38.963994110561,18.549784687903987,21.438729219757377
2026-05-01,2026,5,5,新北市,大板根渡假酒店,74.77,69.11294051247229,72.50473315467943,74.193548387097,5.657059487527704,2.2652668453205678
2026-05-01,2026,5,5,新北市,板橋凱撒大飯店,96.33,86.569462451118,88.15076331054438,93.911290322581,9.760537548881999,8.179236689455621
2026-05-01,2026,5,5,新北市,瓏山林台北中和飯店,54.63,64.86298733690502,66.70682294488833,61.725550435228,10.232987336905019,12.076822944888328
2026-05-01,2026,5,5,新北市,福容大飯店    淡水漁人碼頭,55.73,53.70473323479821,56.26004938626467,53.27468230694,2.025266765201785,0.5300493862646718
2026-05-01,2026,5,5,新北市,福容大飯店 福隆,41.49,44.88443145643454,49.42391694381836,57.916203188728,3.394431456434539,7.93391694381836
2026-05-01,2026,5,5,新北市,美麗春天大飯店,2.09,4.068569057871638,3.311797788016335,2.8462998102467,1.9785690578716384,1.2217977880163353
2026-05-01,2026,5,5,新竹市,新竹國賓大飯店,67.57,67.58620498022383,69.48498704995184,71.921676917284,0.016204980223832877,1.914987049951847
2026-05-01,2026,5,5,屏東縣,墾丁怡灣渡假酒店,47.31,47.424906606793485,46.09639129832935,55.18334711883101,0.11490660679348252,1.2136087016706512
2026-05-01,2026,5,5,新北市,碧特弗大飯店,18.12,15.289760631978446,17.22771324972813,12.434017595308,2.830239368021555,0.8922867502718717
2026-05-01,2026,5,5,屏東縣,凱撒大飯店,80.13,61.375734552687845,61.64559120232331,74.97417058891101,18.75426544731215,18.484408797676686
2026-05-01,2026,5,5,嘉義市,鈺通大飯店,43.47,39.439127397827086,41.47161015987408,35.994623655914,4.030872602172913,1.9983898401259168
2026-05-01,2026,5,5,宜蘭縣,蘭城晶英酒店,53.75,66.05986871891923,69.07902756986496,72.35500584990801,12.309868718919233,15.329027569864962
2026-05-01,2026,5,5,宜蘭縣,綠舞國際觀光飯店,40.66,49.735076219018126,51.16533430449983,39.394804453326,9.075076219018129,10.505334304499833
2026-05-01,2026,5,5,宜蘭縣,礁溪麒麟酒店,67.65,71.0100475536022,70.9541452283013,58.392891636083,3.3600475536022003,3.3041452283012944
2026-05-01,2026,5,5,宜蘭縣,礁溪老爺酒店,71.87,74.54155221109929,77.58009300069735,70.41100376617,2.671552211099282,5.710093000697341
2026-05-01,2026,5,5,宜蘭縣,悅川酒店,73.94,67.5412891371571,70.57281127641777,64.73535859693101,6.398710862842904,3.367188723582231
2026-05-01,2026,5,5,宜蘭縣,幼獅大飯店,10.96,13.240231258821357,16.26316546619135,11.138161898965,2.280231258821356,5.3031654661913485
2026-05-01,2026,5,5,宜蘭縣,山泉大飯店,49.09,65.12815870417705,68.69731840579573,68.117543084401,16.03815870417705,19.607318405795723
2026-05-01,2026,5,5,宜蘭縣,凱渡廣場酒店,42.73,31.76094796036691,38.170340670773975,35.812110922467,10.969052039633088,4.559659329226022
2026-05-01,2026,5,5,基隆市,長榮桂冠酒店(基隆),85.76,82.69092042133241,84.93356837394535,86.589861751152,3.0690795786675977,0.8264316260546565
2026-05-01,2026,5,5,嘉義縣,阿里山賓館(現代館),42.23,52.81767062318424,55.9248901013584,52.171215880892994,10.587670623184245,13.694890101358403
2026-05-01,2026,5,5,嘉義縣,阿里山賓館(歷史館),43.13,32.070218121426215,35.43606517390284,32.258064516129,11.059781878573787,7.693934826097163
2026-05-01,2026,5,5,嘉義縣,名都觀光渡假大飯店,19.95,23.670016902761937,27.4460765293948,21.48320585301,3.7200169027619374,7.496076529394802
2026-05-01,2026,5,5,宜蘭縣,長榮鳳凰酒店(礁溪),57.79,60.63673794672008,61.659978296701986,59.36321742773401,2.846737946720083,3.869978296701987
2026-05-01,2026,5,5,新竹市,新竹老爺大酒店,74.78,71.31817483865257,74.50169259705066,78.179280397022,3.4618251613474342,0.27830740294933776
2026-05-01,2026,5,5,高雄市,高雄福華大飯店,77.86,84.04463266936942,85.13233520647907,81.53791215331499,6.184632669369421,7.27233520647907
2026-05-01,2026,5,5,新竹縣,豐邑喜來登大飯店,58.48,51.80200269038296,54.72461660691999,52.604166666667,6.677997309617034,3.7553833930800096
2026-05-01,2026,5,5,嘉義市,耐斯王子大飯店,64.23,49.84886924840036,52.74088404835545,47.307439104674,14.381130751599642,11.489115951644557
2026-05-01,2026,5,5,高雄市,高雄圓山大飯店,47.07,68.26523899078167,70.4030624387095,60.460829493088,21.195238990781668,23.333062438709497
2026-05-01,2026,5,5,高雄市,義大皇家酒店,41.59,46.96986797361458,49.518729219757375,41.684697088906,5.37986797361458,7.928729219757372
2026-05-01,2026,5,5,高雄市,福容大飯店 高雄,59.43000000000001,65.13253148689503,60.35454572526379,72.851612903226,5.702531486895026,0.9245457252637834
2026-05-01,2026,5,5,高雄市,然一酒店,59.62,48.68312162823286,51.981151411900335,40.618828176432,10.936878371767136,7.638848588099663
2026-05-01,2026,5,5,高雄市,漢來大飯店,59.32999999999999,74.85493698422613,74.88494171933756,71.257160084414,15.524936984226137,15.55494171933757
2026-05-01,2026,5,5,高雄市,寒軒國際大飯店,86.69,73.65938241569927,75.00640314341021,68.289713937918,13.030617584300728,11.683596856589787
2026-05-01,2026,5,5,金門縣,陸島酒店,72.75,44.95881076093728,44.40997817938685,59.780370624571,27.791189239062717,28.340021820613153
2026-05-01,2026,5,5,苗栗縣,馥藝金鬱金香酒店,66.51,53.598849165202815,54.4157563042822,52.23779766931301,12.91115083479719,12.094243695717807
2026-05-01,2026,5,5,花蓮縣,遠雄悅來大飯店,46.44,38.41849568162256,38.983196550524674,38.591143848954005,8.021504318377438,7.4568034494753235
2026-05-01,2026,5,5,花蓮縣,美侖大飯店,57.95,36.53858617674493,38.49428561415123,35.235732009926004,21.411413823255074,19.455714385848772
2026-05-01,2026,5,5,新竹縣,新竹喜來登大飯店,87.28,75.01194507048415,76.42114712654279,78.497409326425,12.268054929515856,10.85885287345721
2026-05-01,2026,5,5,花蓮縣,瑞穗天合國際觀光酒店,55.33,43.282285615482024,43.125979530646035,38.579341805148,12.047714384517974,12.204020469353964
2026-05-01,2026,5,5,澎湖縣,澎湖福朋喜來登酒店,70.18,54.38654783927223,54.30214656588654,73.180001949128,15.793452160727774,15.877853434113469
2026-05-01,2026,5,5,澎湖縣,寶華大飯店,32.04,23.944138580552277,21.489407559153154,59.677419354839,8.095861419447722,10.550592440846845
2026-05-01,2026,5,5,桃園市,福容徠旅 林口,84.61,83.97641008766904,84.35071162232276,85.667893483438,0.6335899123309616,0.2592883776772368
2026-05-01,2026,5,5,桃園市,福容大飯店   桃園,66.0,70.14150241469895,71.6714564360709,71.765331442751,4.141502414698948,5.671456436070898
2026-05-01,2026,5,5,桃園市,桃園國際機場凱悅酒店,63.35999999999999,65.15129055379572,64.19328298412125,61.547844944429,1.7912905537957258,0.8332829841212614
2026-05-01,2026,5,5,桃園市,桃園喜來登酒店,50.91,53.02352376976696,56.11043474692591,44.973544973545,2.1135237697669638,5.2004347469259145
2026-05-01,2026,5,5,桃園市,尊爵天際大飯店,73.85,80.76428543690888,81.85442692007433,76.103225806452,6.914285436908884,8.004426920074337
2026-05-01,2026,5,5,桃園市,尊爵大飯店,60.150000000000006,68.64088244544239,69.64715537374522,65.522343888724,8.49088244544238,9.497155373745215
2026-05-01,2026,5,5,桃園市,和逸飯店桃園青埔館,77.42,75.06209815101938,75.08909529440018,69.562000591891,2.3579018489806174,2.3309047055998207
2026-05-01,2026,5,5,桃園市,名人堂花園大飯店,39.72,42.54607417545364,43.47383934136403,40.54939516129,2.826074175453641,3.753839341364028
2026-05-01,2026,5,5,桃園市,古華花園飯店,82.64,86.70505611768623,88.13230288065017,87.147375079064,4.065056117686225,5.492302880650172
2026-05-01,2026,5,5,桃園市,南方莊園渡假飯店,29.469999999999995,41.6933078133688,46.47563148417973,41.296134844522,12.223307813368802,17.005631484179734
2026-05-01,2026,5,5,花蓮縣,太魯閣晶英酒店,38.75,27.758089187792788,24.40592044664839,23.770161290323,10.991910812207212,14.344079553351609
2026-05-01,2026,5,5,台東縣,知本老爺大酒店,0.0,63.73405656928561,62.38669048791261,39.666784828075,63.73405656928561,62.38669048791261
2026-05-01,2026,5,5,台北市,台北花園大酒店,88.8,86.59140786747804,88.73776748950152,87.136929460581,2.2085921325219573,0.062232510498475335
2026-05-01,2026,5,5,台東縣,娜路彎大酒店,52.91,47.74463371441857,50.51200427596117,43.824569155988,5.1653662855814275,2.3979957240388288
2026-05-01,2026,5,5,台北市,台北寒舍喜來登大飯店,71.63,77.94296777983529,82.25690361667635,82.89103525881501,6.31296777983529,10.626903616676358
2026-05-01,2026,5,5,台北市,台北君悅酒店,79.65,76.78363888837416,80.9421839683908,71.45351043643299,2.8663611116258494,1.2921839683907876
2026-05-01,2026,5,5,台北市,台北君品大酒店,76.9,75.14220504859458,76.08867686535267,61.74148432212901,1.7577949514054296,0.8113231346473384
2026-05-01,2026,5,5,台北市,台北凱撒大飯店,91.15,87.23472559896649,89.1959888628464,93.001754622756,3.915274401033514,1.9540111371536
2026-05-01,2026,5,5,台北市,台北中山雅樂軒酒店,83.32,84.53734491388919,84.96606822202386,85.22727272727299,1.2173449138891925,1.646068222023871
2026-05-01,2026,5,5,台北市,台北W飯店,83.78,74.7054732104732,78.679177119939,73.970529669454,9.0745267895268,5.100822880061003
2026-05-01,2026,5,5,台北市,北投麗禧溫泉酒店,53.52,57.34899617391244,60.58997712954215,42.570869990225,3.8289961739124365,7.069977129542146
2026-05-01,2026,5,5,台北市,北投老爺酒店,66.19,73.64144537005659,74.75649079294534,67.80645161290299,7.4514453700565895,8.566490792945345
2026-05-01,2026,5,5,台北市,兄弟大飯店,56.720000000000006,67.2974867683882,69.85639277835836,62.193548387097,10.57748676838819,13.13639277835835
2026-05-01,2026,5,5,台北市,亞都麗緻大飯店,60.83,64.47247934517941,67.95482020943419,56.296950950066005,3.64247934517941,7.124820209434191
2026-05-01,2026,5,5,台北市,三德大飯店,57.69,54.04670562573282,57.348393140785745,53.321344273351,3.643294374267178,0.34160685921425227
2026-05-01,2026,5,5,台北市,JR東日本大飯店台北,80.35,83.49578572219328,86.34425853352974,81.653225806452,3.1457857221932812,5.994258533529745
2026-05-01,2026,5,5,台中市,龍谷大飯店,23.91,22.600627193905083,23.771099127118372,19.901006997781,1.3093728060949168,0.1389008728816279
2026-05-01,2026,5,5,台中市,長榮桂冠酒店(台中),74.96,54.44724380007665,56.84744493221503,53.18935666119901,20.512756199923345,18.11255506778496
2026-05-01,2026,5,5,台中市,通豪大飯店,39.01,47.46444764422753,50.207953014485575,41.150442477876,8.454447644227535,11.197953014485577
2026-05-01,2026,5,5,台中市,裕元花園酒店,78.65,82.17628913925546,84.81775331085265,86.750378869885,3.5262891392554536,6.167753310852646
2026-05-01,2026,5,5,台中市,台中金典酒店,78.26,70.33213485040244,73.21253614571411,74.396977622784,7.927865149597565,5.047463854285894
2026-05-01,2026,5,5,台中市,台中福華大飯店,87.12,85.12383268776668,86.79258978044122,82.49739854318399,1.9961673122333252,0.3274102195587858
2026-05-01,2026,5,5,台中市,台中港酒店,73.6,78.1649829697194,76.9242395358009,88.209677419355,4.564982969719409,3.324239535800899
2026-05-01,2026,5,5,台中市,全國大飯店,49.53,53.50566800018625,56.62851485569036,46.284885828199,3.9756680001862463,7.098514855690361
2026-05-01,2026,5,5,南投縣,雲品溫泉酒店日月潭,64.19,68.49854975648465,70.47169941589874,63.814866760168,4.308549756484652,6.281699415898743
2026-05-01,2026,5,5,南投縣,漢來日月行館,72.67,57.631560829955596,60.53598613468667,55.220256677072,15.038439170044406,12.134013865313335
2026-05-01,2026,5,5,南投縣,涵碧樓大飯店,74.87,74.14533789405989,77.41331590867492,77.184139784946,0.7246621059401122,2.543315908674913
2026-05-01,2026,5,5,南投縣,日月潭力麗溫德姆溫泉酒店,41.03,49.25464150892381,52.580788211648866,40.46176518749,8.22464150892381,11.550788211648864
2026-05-01,2026,5,5,高雄市,高雄萬豪酒店,59.150000000000006,66.70161468711004,68.86716756099668,62.967741935484,7.551614687110032,9.717167560996671
2026-05-01,2026,5,5,台北市,台北寒舍艾美酒店,86.79,85.53272353757878,88.003640390037,83.729838709677,1.2572764624212311,1.2136403900369999
2026-05-01,2026,5,5,台北市,台北漢來大飯店,60.99,55.64579359132965,58.530981096926254,58.482958003652,5.3442064086703525,2.4590189030737477
2026-05-01,2026,5,5,台北市,台北美福大飯店,64.36,68.9637365495453,70.08746444348213,62.08572691118,4.603736549545303,5.727464443482134
2026-05-01,2026,5,5,台北市,台北艾麗酒店,80.91,79.88895265235301,83.4850881618882,81.90803019903899,1.0210473476469843,2.5750881618882033
2026-05-01,2026,5,5,台東縣,台東桂田喜來登酒店,52.96999999999999,49.758238675078125,52.27916420714949,50.889877641824,3.2117613249218664,0.6908357928504998
2026-05-01,2026,5,5,台南市,遠百企業觀光旅館,15.05,13.864855070840806,14.38407464349523,11.290322580645,1.1851449291591951,0.6659253565047702
2026-05-01,2026,5,5,台南市,趣淘漫旅,69.08,54.64594844983248,55.93627332909723,55.061878677216,14.434051550167517,13.143726670902765
2026-05-01,2026,5,5,台南市,台糖長榮酒店(台南),77.21,65.40544646360937,65.5531923545703,68.904535778615,11.804553536390628,11.656807645429694
2026-05-01,2026,5,5,台南市,台南遠東香格里拉,76.79,74.19047443595313,77.71700372892002,69.291492057304,2.5995255640468713,0.9270037289200133
2026-05-01,2026,5,5,台南市,台南大飯店,81.56,62.179565533265894,64.24075329146402,52.504244482173,19.38043446673411,17.319246708535985
2026-05-01,2026,5,5,台南市,台南大員皇冠假日酒店,63.13999999999999,63.903148584033985,67.2550481512969,58.387096774194006,0.763148584033992,4.115048151296911
2026-05-01,2026,5,5,台北市,雀客藏居台北陽明山,48.06,58.7137750179934,56.14105108743924,53.032258064516,10.653775017993397,8.081051087439235
2026-05-01,2026,5,5,台北市,雀客旅館台北南京,86.87,86.2856987661514,85.38759491116723,98.675115207373,0.5843012338486062,1.4824050888327776
2026-05-01,2026,5,5,台北市,豪景大酒店,56.64,61.10229354987206,63.44810997060565,46.488655656737,4.462293549872058,6.808109970605649
2026-05-01,2026,5,5,台北市,老爺大酒店,87.34,86.56677593930117,89.30940239903785,89.31651229639101,0.773224060698837,1.9694023990378469
2026-05-01,2026,5,5,台北市,義華酒店,64.23,61.6241918250287,57.361668726397035,53.929421952804,2.605808174971301,6.868331273602969
2026-05-01,2026,5,5,台東縣,樂樂日暉溫泉酒店,41.26,29.955236424130977,29.59330702132031,25.067204301075,11.304763575869021,11.666692978679688
2026-05-01,2026,5,5,台北市,美麗信花園酒店,97.63,91.26982702076492,90.85191452762783,96.218020022247,6.360172979235074,6.778085472372169
2026-05-01,2026,5,5,台北市,福華大飯店,0.59,72.67530406677926,75.29862777796292,65.86819972319799,72.08530406677926,74.70862777796292
2026-05-01,2026,5,5,台北市,福容大飯店  台北一館,73.87,65.21071204556539,69.23232155897608,62.876344086022,8.659287954434618,4.6376784410239225
2026-05-01,2026,5,5,台北市,漢普頓酒店,75.51,79.9128134849363,81.4658051460448,77.019461476939,4.4028134849362885,5.955805146044796
2026-05-01,2026,5,5,台北市,歐華酒店,39.06,46.72617461738867,49.98272666066726,43.807603686636,7.66617461738867,10.922726660667259
2026-05-01,2026,5,5,台北市,晶華酒店,85.78,79.97377968148929,83.0324447481564,79.42798896750199,5.806220318510711,2.7475552518436075
2026-05-01,2026,5,5,台北市,日勝生加賀屋國際溫泉飯店,27.940000000000005,33.5561024813883,39.45510960628986,28.959768031896,5.616102481388296,11.515109606289855
2026-05-01,2026,5,5,台北市,天成大飯店,95.5,87.62394225792936,89.53606158989827,91.770609318996,7.876057742070643,5.963938410101733
2026-05-01,2026,5,5,台北市,圓山大飯店,83.5,74.72076448735473,75.88150608143103,69.01725431357801,8.779235512645272,7.618493918568973
2026-05-01,2026,5,5,台北市,國聯大飯店,49.21,52.99744855228071,55.606593586367346,51.056729699666,3.7874485522807078,6.396593586367345
2026-05-01,2026,5,5,台北市,國王大飯店,65.71,69.17158523448234,71.44392197279679,73.262387761889,3.4615852344823423,5.733921972796793
2026-05-01,2026,5,5,台北市,台北遠東香格里拉,71.04,74.05040179587351,78.26493490480357,72.411674347158,3.0104017958735056,7.224934904803561
2026-05-01,2026,5,5,台北市,台北萬豪酒店,91.69,86.15864722679015,89.03657540028696,90.484885372286,5.531352773209846,2.653424599713034
2026-05-01,2026,5,5,台北市,第一大飯店,38.58,46.16193153185945,51.18509245752872,41.422287390029,7.581931531859453,12.60509245752872
2026-05-01,2026,5,5,高雄市,麗尊大酒店,51.63,68.11929230631908,67.91407401842919,57.944406314345,16.48929230631908,16.284074018429187
2026-06-01,2026,6,6,屏東縣,墾丁福華渡假飯店,53.36,43.92133417970786,45.24376243657036,39.77,9.438665820292137,8.116237563429642
2026-06-01,2026,6,6,新北市,八里福朋喜來登酒店,32.85,43.85953272639895,45.82602496369422,29.49,11.009532726398952,12.976024963694222
2026-06-01,2026,6,6,新北市,大板根渡假酒店,72.49,68.19324218303903,68.54526718941861,68.49,4.296757816960962,3.9447328105813853
2026-06-01,2026,6,6,新北市,板橋凱撒大飯店,93.0,87.56664435629102,86.16679040099467,92.96,5.433355643708978,6.833209599005329
2026-06-01,2026,6,6,新北市,瓏山林台北中和飯店,62.78,60.179112076016786,60.24225340590863,48.94,2.6008879239832154,2.5377465940913737
2026-06-01,2026,6,6,新北市,福容大飯店    淡水漁人碼頭,76.45,54.092490983495864,54.70796907630489,56.03,22.35750901650414,21.74203092369511
2026-06-01,2026,6,6,新北市,福容大飯店 福隆,55.71,48.27855375167687,50.47345509578687,59.89,7.431446248323134,5.236544904213133
2026-06-01,2026,6,6,新北市,美麗春天大飯店,1.76,7.7209921348785615,3.1394234909303447,1.76,5.960992134878562,1.3794234909303447
2026-06-01,2026,6,6,新竹市,新竹國賓大飯店,77.55,67.76253468953611,68.61729501633079,74.46,9.787465310463887,8.932704983669211
2026-06-01,2026,6,6,屏東縣,墾丁怡灣渡假酒店,51.38,47.57075176521197,46.63891923077367,46.88,3.809248234788029,4.741080769226329
2026-06-01,2026,6,6,新北市,碧特弗大飯店,15.7,15.093665023374218,16.42230189237346,9.52,0.6063349766257815,0.7223018923734621
2026-06-01,2026,6,6,屏東縣,凱撒大飯店,79.55,64.85833691628515,61.72550528044401,80.38,14.691663083714843,17.824494719555986
2026-06-01,2026,6,6,嘉義市,鈺通大飯店,26.61,35.89307460259962,39.433704939047324,31.03,9.28307460259962,12.823704939047325
2026-06-01,2026,6,6,宜蘭縣,蘭城晶英酒店,58.93000000000001,68.54267468763739,69.74550676075894,76.48,9.61267468763738,10.815506760758936
2026-06-01,2026,6,6,宜蘭縣,綠舞國際觀光飯店,38.33,49.294779603909504,49.27749356849412,39.71,10.964779603909506,10.947493568494124
2026-06-01,2026,6,6,宜蘭縣,礁溪麒麟酒店,66.09,69.83161854422488,68.3423755188764,60.34,3.7416185442248775,2.2523755188763914
2026-06-01,2026,6,6,宜蘭縣,礁溪老爺酒店,71.22,72.81767985161868,74.2213042120899,69.2,1.597679851618679,3.001304212089906
2026-06-01,2026,6,6,宜蘭縣,悅川酒店,78.77,66.65357341559506,68.43609973269335,69.29,12.116426584404934,10.333900267306646
2026-06-01,2026,6,6,宜蘭縣,幼獅大飯店,11.38,13.940944489251454,15.61913160116859,14.029999999999998,2.560944489251453,4.239131601168589
2026-06-01,2026,6,6,宜蘭縣,山泉大飯店,44.47,64.46092647015529,66.0554924025398,57.65,19.990926470155287,21.5854924025398
2026-06-01,2026,6,6,宜蘭縣,凱渡廣場酒店,52.22,35.414879260642344,39.91723484882942,47.17,16.805120739357655,12.302765151170576
2026-06-01,2026,6,6,基隆市,長榮桂冠酒店(基隆),84.02,84.67057623721618,84.06755022641433,85.74,0.6505762372161854,0.047550226414330155
2026-06-01,2026,6,6,嘉義縣,阿里山賓館(現代館),45.77,54.884371149547846,55.91093015753952,64.62,9.114371149547843,10.140930157539515
2026-06-01,2026,6,6,嘉義縣,阿里山賓館(歷史館),45.71,34.329628273976596,36.951934805219125,39.52,11.380371726023405,8.758065194780876
2026-06-01,2026,6,6,嘉義縣,名都觀光渡假大飯店,13.2,25.494626976744204,28.49903695595499,16.19,12.294626976744205,15.299036955954989
2026-06-01,2026,6,6,宜蘭縣,長榮鳳凰酒店(礁溪),51.4,58.33414947832304,58.74628706685525,53.85,6.934149478323043,7.346287066855254
2026-06-01,2026,6,6,新竹市,新竹老爺大酒店,79.05,73.7862622324323,73.68823849518743,82.55,5.26373776756769,5.361761504812563
2026-06-01,2026,6,6,高雄市,高雄福華大飯店,77.4,82.70514656712862,82.80963910975623,79.18,5.305146567128617,5.4096391097562275
2026-06-01,2026,6,6,新竹縣,豐邑喜來登大飯店,62.64999999999999,52.18653193964475,54.61534119067741,51.74999999999999,10.46346806035524,8.034658809322579
2026-06-01,2026,6,6,嘉義市,耐斯王子大飯店,54.48,48.26012113434742,49.33285081629847,41.88,6.219878865652575,5.147149183701529
2026-06-01,2026,6,6,高雄市,高雄圓山大飯店,42.54,67.05910171914569,66.89765672930316,56.28999999999999,24.519101719145688,24.357656729303166
2026-06-01,2026,6,6,高雄市,義大皇家酒店,45.84,47.505351872741436,49.608798653228426,44.27,1.6653518727414323,3.768798653228423
2026-06-01,2026,6,6,高雄市,福容大飯店 高雄,46.35,66.27455388924459,60.48551719810188,70.85,19.924553889244585,14.13551719810188
2026-06-01,2026,6,6,高雄市,然一酒店,61.03999999999999,45.52923334349596,47.69592247543859,29.75,15.510766656504032,13.3440775245614
2026-06-01,2026,6,6,高雄市,漢來大飯店,62.64999999999999,73.58035947336381,72.05956059279404,61.41,10.930359473363822,9.409560592794051
2026-06-01,2026,6,6,高雄市,寒軒國際大飯店,85.1,71.84402868277938,72.13443260067372,67.15,13.255971317220613,12.965567399326275
2026-06-01,2026,6,6,金門縣,陸島酒店,77.09,44.03500089681811,44.72758798120833,47.16,33.05499910318189,32.36241201879167
2026-06-01,2026,6,6,苗栗縣,馥藝金鬱金香酒店,60.65999999999999,54.649325055650216,55.14410551725308,58.85,6.010674944349773,5.5158944827469085
2026-06-01,2026,6,6,花蓮縣,遠雄悅來大飯店,55.02,41.899125524349614,41.796521521425056,45.42,13.120874475650389,13.223478478574947
2026-06-01,2026,6,6,花蓮縣,美侖大飯店,60.0,38.80697503072697,40.23918282860462,36.06,21.193024969273033,19.76081717139538
2026-06-01,2026,6,6,新竹縣,新竹喜來登大飯店,93.49,74.33890914951705,75.35474782151083,77.23,19.151090850482944,18.135252178489168
2026-06-01,2026,6,6,花蓮縣,瑞穗天合國際觀光酒店,69.44,46.33048040251943,46.829626872818494,54.92,23.10951959748057,22.610373127181504
2026-06-01,2026,6,6,澎湖縣,澎湖福朋喜來登酒店,72.5,57.442910293516995,59.460752460488436,76.59,15.057089706483005,13.039247539511564
2026-06-01,2026,6,6,澎湖縣,寶華大飯店,28.559999999999995,24.919266942692527,24.105753926313508,46.04,3.640733057307468,4.4542460736864875
2026-06-01,2026,6,6,桃園市,福容徠旅 林口,85.17,83.86171643988513,82.17980767840476,81.66,1.308283560114873,2.990192321595245
2026-06-01,2026,6,6,桃園市,福容大飯店   桃園,75.84,71.07077450697211,70.22273620191444,71.9,4.769225493027889,5.61726379808556
2026-06-01,2026,6,6,桃園市,桃園國際機場凱悅酒店,58.4,65.03500821042776,63.96257738296845,57.50999999999999,6.635008210427763,5.562577382968449
2026-06-01,2026,6,6,桃園市,桃園喜來登酒店,41.9,51.26521893870874,52.35731760779478,40.09,9.365218938708743,10.457317607794785
2026-06-01,2026,6,6,桃園市,尊爵天際大飯店,70.83,79.15538994980385,78.89147026491506,66.85,8.32538994980385,8.061470264915059
2026-06-01,2026,6,6,桃園市,尊爵大飯店,60.89,68.4363687037637,67.06894679466508,59.51,7.546368703763704,6.17894679466508
2026-06-01,2026,6,6,桃園市,和逸飯店桃園青埔館,79.72,74.47656877847061,72.39383890567404,72.68,5.2434312215293915,7.326161094325954
2026-06-01,2026,6,6,桃園市,名人堂花園大飯店,39.4,44.885872816790275,44.08117097118418,51.61,5.485872816790277,4.68117097118418
2026-06-01,2026,6,6,桃園市,古華花園飯店,83.49,88.16622040555445,87.19745028308773,89.25,4.67622040555446,3.707450283087738
2026-06-01,2026,6,6,桃園市,南方莊園渡假飯店,35.89,40.39625996586297,43.262964244233686,34.8,4.5062599658629665,7.372964244233685
2026-06-01,2026,6,6,花蓮縣,太魯閣晶英酒店,46.1,31.656777630234092,28.145624493179564,32.77,14.443222369765909,17.954375506820437
2026-06-01,2026,6,6,台東縣,知本老爺大酒店,0.0,61.64885283018921,58.85758555117516,45.53,61.64885283018921,58.85758555117516
2026-06-01,2026,6,6,台北市,台北花園大酒店,82.41,86.06437091962154,85.69348409365843,80.89,3.6543709196215417,3.28348409365843
2026-06-01,2026,6,6,台東縣,娜路彎大酒店,49.16,46.71575374721666,49.05206997332149,39.89,2.444246252783337,0.1079300266785097
2026-06-01,2026,6,6,台北市,台北寒舍喜來登大飯店,76.64,76.46827969666717,78.13154414718996,73.43,0.17172030333283317,1.4915441471899555
2026-06-01,2026,6,6,台北市,台北君悅酒店,79.6,77.95219644932082,79.1258585250579,76.06,1.6478035506791713,0.4741414749421011
2026-06-01,2026,6,6,台北市,台北君品大酒店,71.54,72.40463218222963,72.16415439923433,54.84,0.8646321822296272,0.6241543992343281
2026-06-01,2026,6,6,台北市,台北凱撒大飯店,85.86,86.95010673209102,86.27510430396495,85.14,1.0901067320910158,0.41510430396495224
2026-06-01,2026,6,6,台北市,台北中山雅樂軒酒店,79.47,85.67215638292079,84.65412241404829,83.52,6.202156382920791,5.184122414048289
2026-06-01,2026,6,6,台北市,台北W飯店,86.06,74.03847859176553,75.52791219601092,74.01,12.021521408234477,10.532087803989086
2026-06-01,2026,6,6,台北市,北投麗禧溫泉酒店,45.76,54.657738628432966,55.268058303544905,24.8,8.897738628432968,9.508058303544907
2026-06-01,2026,6,6,台北市,北投老爺酒店,68.07,69.98521569813556,68.01591115531613,55.06999999999999,1.9152156981355688,0.05408884468386077
2026-06-01,2026,6,6,台北市,兄弟大飯店,63.07000000000001,61.44054142141074,62.948713372425686,53.16,1.629458578589265,0.12128662757432096
2026-06-01,2026,6,6,台北市,亞都麗緻大飯店,66.04,60.307609763530465,61.33302392786046,34.75,5.732390236469541,4.706976072139547
2026-06-01,2026,6,6,台北市,三德大飯店,48.06,55.05213242262553,55.7564676261014,58.99,6.992132422625531,7.696467626101395
2026-06-01,2026,6,6,台北市,JR東日本大飯店台北,84.54,81.75189273892353,82.91265970124863,70.42,2.788107261076476,1.6273402987513776
2026-06-01,2026,6,6,台中市,龍谷大飯店,17.04,23.50042523657774,23.12706526209562,11.98,6.460425236577741,6.087065262095621
2026-06-01,2026,6,6,台中市,長榮桂冠酒店(台中),74.39,56.49318217410073,55.5965112492207,59.92000000000001,17.89681782589927,18.793488750779304
2026-06-01,2026,6,6,台中市,通豪大飯店,46.87,44.0888321362395,46.847937180371524,34.59,2.781167863760494,0.022062819628473562
2026-06-01,2026,6,6,台中市,裕元花園酒店,79.91,84.25086512278078,83.98745781049877,87.11,4.340865122780784,4.077457810498771
2026-06-01,2026,6,6,台中市,台中金典酒店,79.76,70.25849846447142,69.72613319550588,64.17,9.50150153552859,10.033866804494124
2026-06-01,2026,6,6,台中市,台中福華大飯店,87.96,86.57059502682911,85.97504613733021,86.54,1.3894049731708833,1.9849538626697836
2026-06-01,2026,6,6,台中市,台中港酒店,76.13,80.35645969485026,77.89382971152932,85.45,4.226459694850263,1.7638297115293256
2026-06-01,2026,6,6,台中市,全國大飯店,52.23,54.43548481476268,55.23817236850482,52.07999999999999,2.205484814762684,3.008172368504823
2026-06-01,2026,6,6,南投縣,雲品溫泉酒店日月潭,67.79,68.83800333035204,69.06639380274066,65.06,1.0480033303520315,1.2763938027406567
2026-06-01,2026,6,6,南投縣,漢來日月行館,69.28,59.70424086068244,58.87599682665348,63.23,9.575759139317562,10.404003173346524
2026-06-01,2026,6,6,南投縣,涵碧樓大飯店,75.59,71.95069230828527,73.92990421295887,73.44,3.639307691714734,1.6600957870411293
2026-06-01,2026,6,6,南投縣,日月潭力麗溫德姆溫泉酒店,40.96,46.29239420773495,49.21525875884811,36.6,5.33239420773495,8.255258758848107
2026-06-01,2026,6,6,高雄市,高雄萬豪酒店,56.74,66.35221457355405,67.32559272540186,62.5,9.612214573554049,10.58559272540186
2026-06-01,2026,6,6,台北市,台北寒舍艾美酒店,88.79,86.27153393765187,86.11503428981626,83.63,2.518466062348139,2.6749657101837414
2026-06-01,2026,6,6,台北市,台北漢來大飯店,64.11,54.81616107140839,54.344590018294234,47.6,9.293838928591612,9.765409981705766
2026-06-01,2026,6,6,台北市,台北美福大飯店,66.19,63.87401960034949,63.020481184922275,53.010000000000005,2.315980399650506,3.1695188150777227
2026-06-01,2026,6,6,台北市,台北艾麗酒店,82.5,80.23812985750895,80.6940439281026,80.13,2.2618701424910483,1.8059560718973984
2026-06-01,2026,6,6,台東縣,台東桂田喜來登酒店,48.24,48.26012113434742,49.25355191806884,41.01,0.02012113434741991,1.0135519180688348
2026-06-01,2026,6,6,台南市,遠百企業觀光旅館,15.560000000000002,13.365667741725769,13.954764710953867,11.67,2.1943322582742333,1.605235289046135
2026-06-01,2026,6,6,台南市,趣淘漫旅,53.97,55.73487610924675,54.19659638118661,59.12,1.7648761092467495,0.22659638118661007
2026-06-01,2026,6,6,台南市,台糖長榮酒店(台南),76.97,66.69141971372322,65.24606032196775,69.2,10.278580286276778,11.723939678032252
2026-06-01,2026,6,6,台南市,台南遠東香格里拉,70.33,73.31836586890513,74.48403714210156,67.79,2.9883658689051344,4.154037142101558
2026-06-01,2026,6,6,台南市,台南大飯店,72.02,60.40403332460323,60.83796125297515,51.45000000000001,11.615966675396763,11.182038747024848
2026-06-01,2026,6,6,台南市,台南大員皇冠假日酒店,65.01,65.98464781487208,64.94363579374402,62.74000000000001,0.9746478148720712,0.06636420625598305
2026-06-01,2026,6,6,台北市,雀客藏居台北陽明山,44.0,55.577068619250355,51.883893037412555,43.87,11.577068619250355,7.883893037412555
2026-06-01,2026,6,6,台北市,雀客旅館台北南京,84.05,83.29265807763862,81.43989109811812,77.02,0.7573419223613769,2.6101089018818726
2026-06-01,2026,6,6,台北市,豪景大酒店,55.04,56.102204921717615,58.929811950935374,41.0,1.0622049217176155,3.889811950935375
2026-06-01,2026,6,6,台北市,老爺大酒店,85.05,84.39260941107985,84.0413380759594,79.74,0.6573905889201512,1.0086619240405952
2026-06-01,2026,6,6,台北市,義華酒店,57.79,58.18850730974837,53.402743603466334,49.28,0.3985073097483678,4.387256396533665
2026-06-01,2026,6,6,台東縣,樂樂日暉溫泉酒店,30.760000000000005,29.67057245599784,29.06169193470351,22.29,1.0894275440021666,1.6983080652964944
2026-06-01,2026,6,6,台北市,美麗信花園酒店,96.7,91.92421358853137,90.4343095345016,94.79,4.77578641146863,6.265690465498409
2026-06-01,2026,6,6,台北市,福華大飯店,0.57,71.92271372133395,71.85602298466004,59.760000000000005,71.35271372133396,71.28602298466005
2026-06-01,2026,6,6,台北市,福容大飯店  台北一館,74.06,61.07031105114129,62.82515072625632,52.89,12.989688948858714,11.234849273743684
2026-06-01,2026,6,6,台北市,漢普頓酒店,77.61,79.6477291957479,79.05457069999382,77.05,2.0377291957479002,1.4445706999938182
2026-06-01,2026,6,6,台北市,歐華酒店,45.86,43.32322012011329,45.339409286763576,34.46,2.5367798798867085,0.5205907132364231
2026-06-01,2026,6,6,台北市,晶華酒店,83.4,80.00667334804427,80.53577034311928,76.13,3.393326651955732,2.864229656880724
2026-06-01,2026,6,6,台北市,日勝生加賀屋國際溫泉飯店,27.45,33.770566422051616,35.107981866257184,23.15,6.320566422051616,7.657981866257185
2026-06-01,2026,6,6,台北市,天成大飯店,98.85,88.44243727475124,87.53690363315138,89.23,10.407562725248752,11.313096366848612
2026-06-01,2026,6,6,台北市,圓山大飯店,80.22,74.78025899233941,72.566977325556,64.16,5.4397410076605865,7.653022674444003
2026-06-01,2026,6,6,台北市,國聯大飯店,53.53,52.57928126119399,53.60238822854795,44.37,0.9507187388060103,0.07238822854795046
2026-06-01,2026,6,6,台北市,國王大飯店,56.11999999999999,68.4160206287543,68.81874851661291,61.89,12.296020628754306,12.698748516612923
2026-06-01,2026,6,6,台北市,台北遠東香格里拉,68.48,73.23195535341542,75.70663458440995,74.29,4.751955353415411,7.22663458440995
2026-06-01,2026,6,6,台北市,台北萬豪酒店,88.18,86.47216454731566,86.1727600785133,84.91,1.7078354526843498,2.0072399214867005
2026-06-01,2026,6,6,台北市,第一大飯店,29.45,43.145198369986936,47.288360153731745,27.73,13.695198369986937,17.838360153731745
2026-06-01,2026,6,6,高雄市,麗尊大酒店,50.74000000000001,63.73801306700406,62.725521221765476,52.8,12.998013067004052,11.985521221765467
