date,year,month,horizon,city,hotel_name,actual_occupancy,predicted_occupancy,error,absolute_error
2026-01-01,2026,1,1,屏東縣,墾丁福華渡假飯店,34.98,34.85241560205342,-0.1275843979465776,0.1275843979465776
2026-01-01,2026,1,1,新北市,八里福朋喜來登酒店,26.62,45.450157555014094,18.830157555014093,18.830157555014093
2026-01-01,2026,1,1,新北市,大板根渡假酒店,78.61,72.66526889713697,-5.944731102863031,5.944731102863031
2026-01-01,2026,1,1,新北市,板橋凱撒大飯店,90.16,84.32791986747837,-5.832080132521625,5.832080132521625
2026-01-01,2026,1,1,新北市,瓏山林台北中和飯店,55.91,59.087493802591574,3.1774938025915773,3.1774938025915773
2026-01-01,2026,1,1,新北市,福容大飯店    淡水漁人碼頭,53.16,51.30069271886352,-1.8593072811364735,1.8593072811364735
2026-01-01,2026,1,1,新北市,福容大飯店 福隆,14.26,31.632866124304023,17.372866124304025,17.372866124304025
2026-01-01,2026,1,1,新北市,美麗春天大飯店,1.71,0.0,-1.71,1.71
2026-01-01,2026,1,1,新竹市,新竹國賓大飯店,58.5,59.17032016585654,0.6703201658565376,0.6703201658565376
2026-01-01,2026,1,1,屏東縣,墾丁怡灣渡假酒店,35.98,42.08140044328657,6.101400443286572,6.101400443286572
2026-01-01,2026,1,1,新北市,碧特弗大飯店,15.37,11.159758655624806,-4.210241344375193,4.210241344375193
2026-01-01,2026,1,1,屏東縣,凱撒大飯店,56.61999999999999,56.02000814458164,-0.5999918554183523,0.5999918554183523
2026-01-01,2026,1,1,嘉義市,鈺通大飯店,44.38,40.31956686408454,-4.06043313591546,4.06043313591546
2026-01-01,2026,1,1,宜蘭縣,蘭城晶英酒店,46.9,67.1623014120997,20.262301412099696,20.262301412099696
2026-01-01,2026,1,1,宜蘭縣,綠舞國際觀光飯店,33.36,54.40688810377834,21.046888103778343,21.046888103778343
2026-01-01,2026,1,1,宜蘭縣,礁溪麒麟酒店,79.12,72.09174055165032,-7.0282594483496865,7.0282594483496865
2026-01-01,2026,1,1,宜蘭縣,礁溪老爺酒店,76.88,78.5233759968413,1.6433759968413,1.6433759968413
2026-01-01,2026,1,1,宜蘭縣,悅川酒店,67.9,71.08292473849721,3.1829247384972064,3.1829247384972064
2026-01-01,2026,1,1,宜蘭縣,幼獅大飯店,7.429999999999999,10.835158360799715,3.4051583607997165,3.4051583607997165
2026-01-01,2026,1,1,宜蘭縣,山泉大飯店,73.02,66.91561506269201,-6.104384937307984,6.104384937307984
2026-01-01,2026,1,1,宜蘭縣,凱渡廣場酒店,21.48,28.38260386780947,6.902603867809468,6.902603867809468
2026-01-01,2026,1,1,基隆市,長榮桂冠酒店(基隆),75.44,78.89305225258953,3.4530522525895293,3.4530522525895293
2026-01-01,2026,1,1,嘉義縣,阿里山賓館(現代館),27.23,61.79018557591241,34.56018557591241,34.56018557591241
2026-01-01,2026,1,1,嘉義縣,阿里山賓館(歷史館),30.510000000000005,35.72069026581611,5.210690265816105,5.210690265816105
2026-01-01,2026,1,1,嘉義縣,名都觀光渡假大飯店,8.05,20.778390688976486,12.728390688976486,12.728390688976486
2026-01-01,2026,1,1,宜蘭縣,長榮鳳凰酒店(礁溪),61.96,66.11507904200607,4.155079042006072,4.155079042006072
2026-01-01,2026,1,1,新竹市,新竹老爺大酒店,70.24,66.14085847449432,-4.099141525505672,4.099141525505672
2026-01-01,2026,1,1,高雄市,高雄福華大飯店,78.5,81.27044747159425,2.7704474715942524,2.7704474715942524
2026-01-01,2026,1,1,新竹縣,豐邑喜來登大飯店,51.59,47.609822737694614,-3.9801772623053893,3.9801772623053893
2026-01-01,2026,1,1,嘉義市,耐斯王子大飯店,41.17,47.00863867355056,5.838638673550555,5.838638673550555
2026-01-01,2026,1,1,高雄市,高雄圓山大飯店,62.7,68.88150939196287,6.181509391962862,6.181509391962862
2026-01-01,2026,1,1,高雄市,義大皇家酒店,42.73,46.2235877114541,3.4935877114541043,3.4935877114541043
2026-01-01,2026,1,1,高雄市,福容大飯店 高雄,57.43000000000001,59.61707283347589,2.187072833475881,2.187072833475881
2026-01-01,2026,1,1,高雄市,然一酒店,61.75000000000001,51.63069974089349,-10.119300259106517,10.119300259106517
2026-01-01,2026,1,1,高雄市,漢來大飯店,71.67,75.98168495900156,4.311684959001553,4.311684959001553
2026-01-01,2026,1,1,高雄市,寒軒國際大飯店,66.77,74.35614288985714,7.586142889857143,7.586142889857143
2026-01-01,2026,1,1,金門縣,陸島酒店,30.47,37.41650352310492,6.946503523104923,6.946503523104923
2026-01-01,2026,1,1,苗栗縣,馥藝金鬱金香酒店,56.63,51.16414450073676,-5.465855499263242,5.465855499263242
2026-01-01,2026,1,1,花蓮縣,遠雄悅來大飯店,33.4,30.7855804094564,-2.614419590543598,2.614419590543598
2026-01-01,2026,1,1,花蓮縣,美侖大飯店,44.83,38.174819834855505,-6.655180165144493,6.655180165144493
2026-01-01,2026,1,1,新竹縣,新竹喜來登大飯店,76.98,69.95410296623034,-7.025897033769667,7.025897033769667
2026-01-01,2026,1,1,花蓮縣,瑞穗天合國際觀光酒店,43.56,47.65173109351815,4.091731093518149,4.091731093518149
2026-01-01,2026,1,1,澎湖縣,澎湖福朋喜來登酒店,20.48,27.61600429911035,7.1360042991103505,7.1360042991103505
2026-01-01,2026,1,1,澎湖縣,寶華大飯店,4.32,2.8477650575397018,-1.4722349424602985,1.4722349424602985
2026-01-01,2026,1,1,桃園市,福容徠旅 林口,79.61,82.24440605071042,2.6344060507104246,2.6344060507104246
2026-01-01,2026,1,1,桃園市,福容大飯店   桃園,62.74000000000001,60.422389608971066,-2.3176103910289427,2.3176103910289427
2026-01-01,2026,1,1,桃園市,桃園國際機場凱悅酒店,63.91,58.88454070724852,-5.025459292751478,5.025459292751478
2026-01-01,2026,1,1,桃園市,桃園喜來登酒店,58.82000000000001,53.51809266024865,-5.301907339751359,5.301907339751359
2026-01-01,2026,1,1,桃園市,尊爵天際大飯店,89.2,80.04130502762324,-9.158694972376765,9.158694972376765
2026-01-01,2026,1,1,桃園市,尊爵大飯店,66.56,64.78104744865294,-1.7789525513470608,1.7789525513470608
2026-01-01,2026,1,1,桃園市,和逸飯店桃園青埔館,74.99,75.34217152208426,0.3521715220842623,0.3521715220842623
2026-01-01,2026,1,1,桃園市,名人堂花園大飯店,31.2,38.022391877803834,6.822391877803835,6.822391877803835
2026-01-01,2026,1,1,桃園市,古華花園飯店,92.79,87.38880623019263,-5.401193769807378,5.401193769807378
2026-01-01,2026,1,1,桃園市,南方莊園渡假飯店,42.98,44.94848258288885,1.9684825828888535,1.9684825828888535
2026-01-01,2026,1,1,花蓮縣,太魯閣晶英酒店,21.09,24.92211744367297,3.8321174436729706,3.8321174436729706
2026-01-01,2026,1,1,台東縣,知本老爺大酒店,88.23,76.16558601156727,-12.064413988432733,12.064413988432733
2026-01-01,2026,1,1,台北市,台北花園大酒店,91.79,86.45429377780403,-5.335706222195981,5.335706222195981
2026-01-01,2026,1,1,台東縣,娜路彎大酒店,57.98,49.67343633673266,-8.30656366326734,8.30656366326734
2026-01-01,2026,1,1,台北市,台北寒舍喜來登大飯店,72.18,76.91592047719406,4.735920477194057,4.735920477194057
2026-01-01,2026,1,1,台北市,台北君悅酒店,84.16,80.47776878843722,-3.6822312115627795,3.6822312115627795
2026-01-01,2026,1,1,台北市,台北君品大酒店,72.13,75.38533609858241,3.2553360985824185,3.2553360985824185
2026-01-01,2026,1,1,台北市,台北凱撒大飯店,93.15,84.64687435229919,-8.503125647700813,8.503125647700813
2026-01-01,2026,1,1,台北市,台北中山雅樂軒酒店,86.8,79.45781321857721,-7.342186781422782,7.342186781422782
2026-01-01,2026,1,1,台北市,台北W飯店,77.06,76.06553259929119,-0.9944674007088139,0.9944674007088139
2026-01-01,2026,1,1,台北市,北投麗禧溫泉酒店,78.4,72.28362930209443,-6.11637069790558,6.11637069790558
2026-01-01,2026,1,1,台北市,北投老爺酒店,74.06,75.49409003166522,1.434090031665221,1.434090031665221
2026-01-01,2026,1,1,台北市,兄弟大飯店,48.54,62.746819020110614,14.206819020110615,14.206819020110615
2026-01-01,2026,1,1,台北市,亞都麗緻大飯店,58.10999999999999,66.89282864558008,8.78282864558009,8.78282864558009
2026-01-01,2026,1,1,台北市,三德大飯店,54.22,52.97244709578208,-1.247552904217919,1.247552904217919
2026-01-01,2026,1,1,台北市,JR東日本大飯店台北,81.83,82.67195963369039,0.8419596336903936,0.8419596336903936
2026-01-01,2026,1,1,台中市,龍谷大飯店,17.05,22.948576325685583,5.898576325685582,5.898576325685582
2026-01-01,2026,1,1,台中市,長榮桂冠酒店(台中),67.27,58.14636034963549,-9.123639650364503,9.123639650364503
2026-01-01,2026,1,1,台中市,通豪大飯店,40.67,44.26108008961046,3.5910800896104575,3.5910800896104575
2026-01-01,2026,1,1,台中市,裕元花園酒店,77.72,77.1885105819027,-0.5314894180972942,0.5314894180972942
2026-01-01,2026,1,1,台中市,台中金典酒店,72.35,63.06056160377446,-9.289438396225535,9.289438396225535
2026-01-01,2026,1,1,台中市,台中福華大飯店,91.03,84.61269241724786,-6.417307582752144,6.417307582752144
2026-01-01,2026,1,1,台中市,台中港酒店,62.44,68.34692154024744,5.906921540247438,5.906921540247438
2026-01-01,2026,1,1,台中市,全國大飯店,49.67,51.3233658359149,1.6533658359148973,1.6533658359148973
2026-01-01,2026,1,1,南投縣,雲品溫泉酒店日月潭,64.24,72.2881949286738,8.048194928673809,8.048194928673809
2026-01-01,2026,1,1,南投縣,漢來日月行館,48.7,66.22195793657374,17.52195793657374,17.52195793657374
2026-01-01,2026,1,1,南投縣,涵碧樓大飯店,74.97,80.18083940794934,5.2108394079493365,5.2108394079493365
2026-01-01,2026,1,1,南投縣,日月潭力麗溫德姆溫泉酒店,41.51,53.73618863482713,12.226188634827132,12.226188634827132
2026-01-01,2026,1,1,高雄市,高雄萬豪酒店,63.61,63.59446634135273,-0.015533658647271409,0.015533658647271409
2026-01-01,2026,1,1,台北市,台北寒舍艾美酒店,86.33,82.71741113838023,-3.61258886161977,3.61258886161977
2026-01-01,2026,1,1,台北市,台北漢來大飯店,50.45,56.349584367666566,5.899584367666563,5.899584367666563
2026-01-01,2026,1,1,台北市,台北美福大飯店,60.04999999999999,65.67448479557311,5.624484795573117,5.624484795573117
2026-01-01,2026,1,1,台北市,台北艾麗酒店,74.48,77.95932510573176,3.4793251057317605,3.4793251057317605
2026-01-01,2026,1,1,台東縣,台東桂田喜來登酒店,38.45,44.85967138559561,6.409671385595608,6.409671385595608
2026-01-01,2026,1,1,台南市,遠百企業觀光旅館,12.9,8.439541160576196,-4.460458839423804,4.460458839423804
2026-01-01,2026,1,1,台南市,趣淘漫旅,77.89,58.535644437424615,-19.354355562575385,19.354355562575385
2026-01-01,2026,1,1,台南市,台糖長榮酒店(台南),63.01,54.06585878887321,-8.94414121112679,8.94414121112679
2026-01-01,2026,1,1,台南市,台南遠東香格里拉,71.39,73.14280188240484,1.7528018824048388,1.7528018824048388
2026-01-01,2026,1,1,台南市,台南大飯店,61.71,63.160915861630684,1.4509158616306834,1.4509158616306834
2026-01-01,2026,1,1,台南市,台南大員皇冠假日酒店,67.25,66.29631596407656,-0.9536840359234446,0.9536840359234446
2026-01-01,2026,1,1,台北市,雀客藏居台北陽明山,68.13,57.84661009297078,-10.283389907029218,10.283389907029218
2026-01-01,2026,1,1,台北市,雀客旅館台北南京,86.41,84.15038479766996,-2.259615202330039,2.259615202330039
2026-01-01,2026,1,1,台北市,豪景大酒店,61.61,62.42257594872597,0.8125759487259714,0.8125759487259714
2026-01-01,2026,1,1,台北市,老爺大酒店,82.39,84.1249412012983,1.734941201298298,1.734941201298298
2026-01-01,2026,1,1,台北市,義華酒店,66.53,54.48207565897622,-12.04792434102378,12.04792434102378
2026-01-01,2026,1,1,台東縣,樂樂日暉溫泉酒店,26.280000000000005,30.221357486139993,3.9413574861399887,3.9413574861399887
2026-01-01,2026,1,1,台北市,美麗信花園酒店,96.41,88.13677344097584,-8.273226559024152,8.273226559024152
2026-01-01,2026,1,1,台北市,福華大飯店,66.58,73.00686781158662,6.426867811586618,6.426867811586618
2026-01-01,2026,1,1,台北市,福容大飯店  台北一館,56.18,64.7502717995161,8.5702717995161,8.5702717995161
2026-01-01,2026,1,1,台北市,漢普頓酒店,89.26,77.85249354263807,-11.407506457361933,11.407506457361933
2026-01-01,2026,1,1,台北市,歐華酒店,41.27,45.423935611282396,4.153935611282392,4.153935611282392
2026-01-01,2026,1,1,台北市,晶華酒店,84.47,80.77347150168922,-3.6965284983107836,3.6965284983107836
2026-01-01,2026,1,1,台北市,日勝生加賀屋國際溫泉飯店,38.42,42.75702747774989,4.337027477749885,4.337027477749885
2026-01-01,2026,1,1,台北市,天成大飯店,92.06,85.58332342672854,-6.476676573271462,6.476676573271462
2026-01-01,2026,1,1,台北市,圓山大飯店,66.14,74.60832684996207,8.468326849962068,8.468326849962068
2026-01-01,2026,1,1,台北市,國聯大飯店,41.35,52.61943841695014,11.269438416950138,11.269438416950138
2026-01-01,2026,1,1,台北市,國王大飯店,64.62,62.8110728085009,-1.8089271914991016,1.8089271914991016
2026-01-01,2026,1,1,台北市,台北遠東香格里拉,72.04,75.62281932206217,3.5828193220621642,3.5828193220621642
2026-01-01,2026,1,1,台北市,台北萬豪酒店,87.59,83.64679003314687,-3.943209966853132,3.943209966853132
2026-01-01,2026,1,1,台北市,第一大飯店,38.21,44.29070111418403,6.080701114184031,6.080701114184031
2026-01-01,2026,1,1,高雄市,麗尊大酒店,60.3,68.00404933353961,7.704049333539615,7.704049333539615
2026-02-01,2026,2,2,屏東縣,墾丁福華渡假飯店,31.9,37.4476001808459,5.547600180845905,5.547600180845905
2026-02-01,2026,2,2,新北市,八里福朋喜來登酒店,27.860000000000003,48.09534850292122,20.235348502921216,20.235348502921216
2026-02-01,2026,2,2,新北市,大板根渡假酒店,84.81,73.03049111488771,-11.779508885112293,11.779508885112293
2026-02-01,2026,2,2,新北市,板橋凱撒大飯店,86.59,86.60297953190073,0.01297953190072576,0.01297953190072576
2026-02-01,2026,2,2,新北市,瓏山林台北中和飯店,50.91,60.7011298940761,9.7911298940761,9.7911298940761
2026-02-01,2026,2,2,新北市,福容大飯店    淡水漁人碼頭,47.91,54.21552965372317,6.305529653723177,6.305529653723177
2026-02-01,2026,2,2,新北市,福容大飯店 福隆,32.14,33.7743821380843,1.6343821380842982,1.6343821380842982
2026-02-01,2026,2,2,新北市,美麗春天大飯店,1.16,2.7404221073928308,1.5804221073928308,1.5804221073928308
2026-02-01,2026,2,2,新竹市,新竹國賓大飯店,53.31,63.222140600266926,9.912140600266923,9.912140600266923
2026-02-01,2026,2,2,屏東縣,墾丁怡灣渡假酒店,46.26,40.857706365027596,-5.402293634972402,5.402293634972402
2026-02-01,2026,2,2,新北市,碧特弗大飯店,9.29,14.619028836185008,5.3290288361850084,5.3290288361850084
2026-02-01,2026,2,2,屏東縣,凱撒大飯店,72.93,55.54683672690724,-17.38316327309277,17.38316327309277
2026-02-01,2026,2,2,嘉義市,鈺通大飯店,59.73,43.703271090318964,-16.026728909681033,16.026728909681033
2026-02-01,2026,2,2,宜蘭縣,蘭城晶英酒店,59.79,67.42943847645527,7.639438476455275,7.639438476455275
2026-02-01,2026,2,2,宜蘭縣,綠舞國際觀光飯店,47.31,55.662902764797515,8.352902764797513,8.352902764797513
2026-02-01,2026,2,2,宜蘭縣,礁溪麒麟酒店,82.89,75.99377830758237,-6.896221692417626,6.896221692417626
2026-02-01,2026,2,2,宜蘭縣,礁溪老爺酒店,85.53,80.07383207405539,-5.456167925944612,5.456167925944612
2026-02-01,2026,2,2,宜蘭縣,悅川酒店,68.2,73.52418473575977,5.324184735759772,5.324184735759772
2026-02-01,2026,2,2,宜蘭縣,幼獅大飯店,16.85,13.050752351230269,-3.7992476487697324,3.7992476487697324
2026-02-01,2026,2,2,宜蘭縣,山泉大飯店,54.75,65.97757795801527,11.227577958015274,11.227577958015274
2026-02-01,2026,2,2,宜蘭縣,凱渡廣場酒店,33.42,30.731120765048278,-2.688879234951724,2.688879234951724
2026-02-01,2026,2,2,基隆市,長榮桂冠酒店(基隆),83.16,79.94864581184756,-3.2113541881524412,3.2113541881524412
2026-02-01,2026,2,2,嘉義縣,阿里山賓館(現代館),39.38,58.169053677339924,18.789053677339922,18.789053677339922
2026-02-01,2026,2,2,嘉義縣,阿里山賓館(歷史館),34.9,32.928544146383906,-1.9714558536160922,1.9714558536160922
2026-02-01,2026,2,2,嘉義縣,名都觀光渡假大飯店,16.24,22.772352203880228,6.5323522038802295,6.5323522038802295
2026-02-01,2026,2,2,宜蘭縣,長榮鳳凰酒店(礁溪),70.01,67.17787060395534,-2.832129396044664,2.832129396044664
2026-02-01,2026,2,2,新竹市,新竹老爺大酒店,59.77,70.41498558462015,10.644985584620152,10.644985584620152
2026-02-01,2026,2,2,高雄市,高雄福華大飯店,71.48,82.19085672259284,10.710856722592837,10.710856722592837
2026-02-01,2026,2,2,新竹縣,豐邑喜來登大飯店,43.69,49.78061669160935,6.090616691609355,6.090616691609355
2026-02-01,2026,2,2,嘉義市,耐斯王子大飯店,40.77,45.43430793768392,4.664307937683915,4.664307937683915
2026-02-01,2026,2,2,高雄市,高雄圓山大飯店,61.77,70.07713346709977,8.307133467099767,8.307133467099767
2026-02-01,2026,2,2,高雄市,義大皇家酒店,55.44,48.8499869524368,-6.590013047563197,6.590013047563197
2026-02-01,2026,2,2,高雄市,福容大飯店 高雄,61.57,60.684512615058345,-0.8854873849416549,0.8854873849416549
2026-02-01,2026,2,2,高雄市,然一酒店,46.99,50.992235766584294,4.002235766584292,4.002235766584292
2026-02-01,2026,2,2,高雄市,漢來大飯店,68.1,76.84396547261598,8.743965472615983,8.743965472615983
2026-02-01,2026,2,2,高雄市,寒軒國際大飯店,62.9,74.77597231494914,11.875972314949145,11.875972314949145
2026-02-01,2026,2,2,金門縣,陸島酒店,26.14,34.54559857387736,8.405598573877363,8.405598573877363
2026-02-01,2026,2,2,苗栗縣,馥藝金鬱金香酒店,63.11,54.0214773872779,-9.088522612722102,9.088522612722102
2026-02-01,2026,2,2,花蓮縣,遠雄悅來大飯店,47.05,33.292985032574094,-13.757014967425903,13.757014967425903
2026-02-01,2026,2,2,花蓮縣,美侖大飯店,53.7,36.11003698106898,-17.589963018931023,17.589963018931023
2026-02-01,2026,2,2,新竹縣,新竹喜來登大飯店,65.21,73.9200620150707,8.710062015070704,8.710062015070704
2026-02-01,2026,2,2,花蓮縣,瑞穗天合國際觀光酒店,59.72,46.44237623697082,-13.277623763029176,13.277623763029176
2026-02-01,2026,2,2,澎湖縣,澎湖福朋喜來登酒店,27.84,33.981903878793624,6.141903878793624,6.141903878793624
2026-02-01,2026,2,2,澎湖縣,寶華大飯店,3.67,9.097414136623932,5.427414136623932,5.427414136623932
2026-02-01,2026,2,2,桃園市,福容徠旅 林口,84.8,84.37593102875663,-0.42406897124337206,0.42406897124337206
2026-02-01,2026,2,2,桃園市,福容大飯店   桃園,70.13,65.10860114871697,-5.021398851283024,5.021398851283024
2026-02-01,2026,2,2,桃園市,桃園國際機場凱悅酒店,57.25,62.34735236315955,5.097352363159551,5.097352363159551
2026-02-01,2026,2,2,桃園市,桃園喜來登酒店,44.54,54.27899774291181,9.738997742911813,9.738997742911813
2026-02-01,2026,2,2,桃園市,尊爵天際大飯店,78.09,83.94310451098225,5.853104510982249,5.853104510982249
2026-02-01,2026,2,2,桃園市,尊爵大飯店,59.58,66.97118065440507,7.391180654405076,7.391180654405076
2026-02-01,2026,2,2,桃園市,和逸飯店桃園青埔館,74.39,76.6783748289474,2.288374828947397,2.288374828947397
2026-02-01,2026,2,2,桃園市,名人堂花園大飯店,39.01,40.36207394809803,1.352073948098031,1.352073948098031
2026-02-01,2026,2,2,桃園市,古華花園飯店,88.14,85.48943112970652,-2.6505688702934833,2.6505688702934833
2026-02-01,2026,2,2,桃園市,南方莊園渡假飯店,47.1,47.651675472230025,0.5516754722300234,0.5516754722300234
2026-02-01,2026,2,2,花蓮縣,太魯閣晶英酒店,35.29,23.8741644495985,-11.4158355504015,11.4158355504015
2026-02-01,2026,2,2,台東縣,知本老爺大酒店,94.7,76.47040580514941,-18.22959419485059,18.22959419485059
2026-02-01,2026,2,2,台北市,台北花園大酒店,81.45,89.75469362909837,8.304693629098367,8.304693629098367
2026-02-01,2026,2,2,台東縣,娜路彎大酒店,47.61,50.99054303996571,3.3805430399657084,3.3805430399657084
2026-02-01,2026,2,2,台北市,台北寒舍喜來登大飯店,66.6,78.87064209077823,12.270642090778239,12.270642090778239
2026-02-01,2026,2,2,台北市,台北君悅酒店,75.42,81.19100411492123,5.771004114921226,5.771004114921226
2026-02-01,2026,2,2,台北市,台北君品大酒店,67.02,76.1846191878991,9.164619187899106,9.164619187899106
2026-02-01,2026,2,2,台北市,台北凱撒大飯店,88.68,87.18815639499043,-1.4918436050095778,1.4918436050095778
2026-02-01,2026,2,2,台北市,台北中山雅樂軒酒店,74.39,82.42908925308426,8.039089253084256,8.039089253084256
2026-02-01,2026,2,2,台北市,台北W飯店,72.94,78.21834142786103,5.2783414278610365,5.2783414278610365
2026-02-01,2026,2,2,台北市,北投麗禧溫泉酒店,79.27,71.79009573531215,-7.479904264687846,7.479904264687846
2026-02-01,2026,2,2,台北市,北投老爺酒店,80.57,75.68765026273523,-4.882349737264761,4.882349737264761
2026-02-01,2026,2,2,台北市,兄弟大飯店,48.09,65.40066122096152,17.31066122096152,17.31066122096152
2026-02-01,2026,2,2,台北市,亞都麗緻大飯店,59.870000000000005,67.85397802748105,7.983978027481044,7.983978027481044
2026-02-01,2026,2,2,台北市,三德大飯店,56.8,56.72690103643425,-0.07309896356574797,0.07309896356574797
2026-02-01,2026,2,2,台北市,JR東日本大飯店台北,66.96,83.86684277613341,16.906842776133416,16.906842776133416
2026-02-01,2026,2,2,台中市,龍谷大飯店,21.39,24.898581378375393,3.5085813783753927,3.5085813783753927
2026-02-01,2026,2,2,台中市,長榮桂冠酒店(台中),78.01,58.05959955116394,-19.950400448836064,19.950400448836064
2026-02-01,2026,2,2,台中市,通豪大飯店,46.08,49.21635102982762,3.1363510298276225,3.1363510298276225
2026-02-01,2026,2,2,台中市,裕元花園酒店,71.0,79.80864047810347,8.80864047810347,8.80864047810347
2026-02-01,2026,2,2,台中市,台中金典酒店,72.96,66.9023188148713,-6.0576811851287005,6.0576811851287005
2026-02-01,2026,2,2,台中市,台中福華大飯店,88.25,86.81332402525479,-1.4366759747452136,1.4366759747452136
2026-02-01,2026,2,2,台中市,台中港酒店,65.13,71.4526023462305,6.322602346230511,6.322602346230511
2026-02-01,2026,2,2,台中市,全國大飯店,51.52,52.22201448887088,0.7020144888708799,0.7020144888708799
2026-02-01,2026,2,2,南投縣,雲品溫泉酒店日月潭,74.57,71.85779440339901,-2.712205596600981,2.712205596600981
2026-02-01,2026,2,2,南投縣,漢來日月行館,63.71,64.41157772458,0.7015777245799981,0.7015777245799981
2026-02-01,2026,2,2,南投縣,涵碧樓大飯店,81.06,78.8226971185555,-2.2373028814445064,2.2373028814445064
2026-02-01,2026,2,2,南投縣,日月潭力麗溫德姆溫泉酒店,58.11999999999999,53.55191335990836,-4.568086640091629,4.568086640091629
2026-02-01,2026,2,2,高雄市,高雄萬豪酒店,59.66,66.61040883724986,6.950408837249867,6.950408837249867
2026-02-01,2026,2,2,台北市,台北寒舍艾美酒店,80.29,85.22666566119362,4.936665661193615,4.936665661193615
2026-02-01,2026,2,2,台北市,台北漢來大飯店,59.260000000000005,57.54634505932978,-1.7136549406702244,1.7136549406702244
2026-02-01,2026,2,2,台北市,台北美福大飯店,57.34,67.66555924067725,10.32555924067725,10.32555924067725
2026-02-01,2026,2,2,台北市,台北艾麗酒店,69.44,81.0466669039994,11.606666903999397,11.606666903999397
2026-02-01,2026,2,2,台東縣,台東桂田喜來登酒店,50.1,46.6745270219098,-3.4254729780901982,3.4254729780901982
2026-02-01,2026,2,2,台南市,遠百企業觀光旅館,14.29,12.947282313578462,-1.3427176864215369,1.3427176864215369
2026-02-01,2026,2,2,台南市,趣淘漫旅,95.33,58.232568761499216,-37.09743123850078,37.09743123850078
2026-02-01,2026,2,2,台南市,台糖長榮酒店(台南),82.29,61.29139928788854,-20.998600712111468,20.998600712111468
2026-02-01,2026,2,2,台南市,台南遠東香格里拉,73.81,75.54897285128118,1.7389728512811757,1.7389728512811757
2026-02-01,2026,2,2,台南市,台南大飯店,69.48,66.61255362361628,-2.8674463763837252,2.8674463763837252
2026-02-01,2026,2,2,台南市,台南大員皇冠假日酒店,72.17,67.3324510812202,-4.837548918779802,4.837548918779802
2026-02-01,2026,2,2,台北市,雀客藏居台北陽明山,65.93,62.34857265323644,-3.5814273467635687,3.5814273467635687
2026-02-01,2026,2,2,台北市,雀客旅館台北南京,87.18,83.49086464951577,-3.6891353504842357,3.6891353504842357
2026-02-01,2026,2,2,台北市,豪景大酒店,52.99,66.64240339157752,13.652403391577515,13.652403391577515
2026-02-01,2026,2,2,台北市,老爺大酒店,80.37,85.4908116336538,5.120811633653801,5.120811633653801
2026-02-01,2026,2,2,台北市,義華酒店,48.78,63.41598327248674,14.63598327248674,14.63598327248674
2026-02-01,2026,2,2,台東縣,樂樂日暉溫泉酒店,57.89,29.71836396998156,-28.17163603001844,28.17163603001844
2026-02-01,2026,2,2,台北市,美麗信花園酒店,95.3,90.4444842364098,-4.855515763590191,4.855515763590191
2026-02-01,2026,2,2,台北市,福華大飯店,48.87,73.36724081773588,24.49724081773588,24.49724081773588
2026-02-01,2026,2,2,台北市,福容大飯店  台北一館,62.77,65.91875003518733,3.1487500351873265,3.1487500351873265
2026-02-01,2026,2,2,台北市,漢普頓酒店,81.81,83.22054073530298,1.4105407353029733,1.4105407353029733
2026-02-01,2026,2,2,台北市,歐華酒店,36.26,47.4975117881973,11.237511788197303,11.237511788197303
2026-02-01,2026,2,2,台北市,晶華酒店,79.21,81.77693051182989,2.566930511829895,2.566930511829895
2026-02-01,2026,2,2,台北市,日勝生加賀屋國際溫泉飯店,48.35,43.02319802723982,-5.32680197276018,5.32680197276018
2026-02-01,2026,2,2,台北市,天成大飯店,82.9,87.61755102126186,4.717551021261855,4.717551021261855
2026-02-01,2026,2,2,台北市,圓山大飯店,56.77,76.62933282061122,19.859332820611222,19.859332820611222
2026-02-01,2026,2,2,台北市,國聯大飯店,39.95,56.556915655285124,16.60691565528512,16.60691565528512
2026-02-01,2026,2,2,台北市,國王大飯店,52.65,66.7258479865924,14.0758479865924,14.0758479865924
2026-02-01,2026,2,2,台北市,台北遠東香格里拉,68.59,76.47145057252493,7.881450572524926,7.881450572524926
2026-02-01,2026,2,2,台北市,台北萬豪酒店,77.02,84.84564687763391,7.825646877633915,7.825646877633915
2026-02-01,2026,2,2,台北市,第一大飯店,38.96,49.592674043706026,10.632674043706025,10.632674043706025
2026-02-01,2026,2,2,高雄市,麗尊大酒店,61.8,68.90453141854589,7.104531418545889,7.104531418545889
2026-03-01,2026,3,3,屏東縣,墾丁福華渡假飯店,45.12,38.037857240745886,-7.082142759254111,7.082142759254111
2026-03-01,2026,3,3,新北市,八里福朋喜來登酒店,30.260000000000005,47.5542044154675,17.294204415467497,17.294204415467497
2026-03-01,2026,3,3,新北市,大板根渡假酒店,75.28,72.88005883602636,-2.3999411639736365,2.3999411639736365
2026-03-01,2026,3,3,新北市,板橋凱撒大飯店,92.28,92.39866643969181,0.11866643969180757,0.11866643969180757
2026-03-01,2026,3,3,新北市,瓏山林台北中和飯店,63.13,65.74423680990495,2.614236809904945,2.614236809904945
2026-03-01,2026,3,3,新北市,福容大飯店    淡水漁人碼頭,64.39,60.24663978732884,-4.143360212671162,4.143360212671162
2026-03-01,2026,3,3,新北市,福容大飯店 福隆,29.770000000000003,34.649186364603956,4.879186364603953,4.879186364603953
2026-03-01,2026,3,3,新北市,美麗春天大飯店,1.71,3.6382593670450127,1.9282593670450128,1.9282593670450128
2026-03-01,2026,3,3,新竹市,新竹國賓大飯店,72.96,68.38385542667297,-4.576144573327028,4.576144573327028
2026-03-01,2026,3,3,屏東縣,墾丁怡灣渡假酒店,32.41,41.42935423229226,9.019354232292265,9.019354232292265
2026-03-01,2026,3,3,新北市,碧特弗大飯店,13.720000000000002,16.934271645584932,3.2142716455849296,3.2142716455849296
2026-03-01,2026,3,3,屏東縣,凱撒大飯店,62.0,61.3977480449696,-0.6022519550303969,0.6022519550303969
2026-03-01,2026,3,3,嘉義市,鈺通大飯店,64.44,41.54079358588215,-22.89920641411785,22.89920641411785
2026-03-01,2026,3,3,宜蘭縣,蘭城晶英酒店,27.36,62.23621044811657,34.876210448116574,34.876210448116574
2026-03-01,2026,3,3,宜蘭縣,綠舞國際觀光飯店,26.26,61.22616964684,34.96616964684,34.96616964684
2026-03-01,2026,3,3,宜蘭縣,礁溪麒麟酒店,75.04,75.3150885036222,0.27508850362220016,0.27508850362220016
2026-03-01,2026,3,3,宜蘭縣,礁溪老爺酒店,78.71,79.41511979421963,0.705119794219641,0.705119794219641
2026-03-01,2026,3,3,宜蘭縣,悅川酒店,69.65,69.96495198709145,0.31495198709144745,0.31495198709144745
2026-03-01,2026,3,3,宜蘭縣,幼獅大飯店,10.3,14.311839305106037,4.011839305106037,4.011839305106037
2026-03-01,2026,3,3,宜蘭縣,山泉大飯店,71.72,67.60481836251392,-4.115181637486074,4.115181637486074
2026-03-01,2026,3,3,宜蘭縣,凱渡廣場酒店,24.48,31.013952434335458,6.533952434335458,6.533952434335458
2026-03-01,2026,3,3,基隆市,長榮桂冠酒店(基隆),86.45,85.01295733055441,-1.4370426694455887,1.4370426694455887
2026-03-01,2026,3,3,嘉義縣,阿里山賓館(現代館),47.28,60.44075348819443,13.16075348819443,13.16075348819443
2026-03-01,2026,3,3,嘉義縣,阿里山賓館(歷史館),51.97999999999999,32.74522212690413,-19.234777873095858,19.234777873095858
2026-03-01,2026,3,3,嘉義縣,名都觀光渡假大飯店,24.71,25.85616982609621,1.1461698260962088,1.1461698260962088
2026-03-01,2026,3,3,宜蘭縣,長榮鳳凰酒店(礁溪),56.81,62.31002292622799,5.5000229262279845,5.5000229262279845
2026-03-01,2026,3,3,新竹市,新竹老爺大酒店,79.37,74.8089557042393,-4.561044295760709,4.561044295760709
2026-03-01,2026,3,3,高雄市,高雄福華大飯店,81.84,88.27779464002107,6.4377946400210675,6.4377946400210675
2026-03-01,2026,3,3,新竹縣,豐邑喜來登大飯店,59.21999999999999,54.463554095242124,-4.756445904757868,4.756445904757868
2026-03-01,2026,3,3,嘉義市,耐斯王子大飯店,66.15,50.54215293748949,-15.607847062510515,15.607847062510515
2026-03-01,2026,3,3,高雄市,高雄圓山大飯店,65.15,73.79803201408265,8.648032014082645,8.648032014082645
2026-03-01,2026,3,3,高雄市,義大皇家酒店,40.76,50.84396901051465,10.08396901051465,10.08396901051465
2026-03-01,2026,3,3,高雄市,福容大飯店 高雄,51.03,63.041394994961024,12.011394994961023,12.011394994961023
2026-03-01,2026,3,3,高雄市,然一酒店,52.53,52.532124719854615,0.0021247198546134882,0.0021247198546134882
2026-03-01,2026,3,3,高雄市,漢來大飯店,65.84,80.64252773561768,14.802527735617673,14.802527735617673
2026-03-01,2026,3,3,高雄市,寒軒國際大飯店,76.26,79.3389150643052,3.0789150643051926,3.0789150643051926
2026-03-01,2026,3,3,金門縣,陸島酒店,35.83,42.705942511853635,6.875942511853637,6.875942511853637
2026-03-01,2026,3,3,苗栗縣,馥藝金鬱金香酒店,60.09,53.999114964781654,-6.090885035218349,6.090885035218349
2026-03-01,2026,3,3,花蓮縣,遠雄悅來大飯店,30.06,35.33242071280932,5.272420712809325,5.272420712809325
2026-03-01,2026,3,3,花蓮縣,美侖大飯店,40.82,38.44896889238251,-2.3710311076174904,2.3710311076174904
2026-03-01,2026,3,3,新竹縣,新竹喜來登大飯店,88.37,77.1570706161147,-11.21292938388531,11.21292938388531
2026-03-01,2026,3,3,花蓮縣,瑞穗天合國際觀光酒店,37.65,43.617649920421684,5.967649920421685,5.967649920421685
2026-03-01,2026,3,3,澎湖縣,澎湖福朋喜來登酒店,62.53999999999999,42.63139091248885,-19.908609087511145,19.908609087511145
2026-03-01,2026,3,3,澎湖縣,寶華大飯店,11.94,15.176870971730128,3.236870971730129,3.236870971730129
2026-03-01,2026,3,3,桃園市,福容徠旅 林口,96.43,87.44919596317665,-8.980804036823358,8.980804036823358
2026-03-01,2026,3,3,桃園市,福容大飯店   桃園,78.02,71.1702107112005,-6.849789288799499,6.849789288799499
2026-03-01,2026,3,3,桃園市,桃園國際機場凱悅酒店,71.08,67.56753407063059,-3.5124659293694123,3.5124659293694123
2026-03-01,2026,3,3,桃園市,桃園喜來登酒店,70.97,58.666633568235405,-12.303366431764594,12.303366431764594
2026-03-01,2026,3,3,桃園市,尊爵天際大飯店,88.06,88.23968487881088,0.1796848788108747,0.1796848788108747
2026-03-01,2026,3,3,桃園市,尊爵大飯店,73.5,70.30132652293481,-3.198673477065185,3.198673477065185
2026-03-01,2026,3,3,桃園市,和逸飯店桃園青埔館,80.26,81.50754054919089,1.2475405491908873,1.2475405491908873
2026-03-01,2026,3,3,桃園市,名人堂花園大飯店,29.44,40.224005017828105,10.784005017828104,10.784005017828104
2026-03-01,2026,3,3,桃園市,古華花園飯店,89.64,91.00995719511772,1.3699571951177205,1.3699571951177205
2026-03-01,2026,3,3,桃園市,南方莊園渡假飯店,34.79,43.01555316734982,8.225553167349823,8.225553167349823
2026-03-01,2026,3,3,花蓮縣,太魯閣晶英酒店,34.88,26.0828498615555,-8.797150138444504,8.797150138444504
2026-03-01,2026,3,3,台東縣,知本老爺大酒店,0.0,75.45204967466182,75.45204967466182,75.45204967466182
2026-03-01,2026,3,3,台北市,台北花園大酒店,93.05,92.16713147962908,-0.8828685203709199,0.8828685203709199
2026-03-01,2026,3,3,台東縣,娜路彎大酒店,53.93,50.08449189428414,-3.845508105715858,3.845508105715858
2026-03-01,2026,3,3,台北市,台北寒舍喜來登大飯店,77.9,82.4462795055318,4.5462795055318,4.5462795055318
2026-03-01,2026,3,3,台北市,台北君悅酒店,83.08,84.72167206553068,1.6416720655306847,1.6416720655306847
2026-03-01,2026,3,3,台北市,台北君品大酒店,79.53,82.10049192739287,2.5704919273928653,2.5704919273928653
2026-03-01,2026,3,3,台北市,台北凱撒大飯店,97.68,92.13978044185839,-5.540219558141615,5.540219558141615
2026-03-01,2026,3,3,台北市,台北中山雅樂軒酒店,92.56,87.85322671137574,-4.706773288624262,4.706773288624262
2026-03-01,2026,3,3,台北市,台北W飯店,91.32,81.52321790341351,-9.796782096586483,9.796782096586483
2026-03-01,2026,3,3,台北市,北投麗禧溫泉酒店,64.86,70.46331193945214,5.603311939452141,5.603311939452141
2026-03-01,2026,3,3,台北市,北投老爺酒店,86.65,82.50311769364406,-4.146882306355948,4.146882306355948
2026-03-01,2026,3,3,台北市,兄弟大飯店,69.25,70.4721575696853,1.2221575696852938,1.2221575696852938
2026-03-01,2026,3,3,台北市,亞都麗緻大飯店,79.13,73.46913740029235,-5.660862599707642,5.660862599707642
2026-03-01,2026,3,3,台北市,三德大飯店,76.16,59.22250599214407,-16.937494007855925,16.937494007855925
2026-03-01,2026,3,3,台北市,JR東日本大飯店台北,84.44,88.46667004249335,4.02667004249335,4.02667004249335
2026-03-01,2026,3,3,台中市,龍谷大飯店,18.28,25.007588466394253,6.727588466394252,6.727588466394252
2026-03-01,2026,3,3,台中市,長榮桂冠酒店(台中),77.76,60.39713500701676,-17.362864992983248,17.362864992983248
2026-03-01,2026,3,3,台中市,通豪大飯店,35.08,52.65921503820646,17.579215038206463,17.579215038206463
2026-03-01,2026,3,3,台中市,裕元花園酒店,78.46,85.17817512134685,6.71817512134686,6.71817512134686
2026-03-01,2026,3,3,台中市,台中金典酒店,74.22,71.12952696954815,-3.0904730304518466,3.0904730304518466
2026-03-01,2026,3,3,台中市,台中福華大飯店,86.37,91.06547006773059,4.695470067730582,4.695470067730582
2026-03-01,2026,3,3,台中市,台中港酒店,75.68,77.47304301544557,1.793043015445562,1.793043015445562
2026-03-01,2026,3,3,台中市,全國大飯店,53.75,56.7324561591599,2.982456159159902,2.982456159159902
2026-03-01,2026,3,3,南投縣,雲品溫泉酒店日月潭,62.16,72.9680858801727,10.808085880172698,10.808085880172698
2026-03-01,2026,3,3,南投縣,漢來日月行館,57.41,64.64786507117425,7.237865071174255,7.237865071174255
2026-03-01,2026,3,3,南投縣,涵碧樓大飯店,78.9,77.78434972753408,-1.1156502724659276,1.1156502724659276
2026-03-01,2026,3,3,南投縣,日月潭力麗溫德姆溫泉酒店,39.91,52.70195168322329,12.791951683223296,12.791951683223296
2026-03-01,2026,3,3,高雄市,高雄萬豪酒店,61.75999999999999,69.2912850434868,7.531285043486804,7.531285043486804
2026-03-01,2026,3,3,台北市,台北寒舍艾美酒店,89.78,88.03886275770336,-1.7411372422966451,1.7411372422966451
2026-03-01,2026,3,3,台北市,台北漢來大飯店,63.09,61.34280135605021,-1.747198643949794,1.747198643949794
2026-03-01,2026,3,3,台北市,台北美福大飯店,70.9,70.61716526685841,-0.28283473314159835,0.28283473314159835
2026-03-01,2026,3,3,台北市,台北艾麗酒店,86.79,85.87479645106075,-0.9152035489392603,0.9152035489392603
2026-03-01,2026,3,3,台東縣,台東桂田喜來登酒店,52.15,49.132139187828294,-3.0178608121717048,3.0178608121717048
2026-03-01,2026,3,3,台南市,遠百企業觀光旅館,11.29,13.547797618643648,2.2577976186436484,2.2577976186436484
2026-03-01,2026,3,3,台南市,趣淘漫旅,83.18,59.62572324423056,-23.55427675576945,23.55427675576945
2026-03-01,2026,3,3,台南市,台糖長榮酒店(台南),69.53,64.97065956321248,-4.559340436787522,4.559340436787522
2026-03-01,2026,3,3,台南市,台南遠東香格里拉,76.24,77.79573999530324,1.5557399953032416,1.5557399953032416
2026-03-01,2026,3,3,台南市,台南大飯店,73.64,68.94885187555069,-4.691148124449313,4.691148124449313
2026-03-01,2026,3,3,台南市,台南大員皇冠假日酒店,53.81,67.55695654072811,13.746956540728107,13.746956540728107
2026-03-01,2026,3,3,台北市,雀客藏居台北陽明山,60.31999999999999,64.58310743105385,4.263107431053854,4.263107431053854
2026-03-01,2026,3,3,台北市,雀客旅館台北南京,92.97,89.24077885605311,-3.729221143946887,3.729221143946887
2026-03-01,2026,3,3,台北市,豪景大酒店,70.52,70.17273178996885,-0.34726821003114594,0.34726821003114594
2026-03-01,2026,3,3,台北市,老爺大酒店,92.83,90.91336081652882,-1.916639183471176,1.916639183471176
2026-03-01,2026,3,3,台北市,義華酒店,74.47,67.82188845121371,-6.648111548786289,6.648111548786289
2026-03-01,2026,3,3,台東縣,樂樂日暉溫泉酒店,14.05,29.767268909736043,15.717268909736042,15.717268909736042
2026-03-01,2026,3,3,台北市,美麗信花園酒店,97.09,94.13882829719805,-2.9511717028019575,2.9511717028019575
2026-03-01,2026,3,3,台北市,福華大飯店,44.23,76.4414874608588,32.2114874608588,32.2114874608588
2026-03-01,2026,3,3,台北市,福容大飯店  台北一館,72.69,70.00827475085669,-2.6817252491433123,2.6817252491433123
2026-03-01,2026,3,3,台北市,漢普頓酒店,89.0,88.38753182871267,-0.6124681712873326,0.6124681712873326
2026-03-01,2026,3,3,台北市,歐華酒店,55.3,51.84128938962702,-3.4587106103729752,3.4587106103729752
2026-03-01,2026,3,3,台北市,晶華酒店,85.56,86.72984754503179,1.1698475450317858,1.1698475450317858
2026-03-01,2026,3,3,台北市,日勝生加賀屋國際溫泉飯店,34.87,39.51828887022684,4.648288870226843,4.648288870226843
2026-03-01,2026,3,3,台北市,天成大飯店,94.43,93.02964011171875,-1.4003598882812582,1.4003598882812582
2026-03-01,2026,3,3,台北市,圓山大飯店,75.07,81.99013575354981,6.920135753549815,6.920135753549815
2026-03-01,2026,3,3,台北市,國聯大飯店,42.96,57.35521743710678,14.39521743710678,14.39521743710678
2026-03-01,2026,3,3,台北市,國王大飯店,82.77,71.99421040640286,-10.775789593597139,10.775789593597139
2026-03-01,2026,3,3,台北市,台北遠東香格里拉,82.23,79.35754990472732,-2.872450095272683,2.872450095272683
2026-03-01,2026,3,3,台北市,台北萬豪酒店,96.49,89.06736050012486,-7.422639499875132,7.422639499875132
2026-03-01,2026,3,3,台北市,第一大飯店,56.82000000000001,56.01749666137355,-0.8025033386264582,0.8025033386264582
2026-03-01,2026,3,3,高雄市,麗尊大酒店,59.59,72.7162396527788,13.126239652778793,13.126239652778793
2026-04-01,2026,4,4,屏東縣,墾丁福華渡假飯店,54.95,41.00755340478825,-13.942446595211756,13.942446595211756
2026-04-01,2026,4,4,新北市,八里福朋喜來登酒店,28.78,49.60756633843324,20.827566338433236,20.827566338433236
2026-04-01,2026,4,4,新北市,大板根渡假酒店,77.05,71.92846460973607,-5.121535390263929,5.121535390263929
2026-04-01,2026,4,4,新北市,板橋凱撒大飯店,93.88,89.1379174864852,-4.742082513514802,4.742082513514802
2026-04-01,2026,4,4,新北市,瓏山林台北中和飯店,57.54,63.55947527335618,6.0194752733561785,6.0194752733561785
2026-04-01,2026,4,4,新北市,福容大飯店    淡水漁人碼頭,62.81,56.19554361143893,-6.614456388561074,6.614456388561074
2026-04-01,2026,4,4,新北市,福容大飯店 福隆,37.13,44.126823392337926,6.996823392337923,6.996823392337923
2026-04-01,2026,4,4,新北市,美麗春天大飯店,1.67,3.6528573057192304,1.9828573057192305,1.9828573057192305
2026-04-01,2026,4,4,新竹市,新竹國賓大飯店,70.45,69.72029548349701,-0.7297045165029914,0.7297045165029914
2026-04-01,2026,4,4,屏東縣,墾丁怡灣渡假酒店,47.83,45.39575257033727,-2.434247429662726,2.434247429662726
2026-04-01,2026,4,4,新北市,碧特弗大飯店,13.269999999999998,17.570604923783034,4.300604923783036,4.300604923783036
2026-04-01,2026,4,4,屏東縣,凱撒大飯店,80.01,62.10780483951944,-17.902195160480566,17.902195160480566
2026-04-01,2026,4,4,嘉義市,鈺通大飯店,45.22,41.4325705264268,-3.787429473573198,3.787429473573198
2026-04-01,2026,4,4,宜蘭縣,蘭城晶英酒店,49.22,65.98118781607043,16.761187816070432,16.761187816070432
2026-04-01,2026,4,4,宜蘭縣,綠舞國際觀光飯店,32.83,52.30333592857704,19.473335928577043,19.473335928577043
2026-04-01,2026,4,4,宜蘭縣,礁溪麒麟酒店,71.76,73.78392661087027,2.0239266108702623,2.0239266108702623
2026-04-01,2026,4,4,宜蘭縣,礁溪老爺酒店,73.28,77.56177903541433,4.281779035414331,4.281779035414331
2026-04-01,2026,4,4,宜蘭縣,悅川酒店,66.63,69.78812494178479,3.1581249417847914,3.1581249417847914
2026-04-01,2026,4,4,宜蘭縣,幼獅大飯店,13.77,15.148637021151917,1.378637021151917,1.378637021151917
2026-04-01,2026,4,4,宜蘭縣,山泉大飯店,67.37,66.30969522237484,-1.0603047776251628,1.0603047776251628
2026-04-01,2026,4,4,宜蘭縣,凱渡廣場酒店,33.12,32.480496909600106,-0.6395030903998915,0.6395030903998915
2026-04-01,2026,4,4,基隆市,長榮桂冠酒店(基隆),83.52,85.06599479810485,1.5459947981048572,1.5459947981048572
2026-04-01,2026,4,4,嘉義縣,阿里山賓館(現代館),48.71,57.27999159430031,8.569991594300312,8.569991594300312
2026-04-01,2026,4,4,嘉義縣,阿里山賓館(歷史館),54.86,36.19296324909821,-18.667036750901786,18.667036750901786
2026-04-01,2026,4,4,嘉義縣,名都觀光渡假大飯店,21.51,25.498227728685286,3.9882277286852847,3.9882277286852847
2026-04-01,2026,4,4,宜蘭縣,長榮鳳凰酒店(礁溪),67.37,61.20978857639067,-6.160211423609333,6.160211423609333
2026-04-01,2026,4,4,新竹市,新竹老爺大酒店,75.14,73.3648224863886,-1.7751775136113963,1.7751775136113963
2026-04-01,2026,4,4,高雄市,高雄福華大飯店,85.17,85.51378437884365,0.343784378843651,0.343784378843651
2026-04-01,2026,4,4,新竹縣,豐邑喜來登大飯店,56.75,53.50486995114761,-3.2451300488523884,3.2451300488523884
2026-04-01,2026,4,4,嘉義市,耐斯王子大飯店,69.18,53.65763882928746,-15.52236117071255,15.52236117071255
2026-04-01,2026,4,4,高雄市,高雄圓山大飯店,66.67,71.53751589535146,4.86751589535146,4.86751589535146
2026-04-01,2026,4,4,高雄市,義大皇家酒店,48.49,50.56817855028758,2.078178550287575,2.078178550287575
2026-04-01,2026,4,4,高雄市,福容大飯店 高雄,55.93,64.96455452844732,9.034554528447323,9.034554528447323
2026-04-01,2026,4,4,高雄市,然一酒店,51.61,53.85220983920956,2.2422098392095577,2.2422098392095577
2026-04-01,2026,4,4,高雄市,漢來大飯店,70.91,77.21239730917485,6.30239730917485,6.30239730917485
2026-04-01,2026,4,4,高雄市,寒軒國際大飯店,74.37,76.72024365278256,2.3502436527825523,2.3502436527825523
2026-04-01,2026,4,4,金門縣,陸島酒店,53.26,45.54459667117327,-7.715403328826731,7.715403328826731
2026-04-01,2026,4,4,苗栗縣,馥藝金鬱金香酒店,62.6,54.67327680336283,-7.92672319663717,7.92672319663717
2026-04-01,2026,4,4,花蓮縣,遠雄悅來大飯店,42.08,37.45735613594586,-4.62264386405414,4.62264386405414
2026-04-01,2026,4,4,花蓮縣,美侖大飯店,52.6,38.2329514837797,-14.3670485162203,14.3670485162203
2026-04-01,2026,4,4,新竹縣,新竹喜來登大飯店,84.69,76.6094354684935,-8.080564531506496,8.080564531506496
2026-04-01,2026,4,4,花蓮縣,瑞穗天合國際觀光酒店,58.3,44.91557748911119,-13.384422510888804,13.384422510888804
2026-04-01,2026,4,4,澎湖縣,澎湖福朋喜來登酒店,64.7,51.449880749996495,-13.250119250003507,13.250119250003507
2026-04-01,2026,4,4,澎湖縣,寶華大飯店,13.47,19.84290624314872,6.372906243148721,6.372906243148721
2026-04-01,2026,4,4,桃園市,福容徠旅 林口,89.73,84.1912480053078,-5.5387519946922055,5.5387519946922055
2026-04-01,2026,4,4,桃園市,福容大飯店   桃園,71.25,72.33398999198339,1.0839899919833869,1.0839899919833869
2026-04-01,2026,4,4,桃園市,桃園國際機場凱悅酒店,67.43,67.49226209464518,0.06226209464517751,0.06226209464517751
2026-04-01,2026,4,4,桃園市,桃園喜來登酒店,49.74,55.33332237040471,5.593322370404707,5.593322370404707
2026-04-01,2026,4,4,桃園市,尊爵天際大飯店,78.61,82.89407421111862,4.284074211118622,4.284074211118622
2026-04-01,2026,4,4,桃園市,尊爵大飯店,66.25,70.54541993189038,4.295419931890379,4.295419931890379
2026-04-01,2026,4,4,桃園市,和逸飯店桃園青埔館,73.7,77.7737292069356,4.073729206935596,4.073729206935596
2026-04-01,2026,4,4,桃園市,名人堂花園大飯店,33.54,43.86239505802333,10.322395058023332,10.322395058023332
2026-04-01,2026,4,4,桃園市,古華花園飯店,89.03,89.85396934494565,0.8239693449456524,0.8239693449456524
2026-04-01,2026,4,4,桃園市,南方莊園渡假飯店,36.97,43.40752177009821,6.437521770098208,6.437521770098208
2026-04-01,2026,4,4,花蓮縣,太魯閣晶英酒店,42.67,27.64394230307379,-15.026057696926213,15.026057696926213
2026-04-01,2026,4,4,台東縣,知本老爺大酒店,0.0,68.41396639328599,68.41396639328599,68.41396639328599
2026-04-01,2026,4,4,台北市,台北花園大酒店,88.11,88.99387890581987,0.8838789058198699,0.8838789058198699
2026-04-01,2026,4,4,台東縣,娜路彎大酒店,52.92,51.00466477895949,-1.9153352210405146,1.9153352210405146
2026-04-01,2026,4,4,台北市,台北寒舍喜來登大飯店,74.45,78.76105036760278,4.311050367602775,4.311050367602775
2026-04-01,2026,4,4,台北市,台北君悅酒店,83.33,80.92354686792848,-2.406453132071519,2.406453132071519
2026-04-01,2026,4,4,台北市,台北君品大酒店,82.35,79.25366898471663,-3.0963310152833685,3.0963310152833685
2026-04-01,2026,4,4,台北市,台北凱撒大飯店,94.25,88.82662705354832,-5.4233729464516784,5.4233729464516784
2026-04-01,2026,4,4,台北市,台北中山雅樂軒酒店,87.5,85.02183641043013,-2.478163589569874,2.478163589569874
2026-04-01,2026,4,4,台北市,台北W飯店,86.48,79.33046671680178,-7.149533283198224,7.149533283198224
2026-04-01,2026,4,4,台北市,北投麗禧溫泉酒店,57.02,64.0692732013125,7.049273201312495,7.049273201312495
2026-04-01,2026,4,4,台北市,北投老爺酒店,76.4,78.20657880637968,1.806578806379676,1.806578806379676
2026-04-01,2026,4,4,台北市,兄弟大飯店,62.74999999999999,69.50918675952133,6.759186759521334,6.759186759521334
2026-04-01,2026,4,4,台北市,亞都麗緻大飯店,68.26,67.86702633236038,-0.39297366763962316,0.39297366763962316
2026-04-01,2026,4,4,台北市,三德大飯店,62.18,55.277197695320595,-6.902802304679405,6.902802304679405
2026-04-01,2026,4,4,台北市,JR東日本大飯店台北,83.77,85.57251112569249,1.8025111256924902,1.8025111256924902
2026-04-01,2026,4,4,台中市,龍谷大飯店,23.26,24.338095749625108,1.0780957496251062,1.0780957496251062
2026-04-01,2026,4,4,台中市,長榮桂冠酒店(台中),77.83,56.0856637272002,-21.7443362727998,21.7443362727998
2026-04-01,2026,4,4,台中市,通豪大飯店,37.92,52.07880147240573,14.158801472405727,14.158801472405727
2026-04-01,2026,4,4,台中市,裕元花園酒店,76.96,83.61149133317883,6.651491333178839,6.651491333178839
2026-04-01,2026,4,4,台中市,台中金典酒店,74.79,71.85865857848734,-2.93134142151267,2.93134142151267
2026-04-01,2026,4,4,台中市,台中福華大飯店,87.96,88.59396386910701,0.6339638691070206,0.6339638691070206
2026-04-01,2026,4,4,台中市,台中港酒店,84.73,78.63309799031016,-6.096902009689842,6.096902009689842
2026-04-01,2026,4,4,台中市,全國大飯店,51.57000000000001,54.86578601752547,3.295786017525465,3.295786017525465
2026-04-01,2026,4,4,南投縣,雲品溫泉酒店日月潭,66.34,70.82930220277258,4.489302202772578,4.489302202772578
2026-04-01,2026,4,4,南投縣,漢來日月行館,60.42999999999999,61.55742486989949,1.1274248698994995,1.1274248698994995
2026-04-01,2026,4,4,南投縣,涵碧樓大飯店,75.35,76.70318782316313,1.3531878231631396,1.3531878231631396
2026-04-01,2026,4,4,南投縣,日月潭力麗溫德姆溫泉酒店,42.59,52.46425354926678,9.874253549266776,9.874253549266776
2026-04-01,2026,4,4,高雄市,高雄萬豪酒店,52.24,68.30772166845433,16.067721668454332,16.067721668454332
2026-04-01,2026,4,4,台北市,台北寒舍艾美酒店,88.52,86.9323340107527,-1.5876659892472986,1.5876659892472986
2026-04-01,2026,4,4,台北市,台北漢來大飯店,62.93,60.6808542278933,-2.2491457721067007,2.2491457721067007
2026-04-01,2026,4,4,台北市,台北美福大飯店,66.19,70.251145830921,4.0611458309210064,4.0611458309210064
2026-04-01,2026,4,4,台北市,台北艾麗酒店,82.34,81.71702411441355,-0.622975885586456,0.622975885586456
2026-04-01,2026,4,4,台東縣,台東桂田喜來登酒店,58.43000000000001,51.58444590620283,-6.845554093797176,6.845554093797176
2026-04-01,2026,4,4,台南市,遠百企業觀光旅館,15.560000000000002,15.647967670960059,0.08796767096005631,0.08796767096005631
2026-04-01,2026,4,4,台南市,趣淘漫旅,67.46,54.40006487066629,-13.059935129333702,13.059935129333702
2026-04-01,2026,4,4,台南市,台糖長榮酒店(台南),71.08,64.95029001236912,-6.129709987630875,6.129709987630875
2026-04-01,2026,4,4,台南市,台南遠東香格里拉,78.31,77.37306194551526,-0.9369380544847417,0.9369380544847417
2026-04-01,2026,4,4,台南市,台南大飯店,73.33,68.53648725195858,-4.793512748041422,4.793512748041422
2026-04-01,2026,4,4,台南市,台南大員皇冠假日酒店,63.84000000000001,65.88174004090699,2.04174004090698,2.04174004090698
2026-04-01,2026,4,4,台北市,雀客藏居台北陽明山,52.33,65.24709782294242,12.917097822942424,12.917097822942424
2026-04-01,2026,4,4,台北市,雀客旅館台北南京,87.8,84.34113946035359,-3.458860539646409,3.458860539646409
2026-04-01,2026,4,4,台北市,豪景大酒店,59.03,68.11071251120414,9.08071251120414,9.08071251120414
2026-04-01,2026,4,4,台北市,老爺大酒店,90.31,88.14660435287679,-2.1633956471232096,2.1633956471232096
2026-04-01,2026,4,4,台北市,義華酒店,65.28,64.55599608337735,-0.7240039166226495,0.7240039166226495
2026-04-01,2026,4,4,台東縣,樂樂日暉溫泉酒店,31.46,32.60628182213672,1.1462818221367215,1.1462818221367215
2026-04-01,2026,4,4,台北市,美麗信花園酒店,99.0,92.98320599591284,-6.01679400408716,6.01679400408716
2026-04-01,2026,4,4,台北市,福華大飯店,27.48,75.90317592194721,48.423175921947205,48.423175921947205
2026-04-01,2026,4,4,台北市,福容大飯店  台北一館,75.69,67.7346978531601,-7.955302146839898,7.955302146839898
2026-04-01,2026,4,4,台北市,漢普頓酒店,79.11,81.86936873646758,2.7593687364675787,2.7593687364675787
2026-04-01,2026,4,4,台北市,歐華酒店,47.05,50.42124626663653,3.3712462666365326,3.3712462666365326
2026-04-01,2026,4,4,台北市,晶華酒店,84.34,83.54173066757096,-0.7982693324290437,0.7982693324290437
2026-04-01,2026,4,4,台北市,日勝生加賀屋國際溫泉飯店,32.17,39.654288357652334,7.484288357652332,7.484288357652332
2026-04-01,2026,4,4,台北市,天成大飯店,98.7,90.37346751122031,-8.32653248877969,8.32653248877969
2026-04-01,2026,4,4,台北市,圓山大飯店,68.89,78.22680441325956,9.336804413259557,9.336804413259557
2026-04-01,2026,4,4,台北市,國聯大飯店,44.79,54.25608033308971,9.466080333089714,9.466080333089714
2026-04-01,2026,4,4,台北市,國王大飯店,60.07,70.13146052558874,10.061460525588735,10.061460525588735
2026-04-01,2026,4,4,台北市,台北遠東香格里拉,77.68,76.84684050149768,-0.8331594985023258,0.8331594985023258
2026-04-01,2026,4,4,台北市,台北萬豪酒店,94.48,87.37170053748858,-7.108299462511425,7.108299462511425
2026-04-01,2026,4,4,台北市,第一大飯店,46.7,49.516488336218785,2.8164883362187823,2.8164883362187823
2026-04-01,2026,4,4,高雄市,麗尊大酒店,63.13999999999999,71.4919839986676,8.351983998667613,8.351983998667613
2026-05-01,2026,5,5,屏東縣,墾丁福華渡假飯店,53.77000000000001,41.070681828083224,-12.699318171916786,12.699318171916786
2026-05-01,2026,5,5,新北市,八里福朋喜來登酒店,28.08,46.629784687903985,18.549784687903987,18.549784687903987
2026-05-01,2026,5,5,新北市,大板根渡假酒店,74.77,69.11294051247229,-5.657059487527704,5.657059487527704
2026-05-01,2026,5,5,新北市,板橋凱撒大飯店,96.33,86.569462451118,-9.760537548881999,9.760537548881999
2026-05-01,2026,5,5,新北市,瓏山林台北中和飯店,54.63,64.86298733690502,10.232987336905019,10.232987336905019
2026-05-01,2026,5,5,新北市,福容大飯店    淡水漁人碼頭,55.73,53.70473323479821,-2.025266765201785,2.025266765201785
2026-05-01,2026,5,5,新北市,福容大飯店 福隆,41.49,44.88443145643454,3.394431456434539,3.394431456434539
2026-05-01,2026,5,5,新北市,美麗春天大飯店,2.09,4.068569057871638,1.9785690578716384,1.9785690578716384
2026-05-01,2026,5,5,新竹市,新竹國賓大飯店,67.57,67.58620498022383,0.016204980223832877,0.016204980223832877
2026-05-01,2026,5,5,屏東縣,墾丁怡灣渡假酒店,47.31,47.424906606793485,0.11490660679348252,0.11490660679348252
2026-05-01,2026,5,5,新北市,碧特弗大飯店,18.12,15.289760631978446,-2.830239368021555,2.830239368021555
2026-05-01,2026,5,5,屏東縣,凱撒大飯店,80.13,61.375734552687845,-18.75426544731215,18.75426544731215
2026-05-01,2026,5,5,嘉義市,鈺通大飯店,43.47,39.439127397827086,-4.030872602172913,4.030872602172913
2026-05-01,2026,5,5,宜蘭縣,蘭城晶英酒店,53.75,66.05986871891923,12.309868718919233,12.309868718919233
2026-05-01,2026,5,5,宜蘭縣,綠舞國際觀光飯店,40.66,49.735076219018126,9.075076219018129,9.075076219018129
2026-05-01,2026,5,5,宜蘭縣,礁溪麒麟酒店,67.65,71.0100475536022,3.3600475536022003,3.3600475536022003
2026-05-01,2026,5,5,宜蘭縣,礁溪老爺酒店,71.87,74.54155221109929,2.671552211099282,2.671552211099282
2026-05-01,2026,5,5,宜蘭縣,悅川酒店,73.94,67.5412891371571,-6.398710862842904,6.398710862842904
2026-05-01,2026,5,5,宜蘭縣,幼獅大飯店,10.96,13.240231258821357,2.280231258821356,2.280231258821356
2026-05-01,2026,5,5,宜蘭縣,山泉大飯店,49.09,65.12815870417705,16.03815870417705,16.03815870417705
2026-05-01,2026,5,5,宜蘭縣,凱渡廣場酒店,42.73,31.76094796036691,-10.969052039633088,10.969052039633088
2026-05-01,2026,5,5,基隆市,長榮桂冠酒店(基隆),85.76,82.69092042133241,-3.0690795786675977,3.0690795786675977
2026-05-01,2026,5,5,嘉義縣,阿里山賓館(現代館),42.23,52.81767062318424,10.587670623184245,10.587670623184245
2026-05-01,2026,5,5,嘉義縣,阿里山賓館(歷史館),43.13,32.070218121426215,-11.059781878573787,11.059781878573787
2026-05-01,2026,5,5,嘉義縣,名都觀光渡假大飯店,19.95,23.670016902761937,3.7200169027619374,3.7200169027619374
2026-05-01,2026,5,5,宜蘭縣,長榮鳳凰酒店(礁溪),57.79,60.63673794672008,2.846737946720083,2.846737946720083
2026-05-01,2026,5,5,新竹市,新竹老爺大酒店,74.78,71.31817483865257,-3.4618251613474342,3.4618251613474342
2026-05-01,2026,5,5,高雄市,高雄福華大飯店,77.86,84.04463266936942,6.184632669369421,6.184632669369421
2026-05-01,2026,5,5,新竹縣,豐邑喜來登大飯店,58.48,51.80200269038296,-6.677997309617034,6.677997309617034
2026-05-01,2026,5,5,嘉義市,耐斯王子大飯店,64.23,49.84886924840036,-14.381130751599642,14.381130751599642
2026-05-01,2026,5,5,高雄市,高雄圓山大飯店,47.07,68.26523899078167,21.195238990781668,21.195238990781668
2026-05-01,2026,5,5,高雄市,義大皇家酒店,41.59,46.96986797361458,5.37986797361458,5.37986797361458
2026-05-01,2026,5,5,高雄市,福容大飯店 高雄,59.43000000000001,65.13253148689503,5.702531486895026,5.702531486895026
2026-05-01,2026,5,5,高雄市,然一酒店,59.62,48.68312162823286,-10.936878371767136,10.936878371767136
2026-05-01,2026,5,5,高雄市,漢來大飯店,59.32999999999999,74.85493698422613,15.524936984226137,15.524936984226137
2026-05-01,2026,5,5,高雄市,寒軒國際大飯店,86.69,73.65938241569927,-13.030617584300728,13.030617584300728
2026-05-01,2026,5,5,金門縣,陸島酒店,72.75,44.95881076093728,-27.791189239062717,27.791189239062717
2026-05-01,2026,5,5,苗栗縣,馥藝金鬱金香酒店,66.51,53.598849165202815,-12.91115083479719,12.91115083479719
2026-05-01,2026,5,5,花蓮縣,遠雄悅來大飯店,46.44,38.41849568162256,-8.021504318377438,8.021504318377438
2026-05-01,2026,5,5,花蓮縣,美侖大飯店,57.95,36.53858617674493,-21.411413823255074,21.411413823255074
2026-05-01,2026,5,5,新竹縣,新竹喜來登大飯店,87.28,75.01194507048415,-12.268054929515856,12.268054929515856
2026-05-01,2026,5,5,花蓮縣,瑞穗天合國際觀光酒店,55.33,43.282285615482024,-12.047714384517974,12.047714384517974
2026-05-01,2026,5,5,澎湖縣,澎湖福朋喜來登酒店,70.18,54.38654783927223,-15.793452160727774,15.793452160727774
2026-05-01,2026,5,5,澎湖縣,寶華大飯店,32.04,23.944138580552277,-8.095861419447722,8.095861419447722
2026-05-01,2026,5,5,桃園市,福容徠旅 林口,84.61,83.97641008766904,-0.6335899123309616,0.6335899123309616
2026-05-01,2026,5,5,桃園市,福容大飯店   桃園,66.0,70.14150241469895,4.141502414698948,4.141502414698948
2026-05-01,2026,5,5,桃園市,桃園國際機場凱悅酒店,63.35999999999999,65.15129055379572,1.7912905537957258,1.7912905537957258
2026-05-01,2026,5,5,桃園市,桃園喜來登酒店,50.91,53.02352376976696,2.1135237697669638,2.1135237697669638
2026-05-01,2026,5,5,桃園市,尊爵天際大飯店,73.85,80.76428543690888,6.914285436908884,6.914285436908884
2026-05-01,2026,5,5,桃園市,尊爵大飯店,60.150000000000006,68.64088244544239,8.49088244544238,8.49088244544238
2026-05-01,2026,5,5,桃園市,和逸飯店桃園青埔館,77.42,75.06209815101938,-2.3579018489806174,2.3579018489806174
2026-05-01,2026,5,5,桃園市,名人堂花園大飯店,39.72,42.54607417545364,2.826074175453641,2.826074175453641
2026-05-01,2026,5,5,桃園市,古華花園飯店,82.64,86.70505611768623,4.065056117686225,4.065056117686225
2026-05-01,2026,5,5,桃園市,南方莊園渡假飯店,29.469999999999995,41.6933078133688,12.223307813368802,12.223307813368802
2026-05-01,2026,5,5,花蓮縣,太魯閣晶英酒店,38.75,27.758089187792788,-10.991910812207212,10.991910812207212
2026-05-01,2026,5,5,台東縣,知本老爺大酒店,0.0,63.73405656928561,63.73405656928561,63.73405656928561
2026-05-01,2026,5,5,台北市,台北花園大酒店,88.8,86.59140786747804,-2.2085921325219573,2.2085921325219573
2026-05-01,2026,5,5,台東縣,娜路彎大酒店,52.91,47.74463371441857,-5.1653662855814275,5.1653662855814275
2026-05-01,2026,5,5,台北市,台北寒舍喜來登大飯店,71.63,77.94296777983529,6.31296777983529,6.31296777983529
2026-05-01,2026,5,5,台北市,台北君悅酒店,79.65,76.78363888837416,-2.8663611116258494,2.8663611116258494
2026-05-01,2026,5,5,台北市,台北君品大酒店,76.9,75.14220504859458,-1.7577949514054296,1.7577949514054296
2026-05-01,2026,5,5,台北市,台北凱撒大飯店,91.15,87.23472559896649,-3.915274401033514,3.915274401033514
2026-05-01,2026,5,5,台北市,台北中山雅樂軒酒店,83.32,84.53734491388919,1.2173449138891925,1.2173449138891925
2026-05-01,2026,5,5,台北市,台北W飯店,83.78,74.7054732104732,-9.0745267895268,9.0745267895268
2026-05-01,2026,5,5,台北市,北投麗禧溫泉酒店,53.52,57.34899617391244,3.8289961739124365,3.8289961739124365
2026-05-01,2026,5,5,台北市,北投老爺酒店,66.19,73.64144537005659,7.4514453700565895,7.4514453700565895
2026-05-01,2026,5,5,台北市,兄弟大飯店,56.720000000000006,67.2974867683882,10.57748676838819,10.57748676838819
2026-05-01,2026,5,5,台北市,亞都麗緻大飯店,60.83,64.47247934517941,3.64247934517941,3.64247934517941
2026-05-01,2026,5,5,台北市,三德大飯店,57.69,54.04670562573282,-3.643294374267178,3.643294374267178
2026-05-01,2026,5,5,台北市,JR東日本大飯店台北,80.35,83.49578572219328,3.1457857221932812,3.1457857221932812
2026-05-01,2026,5,5,台中市,龍谷大飯店,23.91,22.600627193905083,-1.3093728060949168,1.3093728060949168
2026-05-01,2026,5,5,台中市,長榮桂冠酒店(台中),74.96,54.44724380007665,-20.512756199923345,20.512756199923345
2026-05-01,2026,5,5,台中市,通豪大飯店,39.01,47.46444764422753,8.454447644227535,8.454447644227535
2026-05-01,2026,5,5,台中市,裕元花園酒店,78.65,82.17628913925546,3.5262891392554536,3.5262891392554536
2026-05-01,2026,5,5,台中市,台中金典酒店,78.26,70.33213485040244,-7.927865149597565,7.927865149597565
2026-05-01,2026,5,5,台中市,台中福華大飯店,87.12,85.12383268776668,-1.9961673122333252,1.9961673122333252
2026-05-01,2026,5,5,台中市,台中港酒店,73.6,78.1649829697194,4.564982969719409,4.564982969719409
2026-05-01,2026,5,5,台中市,全國大飯店,49.53,53.50566800018625,3.9756680001862463,3.9756680001862463
2026-05-01,2026,5,5,南投縣,雲品溫泉酒店日月潭,64.19,68.49854975648465,4.308549756484652,4.308549756484652
2026-05-01,2026,5,5,南投縣,漢來日月行館,72.67,57.631560829955596,-15.038439170044406,15.038439170044406
2026-05-01,2026,5,5,南投縣,涵碧樓大飯店,74.87,74.14533789405989,-0.7246621059401122,0.7246621059401122
2026-05-01,2026,5,5,南投縣,日月潭力麗溫德姆溫泉酒店,41.03,49.25464150892381,8.22464150892381,8.22464150892381
2026-05-01,2026,5,5,高雄市,高雄萬豪酒店,59.150000000000006,66.70161468711004,7.551614687110032,7.551614687110032
2026-05-01,2026,5,5,台北市,台北寒舍艾美酒店,86.79,85.53272353757878,-1.2572764624212311,1.2572764624212311
2026-05-01,2026,5,5,台北市,台北漢來大飯店,60.99,55.64579359132965,-5.3442064086703525,5.3442064086703525
2026-05-01,2026,5,5,台北市,台北美福大飯店,64.36,68.9637365495453,4.603736549545303,4.603736549545303
2026-05-01,2026,5,5,台北市,台北艾麗酒店,80.91,79.88895265235301,-1.0210473476469843,1.0210473476469843
2026-05-01,2026,5,5,台東縣,台東桂田喜來登酒店,52.96999999999999,49.758238675078125,-3.2117613249218664,3.2117613249218664
2026-05-01,2026,5,5,台南市,遠百企業觀光旅館,15.05,13.864855070840806,-1.1851449291591951,1.1851449291591951
2026-05-01,2026,5,5,台南市,趣淘漫旅,69.08,54.64594844983248,-14.434051550167517,14.434051550167517
2026-05-01,2026,5,5,台南市,台糖長榮酒店(台南),77.21,65.40544646360937,-11.804553536390628,11.804553536390628
2026-05-01,2026,5,5,台南市,台南遠東香格里拉,76.79,74.19047443595313,-2.5995255640468713,2.5995255640468713
2026-05-01,2026,5,5,台南市,台南大飯店,81.56,62.179565533265894,-19.38043446673411,19.38043446673411
2026-05-01,2026,5,5,台南市,台南大員皇冠假日酒店,63.13999999999999,63.903148584033985,0.763148584033992,0.763148584033992
2026-05-01,2026,5,5,台北市,雀客藏居台北陽明山,48.06,58.7137750179934,10.653775017993397,10.653775017993397
2026-05-01,2026,5,5,台北市,雀客旅館台北南京,86.87,86.2856987661514,-0.5843012338486062,0.5843012338486062
2026-05-01,2026,5,5,台北市,豪景大酒店,56.64,61.10229354987206,4.462293549872058,4.462293549872058
2026-05-01,2026,5,5,台北市,老爺大酒店,87.34,86.56677593930117,-0.773224060698837,0.773224060698837
2026-05-01,2026,5,5,台北市,義華酒店,64.23,61.6241918250287,-2.605808174971301,2.605808174971301
2026-05-01,2026,5,5,台東縣,樂樂日暉溫泉酒店,41.26,29.955236424130977,-11.304763575869021,11.304763575869021
2026-05-01,2026,5,5,台北市,美麗信花園酒店,97.63,91.26982702076492,-6.360172979235074,6.360172979235074
2026-05-01,2026,5,5,台北市,福華大飯店,0.59,72.67530406677926,72.08530406677926,72.08530406677926
2026-05-01,2026,5,5,台北市,福容大飯店  台北一館,73.87,65.21071204556539,-8.659287954434618,8.659287954434618
2026-05-01,2026,5,5,台北市,漢普頓酒店,75.51,79.9128134849363,4.4028134849362885,4.4028134849362885
2026-05-01,2026,5,5,台北市,歐華酒店,39.06,46.72617461738867,7.66617461738867,7.66617461738867
2026-05-01,2026,5,5,台北市,晶華酒店,85.78,79.97377968148929,-5.806220318510711,5.806220318510711
2026-05-01,2026,5,5,台北市,日勝生加賀屋國際溫泉飯店,27.940000000000005,33.5561024813883,5.616102481388296,5.616102481388296
2026-05-01,2026,5,5,台北市,天成大飯店,95.5,87.62394225792936,-7.876057742070643,7.876057742070643
2026-05-01,2026,5,5,台北市,圓山大飯店,83.5,74.72076448735473,-8.779235512645272,8.779235512645272
2026-05-01,2026,5,5,台北市,國聯大飯店,49.21,52.99744855228071,3.7874485522807078,3.7874485522807078
2026-05-01,2026,5,5,台北市,國王大飯店,65.71,69.17158523448234,3.4615852344823423,3.4615852344823423
2026-05-01,2026,5,5,台北市,台北遠東香格里拉,71.04,74.05040179587351,3.0104017958735056,3.0104017958735056
2026-05-01,2026,5,5,台北市,台北萬豪酒店,91.69,86.15864722679015,-5.531352773209846,5.531352773209846
2026-05-01,2026,5,5,台北市,第一大飯店,38.58,46.16193153185945,7.581931531859453,7.581931531859453
2026-05-01,2026,5,5,高雄市,麗尊大酒店,51.63,68.11929230631908,16.48929230631908,16.48929230631908
2026-06-01,2026,6,6,屏東縣,墾丁福華渡假飯店,53.36,43.92133417970786,-9.438665820292137,9.438665820292137
2026-06-01,2026,6,6,新北市,八里福朋喜來登酒店,32.85,43.85953272639895,11.009532726398952,11.009532726398952
2026-06-01,2026,6,6,新北市,大板根渡假酒店,72.49,68.19324218303903,-4.296757816960962,4.296757816960962
2026-06-01,2026,6,6,新北市,板橋凱撒大飯店,93.0,87.56664435629102,-5.433355643708978,5.433355643708978
2026-06-01,2026,6,6,新北市,瓏山林台北中和飯店,62.78,60.179112076016786,-2.6008879239832154,2.6008879239832154
2026-06-01,2026,6,6,新北市,福容大飯店    淡水漁人碼頭,76.45,54.092490983495864,-22.35750901650414,22.35750901650414
2026-06-01,2026,6,6,新北市,福容大飯店 福隆,55.71,48.27855375167687,-7.431446248323134,7.431446248323134
2026-06-01,2026,6,6,新北市,美麗春天大飯店,1.76,7.7209921348785615,5.960992134878562,5.960992134878562
2026-06-01,2026,6,6,新竹市,新竹國賓大飯店,77.55,67.76253468953611,-9.787465310463887,9.787465310463887
2026-06-01,2026,6,6,屏東縣,墾丁怡灣渡假酒店,51.38,47.57075176521197,-3.809248234788029,3.809248234788029
2026-06-01,2026,6,6,新北市,碧特弗大飯店,15.7,15.093665023374218,-0.6063349766257815,0.6063349766257815
2026-06-01,2026,6,6,屏東縣,凱撒大飯店,79.55,64.85833691628515,-14.691663083714843,14.691663083714843
2026-06-01,2026,6,6,嘉義市,鈺通大飯店,26.61,35.89307460259962,9.28307460259962,9.28307460259962
2026-06-01,2026,6,6,宜蘭縣,蘭城晶英酒店,58.93000000000001,68.54267468763739,9.61267468763738,9.61267468763738
2026-06-01,2026,6,6,宜蘭縣,綠舞國際觀光飯店,38.33,49.294779603909504,10.964779603909506,10.964779603909506
2026-06-01,2026,6,6,宜蘭縣,礁溪麒麟酒店,66.09,69.83161854422488,3.7416185442248775,3.7416185442248775
2026-06-01,2026,6,6,宜蘭縣,礁溪老爺酒店,71.22,72.81767985161868,1.597679851618679,1.597679851618679
2026-06-01,2026,6,6,宜蘭縣,悅川酒店,78.77,66.65357341559506,-12.116426584404934,12.116426584404934
2026-06-01,2026,6,6,宜蘭縣,幼獅大飯店,11.38,13.940944489251454,2.560944489251453,2.560944489251453
2026-06-01,2026,6,6,宜蘭縣,山泉大飯店,44.47,64.46092647015529,19.990926470155287,19.990926470155287
2026-06-01,2026,6,6,宜蘭縣,凱渡廣場酒店,52.22,35.414879260642344,-16.805120739357655,16.805120739357655
2026-06-01,2026,6,6,基隆市,長榮桂冠酒店(基隆),84.02,84.67057623721618,0.6505762372161854,0.6505762372161854
2026-06-01,2026,6,6,嘉義縣,阿里山賓館(現代館),45.77,54.884371149547846,9.114371149547843,9.114371149547843
2026-06-01,2026,6,6,嘉義縣,阿里山賓館(歷史館),45.71,34.329628273976596,-11.380371726023405,11.380371726023405
2026-06-01,2026,6,6,嘉義縣,名都觀光渡假大飯店,13.2,25.494626976744204,12.294626976744205,12.294626976744205
2026-06-01,2026,6,6,宜蘭縣,長榮鳳凰酒店(礁溪),51.4,58.33414947832304,6.934149478323043,6.934149478323043
2026-06-01,2026,6,6,新竹市,新竹老爺大酒店,79.05,73.7862622324323,-5.26373776756769,5.26373776756769
2026-06-01,2026,6,6,高雄市,高雄福華大飯店,77.4,82.70514656712862,5.305146567128617,5.305146567128617
2026-06-01,2026,6,6,新竹縣,豐邑喜來登大飯店,62.64999999999999,52.18653193964475,-10.46346806035524,10.46346806035524
2026-06-01,2026,6,6,嘉義市,耐斯王子大飯店,54.48,48.26012113434742,-6.219878865652575,6.219878865652575
2026-06-01,2026,6,6,高雄市,高雄圓山大飯店,42.54,67.05910171914569,24.519101719145688,24.519101719145688
2026-06-01,2026,6,6,高雄市,義大皇家酒店,45.84,47.505351872741436,1.6653518727414323,1.6653518727414323
2026-06-01,2026,6,6,高雄市,福容大飯店 高雄,46.35,66.27455388924459,19.924553889244585,19.924553889244585
2026-06-01,2026,6,6,高雄市,然一酒店,61.03999999999999,45.52923334349596,-15.510766656504032,15.510766656504032
2026-06-01,2026,6,6,高雄市,漢來大飯店,62.64999999999999,73.58035947336381,10.930359473363822,10.930359473363822
2026-06-01,2026,6,6,高雄市,寒軒國際大飯店,85.1,71.84402868277938,-13.255971317220613,13.255971317220613
2026-06-01,2026,6,6,金門縣,陸島酒店,77.09,44.03500089681811,-33.05499910318189,33.05499910318189
2026-06-01,2026,6,6,苗栗縣,馥藝金鬱金香酒店,60.65999999999999,54.649325055650216,-6.010674944349773,6.010674944349773
2026-06-01,2026,6,6,花蓮縣,遠雄悅來大飯店,55.02,41.899125524349614,-13.120874475650389,13.120874475650389
2026-06-01,2026,6,6,花蓮縣,美侖大飯店,60.0,38.80697503072697,-21.193024969273033,21.193024969273033
2026-06-01,2026,6,6,新竹縣,新竹喜來登大飯店,93.49,74.33890914951705,-19.151090850482944,19.151090850482944
2026-06-01,2026,6,6,花蓮縣,瑞穗天合國際觀光酒店,69.44,46.33048040251943,-23.10951959748057,23.10951959748057
2026-06-01,2026,6,6,澎湖縣,澎湖福朋喜來登酒店,72.5,57.442910293516995,-15.057089706483005,15.057089706483005
2026-06-01,2026,6,6,澎湖縣,寶華大飯店,28.559999999999995,24.919266942692527,-3.640733057307468,3.640733057307468
2026-06-01,2026,6,6,桃園市,福容徠旅 林口,85.17,83.86171643988513,-1.308283560114873,1.308283560114873
2026-06-01,2026,6,6,桃園市,福容大飯店   桃園,75.84,71.07077450697211,-4.769225493027889,4.769225493027889
2026-06-01,2026,6,6,桃園市,桃園國際機場凱悅酒店,58.4,65.03500821042776,6.635008210427763,6.635008210427763
2026-06-01,2026,6,6,桃園市,桃園喜來登酒店,41.9,51.26521893870874,9.365218938708743,9.365218938708743
2026-06-01,2026,6,6,桃園市,尊爵天際大飯店,70.83,79.15538994980385,8.32538994980385,8.32538994980385
2026-06-01,2026,6,6,桃園市,尊爵大飯店,60.89,68.4363687037637,7.546368703763704,7.546368703763704
2026-06-01,2026,6,6,桃園市,和逸飯店桃園青埔館,79.72,74.47656877847061,-5.2434312215293915,5.2434312215293915
2026-06-01,2026,6,6,桃園市,名人堂花園大飯店,39.4,44.885872816790275,5.485872816790277,5.485872816790277
2026-06-01,2026,6,6,桃園市,古華花園飯店,83.49,88.16622040555445,4.67622040555446,4.67622040555446
2026-06-01,2026,6,6,桃園市,南方莊園渡假飯店,35.89,40.39625996586297,4.5062599658629665,4.5062599658629665
2026-06-01,2026,6,6,花蓮縣,太魯閣晶英酒店,46.1,31.656777630234092,-14.443222369765909,14.443222369765909
2026-06-01,2026,6,6,台東縣,知本老爺大酒店,0.0,61.64885283018921,61.64885283018921,61.64885283018921
2026-06-01,2026,6,6,台北市,台北花園大酒店,82.41,86.06437091962154,3.6543709196215417,3.6543709196215417
2026-06-01,2026,6,6,台東縣,娜路彎大酒店,49.16,46.71575374721666,-2.444246252783337,2.444246252783337
2026-06-01,2026,6,6,台北市,台北寒舍喜來登大飯店,76.64,76.46827969666717,-0.17172030333283317,0.17172030333283317
2026-06-01,2026,6,6,台北市,台北君悅酒店,79.6,77.95219644932082,-1.6478035506791713,1.6478035506791713
2026-06-01,2026,6,6,台北市,台北君品大酒店,71.54,72.40463218222963,0.8646321822296272,0.8646321822296272
2026-06-01,2026,6,6,台北市,台北凱撒大飯店,85.86,86.95010673209102,1.0901067320910158,1.0901067320910158
2026-06-01,2026,6,6,台北市,台北中山雅樂軒酒店,79.47,85.67215638292079,6.202156382920791,6.202156382920791
2026-06-01,2026,6,6,台北市,台北W飯店,86.06,74.03847859176553,-12.021521408234477,12.021521408234477
2026-06-01,2026,6,6,台北市,北投麗禧溫泉酒店,45.76,54.657738628432966,8.897738628432968,8.897738628432968
2026-06-01,2026,6,6,台北市,北投老爺酒店,68.07,69.98521569813556,1.9152156981355688,1.9152156981355688
2026-06-01,2026,6,6,台北市,兄弟大飯店,63.07000000000001,61.44054142141074,-1.629458578589265,1.629458578589265
2026-06-01,2026,6,6,台北市,亞都麗緻大飯店,66.04,60.307609763530465,-5.732390236469541,5.732390236469541
2026-06-01,2026,6,6,台北市,三德大飯店,48.06,55.05213242262553,6.992132422625531,6.992132422625531
2026-06-01,2026,6,6,台北市,JR東日本大飯店台北,84.54,81.75189273892353,-2.788107261076476,2.788107261076476
2026-06-01,2026,6,6,台中市,龍谷大飯店,17.04,23.50042523657774,6.460425236577741,6.460425236577741
2026-06-01,2026,6,6,台中市,長榮桂冠酒店(台中),74.39,56.49318217410073,-17.89681782589927,17.89681782589927
2026-06-01,2026,6,6,台中市,通豪大飯店,46.87,44.0888321362395,-2.781167863760494,2.781167863760494
2026-06-01,2026,6,6,台中市,裕元花園酒店,79.91,84.25086512278078,4.340865122780784,4.340865122780784
2026-06-01,2026,6,6,台中市,台中金典酒店,79.76,70.25849846447142,-9.50150153552859,9.50150153552859
2026-06-01,2026,6,6,台中市,台中福華大飯店,87.96,86.57059502682911,-1.3894049731708833,1.3894049731708833
2026-06-01,2026,6,6,台中市,台中港酒店,76.13,80.35645969485026,4.226459694850263,4.226459694850263
2026-06-01,2026,6,6,台中市,全國大飯店,52.23,54.43548481476268,2.205484814762684,2.205484814762684
2026-06-01,2026,6,6,南投縣,雲品溫泉酒店日月潭,67.79,68.83800333035204,1.0480033303520315,1.0480033303520315
2026-06-01,2026,6,6,南投縣,漢來日月行館,69.28,59.70424086068244,-9.575759139317562,9.575759139317562
2026-06-01,2026,6,6,南投縣,涵碧樓大飯店,75.59,71.95069230828527,-3.639307691714734,3.639307691714734
2026-06-01,2026,6,6,南投縣,日月潭力麗溫德姆溫泉酒店,40.96,46.29239420773495,5.33239420773495,5.33239420773495
2026-06-01,2026,6,6,高雄市,高雄萬豪酒店,56.74,66.35221457355405,9.612214573554049,9.612214573554049
2026-06-01,2026,6,6,台北市,台北寒舍艾美酒店,88.79,86.27153393765187,-2.518466062348139,2.518466062348139
2026-06-01,2026,6,6,台北市,台北漢來大飯店,64.11,54.81616107140839,-9.293838928591612,9.293838928591612
2026-06-01,2026,6,6,台北市,台北美福大飯店,66.19,63.87401960034949,-2.315980399650506,2.315980399650506
2026-06-01,2026,6,6,台北市,台北艾麗酒店,82.5,80.23812985750895,-2.2618701424910483,2.2618701424910483
2026-06-01,2026,6,6,台東縣,台東桂田喜來登酒店,48.24,48.26012113434742,0.02012113434741991,0.02012113434741991
2026-06-01,2026,6,6,台南市,遠百企業觀光旅館,15.560000000000002,13.365667741725769,-2.1943322582742333,2.1943322582742333
2026-06-01,2026,6,6,台南市,趣淘漫旅,53.97,55.73487610924675,1.7648761092467495,1.7648761092467495
2026-06-01,2026,6,6,台南市,台糖長榮酒店(台南),76.97,66.69141971372322,-10.278580286276778,10.278580286276778
2026-06-01,2026,6,6,台南市,台南遠東香格里拉,70.33,73.31836586890513,2.9883658689051344,2.9883658689051344
2026-06-01,2026,6,6,台南市,台南大飯店,72.02,60.40403332460323,-11.615966675396763,11.615966675396763
2026-06-01,2026,6,6,台南市,台南大員皇冠假日酒店,65.01,65.98464781487208,0.9746478148720712,0.9746478148720712
2026-06-01,2026,6,6,台北市,雀客藏居台北陽明山,44.0,55.577068619250355,11.577068619250355,11.577068619250355
2026-06-01,2026,6,6,台北市,雀客旅館台北南京,84.05,83.29265807763862,-0.7573419223613769,0.7573419223613769
2026-06-01,2026,6,6,台北市,豪景大酒店,55.04,56.102204921717615,1.0622049217176155,1.0622049217176155
2026-06-01,2026,6,6,台北市,老爺大酒店,85.05,84.39260941107985,-0.6573905889201512,0.6573905889201512
2026-06-01,2026,6,6,台北市,義華酒店,57.79,58.18850730974837,0.3985073097483678,0.3985073097483678
2026-06-01,2026,6,6,台東縣,樂樂日暉溫泉酒店,30.760000000000005,29.67057245599784,-1.0894275440021666,1.0894275440021666
2026-06-01,2026,6,6,台北市,美麗信花園酒店,96.7,91.92421358853137,-4.77578641146863,4.77578641146863
2026-06-01,2026,6,6,台北市,福華大飯店,0.57,71.92271372133395,71.35271372133396,71.35271372133396
2026-06-01,2026,6,6,台北市,福容大飯店  台北一館,74.06,61.07031105114129,-12.989688948858714,12.989688948858714
2026-06-01,2026,6,6,台北市,漢普頓酒店,77.61,79.6477291957479,2.0377291957479002,2.0377291957479002
2026-06-01,2026,6,6,台北市,歐華酒店,45.86,43.32322012011329,-2.5367798798867085,2.5367798798867085
2026-06-01,2026,6,6,台北市,晶華酒店,83.4,80.00667334804427,-3.393326651955732,3.393326651955732
2026-06-01,2026,6,6,台北市,日勝生加賀屋國際溫泉飯店,27.45,33.770566422051616,6.320566422051616,6.320566422051616
2026-06-01,2026,6,6,台北市,天成大飯店,98.85,88.44243727475124,-10.407562725248752,10.407562725248752
2026-06-01,2026,6,6,台北市,圓山大飯店,80.22,74.78025899233941,-5.4397410076605865,5.4397410076605865
2026-06-01,2026,6,6,台北市,國聯大飯店,53.53,52.57928126119399,-0.9507187388060103,0.9507187388060103
2026-06-01,2026,6,6,台北市,國王大飯店,56.11999999999999,68.4160206287543,12.296020628754306,12.296020628754306
2026-06-01,2026,6,6,台北市,台北遠東香格里拉,68.48,73.23195535341542,4.751955353415411,4.751955353415411
2026-06-01,2026,6,6,台北市,台北萬豪酒店,88.18,86.47216454731566,-1.7078354526843498,1.7078354526843498
2026-06-01,2026,6,6,台北市,第一大飯店,29.45,43.145198369986936,13.695198369986937,13.695198369986937
2026-06-01,2026,6,6,高雄市,麗尊大酒店,50.74000000000001,63.73801306700406,12.998013067004052,12.998013067004052
